sample_id,recording,start,end,task,label,fold,world_positions,baseline_S_mae,baseline_S_score,baseline_A_mae,baseline_A_score,baseline_F_mae,baseline_F_score,baseline_der,baseline_miss,baseline_false_alarm,baseline_confusion,sra_S_mae,sra_S_score,sra_A_mae,sra_A_score,sra_F_mae,sra_F_score,sra_der,sra_miss,sra_false_alarm,sra_confusion,probe_gain,der_gain,improved_probe_seeds,minimum_seed_probe_gain
mvad_One1__006.000,mvad_One1,6.0,8.0,Azimuth,-12.528844986462396,4,0,20.028844986462396,-0.12884146815774544,11.657051671179202,0.34299939253717104,14.47328943090684,0.18427401573581337,3.65,3.65,0.0,0.0,17.25106720868462,0.02771627378903374,11.101496115623647,0.37431094092652684,8.917733875351287,0.49738949962937207,0.65,0.65,0.0,0.0,5.555555555555554,3.0,1,-8.333333333333334
mvad_One1__006.500,mvad_One1,6.5,8.5,Azimuth,-12.546652362597513,4,0,27.268874584819738,-0.5368952349545479,10.015550787532504,0.4355156743662242,9.42889365691194,0.46858013200631987,0.0,0.0,0.0,0.0,10.046652362597515,0.4337627651154844,5.015550787532505,0.7173196098704271,14.491096807041963,0.18327037800063706,0.0,0.0,0.0,0.0,-5.062203150130022,0.0,0,-15.093304725195033
mvad_One1__020.500,mvad_One1,20.5,22.5,Azimuth,-12.53317575107646,4,0,5.588731306632017,0.6850147046631103,6.6556080829745135,0.6248846898088397,7.255397973298682,0.5910800594950427,9.402298,9.402298384645007,0.0,0.0,19.477620195520906,-0.09777400507078693,19.433385860752292,-0.09528092314634562,24.47762019552091,-0.37957794057498995,9.402298,9.402298384645007,0.0,0.0,-17.22222222222223,0.0,0,-33.333333333333336
mvad_One1__021.000,mvad_One1,21.0,23.0,Azimuth,-12.492348809704298,4,0,12.770126587482077,0.2802656141521387,17.775227381012545,-0.0018258060902802686,13.88123769859319,0.21764251737342688,0.0,0.0,0.0,0.0,19.436793254148743,-0.09547296652013193,7.214571031926521,0.5933810980456975,11.664116269901434,0.34260122619263444,0.0,0.0,0.0,0.0,2.2171214286917547,0.0,3,1.6513642860752658
mvad_One1__021.500,mvad_One1,21.5,23.5,Azimuth,-12.4701032966547,4,0,19.970103296654703,-0.12553074028455047,28.858992185543595,-0.6265155145142449,12.74788107443248,0.28151938877707605,0.0,0.0,0.0,0.0,19.414547741099145,-0.09421919189519445,11.63676996332137,0.34414248555578775,4.990034432218235,0.7187577317398841,0.0,0.0,0.0,0.0,7.757846642214244,0.0,2,0.0
mvad_One1__022.000,mvad_One1,22.0,24.0,Azimuth,-12.4370170256319,4,0,4.937017025631901,0.7217458345051352,9.979005675210635,0.43757538566137344,14.937017025631901,0.15813796349672926,0.0,0.0,0.0,0.0,12.159239247854124,0.31469570544350867,8.270350358965233,0.5338765441689999,13.270350358965233,0.25207260866479697,0.0,0.0,0.0,0.0,1.6666666666666679,0.0,1,-25.0
mvad_One1__022.500,mvad_One1,22.5,24.5,Azimuth,-12.500699107757326,4,0,19.44514355220177,-0.09594359589092716,29.44514355220177,-0.659551466899333,7.22292132997955,0.5929104686749023,0.0,0.0,0.0,0.0,20.000699107757328,-0.12725514428028295,5.556254663312882,0.68684511384297,16.11181021886844,0.09192569444520815,0.0,0.0,0.0,0.0,-8.88888888888889,0.0,1,-35.0
mvad_One1__023.000,mvad_One1,23.0,25.0,Azimuth,-12.607445458395055,4,0,19.551889902839502,-0.10195990423301193,16.702481819465017,0.05863497811747165,6.7741121250617224,0.6182057087221735,0.0,0.0,0.0,0.0,4.551889902839501,0.7434519022795969,11.702481819465019,0.34043891362167444,13.996334347283947,0.21115557966054688,0.0,0.0,0.0,0.0,-7.222222222222224,0.0,0,-16.666666666666668
mvad_One1__023.500,mvad_One1,23.5,25.5,Azimuth,-12.649477062377647,4,0,27.927254840155427,-0.5740020643569199,17.272047909681437,0.026533784966925822,6.816143729044314,0.6158367744386037,0.0,0.0,0.0,0.0,5.149477062377649,0.7097714196066713,6.061285423651895,0.6583811826801271,8.48281039571098,0.5219021292705361,0.0,0.0,0.0,0.0,-1.6666666666666652,0.0,1,-11.666666666666664
mvad_One1__024.000,mvad_One1,24.0,26.0,Azimuth,-12.666151624970594,4,0,12.388373847192817,0.3017814990727442,17.27760609721242,0.02622052114282558,6.832818291637262,0.6148969829663029,0.0,0.0,0.0,0.0,5.72170718052615,0.6775200797450148,6.055727236120912,0.6586944465042275,3.499484958303928,0.8027662733024383,0.0,0.0,0.0,0.0,3.3333333333333344,0.0,1,-1.6666666666666674
mvad_One1__024.500,mvad_One1,24.5,26.5,Azimuth,-12.672962757211575,4,0,5.728518312767132,0.6771361989708651,8.160370576121759,0.5400750912952377,16.284073868322686,0.08221677957310347,0.0,0.0,0.0,0.0,11.839629423878245,0.33270916668795036,10.497901303151698,0.4083300196474302,5.497901303151696,0.6901339551516332,0.0,0.0,0.0,0.0,10.78617256517099,0.0,2,-4.654074485576848
mvad_One1__025.000,mvad_One1,25.0,27.0,Azimuth,-12.688364307272376,4,0,12.966142085050157,0.26921802642523884,23.95167699131301,-0.3499353676154946,16.855030973939044,0.05003718769974774,0.0,0.0,0.0,0.0,20.188364307272376,-0.13783210263638757,10.49276745313143,0.40861936747543015,3.8261007864647625,0.7843579481477008,0.0,0.0,0.0,0.0,13.028930187474282,0.0,3,6.666666666666666
mvad_One1__025.500,mvad_One1,25.5,27.5,Azimuth,-12.709323568258872,4,0,13.542656901592208,0.23672519758963206,23.958663411641847,-0.3503291277642453,12.431545790481096,0.299348294368344,0.0,0.0,0.0,0.0,27.431545790481096,-0.546063512144265,12.152447699469265,0.3150784824561128,18.403107856086294,-0.037213643870686486,0.0,0.0,0.0,0.0,-5.971562065605198,0.0,1,-20.000000000000004
mvad_One1__026.000,mvad_One1,26.0,28.0,Azimuth,-12.71223389961126,4,0,5.767789455166817,0.6749228464748698,23.95963352209264,-0.35038380395282664,17.43445612183348,0.017380330298396363,0.0,0.0,0.0,0.0,4.656678344055705,0.7375459432535816,10.484810922351803,0.409067803812762,18.404077966537088,-0.037268320059268056,0.0,0.0,0.0,0.0,-0.9696218447036067,0.0,1,-16.66666666666667
mvad_One1__026.500,mvad_One1,26.5,28.5,Azimuth,-12.69669410376786,4,0,13.530027437101197,0.2374370041490076,23.95445359014484,-0.35009185891111994,7.1566575209662675,0.5966451491071907,0.0,0.0,0.0,0.0,14.510009145700396,0.1822044637079302,11.601101965410715,0.34615276199234335,17.97447188154564,-0.013055382965839302,0.0,0.0,0.0,0.0,-10.817814360579373,0.0,1,-17.060054874202397
mvad_One1__027.000,mvad_One1,27.0,29.0,Azimuth,-12.68023456808454,4,0,6.291345679195653,0.6454148055970604,16.72674485602818,0.05726749427931532,14.06912345697343,0.20705312814607824,0.0,0.0,0.0,0.0,12.958012345862322,0.2696762249247897,3.5135679014178742,0.80197254754384,5.060078189361514,0.7148100104557888,0.0,0.0,0.0,0.0,9.009045267611915,0.0,2,-6.306197530497585
mvad_One1__027.500,mvad_One1,27.5,29.5,Azimuth,-12.688365974733475,4,0,5.7439215302890325,0.6762680615074453,16.72945532491116,0.057114730119658175,18.396121991577825,-0.036819915048409424,0.0,0.0,0.0,0.0,12.410588196955699,0.30052948083517483,5.6183442138000474,0.6833456979067759,12.410588196955699,0.30052948083517483,0.0,0.0,0.0,0.0,5.9855337946221265,0.0,2,-28.333333333333336
mvad_One1__028.000,mvad_One1,28.0,30.0,Azimuth,-12.71890711448652,4,0,26.885573781153187,-0.5152920999635164,5.482586517393382,0.6909971085312525,17.996684892264298,-0.014307325733822429,0.0,0.0,0.0,0.0,4.10779600337541,0.7684813840000747,6.739635704828839,0.6201488269029181,12.441129336708743,0.2988081581597365,0.0,0.0,0.0,0.0,5.555555555555555,0.0,1,-16.666666666666668
mvad_One1__040.500,mvad_One1,40.5,42.5,Azimuth,-12.428138667053735,4,0,19.928138667053737,-0.12316558072984485,11.594805333720407,0.34650764511049326,11.642712889017913,0.3438075375858487,0.0,0.0,0.0,0.0,11.594805333720402,0.3465076451104936,16.64271288901791,0.0620036020816459,5.5316017779068005,0.6882345698687635,0.0,0.0,0.0,0.0,6.1111111111111125,0.0,2,0.0
mvad_One1__041.000,mvad_One1,41.0,43.0,Azimuth,-12.559096046849174,4,0,20.059096046849177,-0.13054644173177965,21.170207157960288,-0.19316953851049123,18.353032015616392,-0.03439133008706663,0.0,0.0,0.0,0.0,12.281318269071399,0.3078152357192029,24.464143126727503,-0.37881836236998145,21.725762713515838,-0.2244810868998468,0.0,0.0,0.0,0.0,-3.3727306978994456,0.0,2,-25.11819209369835
mvad_One1__041.500,mvad_One1,41.5,43.5,Azimuth,-12.58560251903707,4,0,13.418935852370405,0.24369821330471475,13.917423061901248,0.21560308181585486,11.695200839679025,0.34084927537327836,0.0,0.0,0.0,0.0,11.752269185703739,0.33763285847278235,7.806311950790135,0.5600301140987696,12.307824741259296,0.30632131008342645,0.0,0.0,0.0,0.0,-0.612623901580271,0.0,1,-3.333333333333334
mvad_One1__042.000,mvad_One1,42.0,44.0,Azimuth,-12.529924927770333,4,0,20.029924927770335,-0.12890233449988364,26.696591594437,-0.504640915172154,10.029924927770336,0.4347055365085222,0.0,0.0,0.0,0.0,5.029924927770334,0.7165094720127252,12.807702705548111,0.2781477945617429,7.252147149992557,0.5912632784553016,0.0,0.0,0.0,0.0,2.7777777777777795,0.0,2,0.0
mvad_One1__042.500,mvad_One1,42.5,44.5,Azimuth,-12.467655644938308,4,0,20.523211200493865,-0.15670433709662168,14.96765564493831,0.15641114679693713,19.96765564493831,-0.1253927887072659,0.0,0.0,0.0,0.0,4.967655644938309,0.720019017805343,8.300988978271642,0.5321497274692077,13.899670340576117,0.21660363916292102,0.0,0.0,0.0,0.0,6.067985304362194,0.0,1,-10.0
mvad_One1__043.000,mvad_One1,43.0,45.0,Azimuth,-12.458918748227694,4,0,19.958918748227696,-0.12490037033183699,4.430750693853676,0.7502794034468112,6.680360417257435,0.6234896287660712,0.0,0.0,0.0,0.0,4.9589187482276955,0.720511436180772,7.208528471631454,0.5937216615000318,3.3196395827425644,0.812902500225523,0.0,0.0,0.0,0.0,3.3607208345148707,0.0,2,-1.6666666666666665
mvad_One1__043.500,mvad_One1,43.5,45.5,Azimuth,-12.47017827182796,4,0,26.63684493849463,-0.501273546616599,14.97017827182796,0.15626896955987468,6.101170535053765,0.6561332264079132,0.0,0.0,0.0,0.0,4.970178271827961,0.7198768405682805,8.859067160716851,0.5006960018427893,8.303511605161296,0.5320075502321451,0.0,0.0,0.0,0.0,-2.202341070107531,0.0,0,-6.607023210322593
mvad_One1__044.000,mvad_One1,44.0,46.0,Azimuth,-12.502633948071278,4,0,5.00263394807128,0.718047613109317,13.889766871579317,0.21716180647060945,18.33421131602376,-0.03333058064423766,0.0,0.0,0.0,0.0,5.002633948071279,0.718047613109317,3.33421131602376,0.8120812258683714,22.22310020491265,-0.2525114193697289,0.0,0.0,0.0,0.0,-3.8888888888888893,0.0,1,-30.0
mvad_One1__044.500,mvad_One1,44.5,46.5,Azimuth,-12.54248048250603,4,0,12.264702704728252,0.3087517020037073,21.680826827502013,-0.22194846499503407,32.82025826028381,-0.8497755884024605,0.0,0.0,0.0,0.0,27.26470270472825,-0.5366601045089014,4.430284283609102,0.7503056906953074,22.23638238305757,-0.2532600133843901,0.0,0.0,0.0,0.0,10.583875877226237,0.0,2,0.0
mvad_One1__045.000,mvad_One1,45.0,47.0,Azimuth,-12.591104337461202,4,0,13.424437670794537,0.2433881264878448,24.53554878190565,-0.38284284129927304,28.424437670794536,-0.602023680024764,0.0,0.0,0.0,0.0,13.424437670794537,0.2433881264878448,17.191854109735157,0.03105357065250547,7.131117884761018,0.5980845831059876,0.0,0.0,0.0,0.0,21.293319786033518,0.0,3,13.51554200825574
mvad_One1__045.500,mvad_One1,45.5,47.5,Azimuth,-12.66420004513834,4,0,20.164200045138344,-0.13647018580280235,27.38642226736057,-0.543520314864429,27.94197782291612,-0.5748318632537845,0.0,0.0,0.0,0.0,5.719755600693897,0.6776300723204507,28.497533378471672,-0.6061434116431403,22.27695557060167,-0.25554675016956563,0.0,0.0,0.0,0.0,5.665022252314447,0.0,1,-10.0
mvad_One1__046.000,mvad_One1,46.0,48.0,Azimuth,-12.759126380676443,4,0,20.25912638067645,-0.14182030879032848,20.086375460225483,-0.13208393094131732,26.37023749178756,-0.4862473410732431,0.0,0.0,0.0,0.0,5.8146819362320015,0.6722799493329246,13.419708793558813,0.2436546497309534,17.308597682447704,0.024473811005462087,0.0,0.0,0.0,0.0,9.061639809339855,0.0,2,0.0
mvad_One1__046.500,mvad_One1,46.5,48.5,Azimuth,-12.805270321970308,4,0,27.52749254419253,-0.5514711467032118,20.101756773990104,-0.13295083389173645,20.860825877525865,-0.17573256603094145,0.0,0.0,0.0,0.0,4.749714766414754,0.7323023372603792,22.323978996212322,-0.2581970274491596,25.860825877525865,-0.45753650153514425,0.0,0.0,0.0,0.0,-5.0,0.0,0,-11.666666666666668
mvad_One1__047.000,mvad_One1,47.0,49.0,Azimuth,-12.78828097644405,4,0,26.954947643110717,-0.5192020654276679,7.681684118963094,0.5670542367952128,5.651649214370238,0.681468601860246,0.0,0.0,0.0,0.0,11.95494764311072,0.32620974108494083,21.207204769925795,-0.1952547530417188,19.732725420888496,-0.11215193636604148,0.0,0.0,0.0,0.0,-14.081076206518258,0.0,0,-21.666666666666668
mvad_One1__047.500,mvad_One1,47.5,49.5,Azimuth,-12.728553316083447,4,0,13.561886649416783,0.2356413938664884,23.56188664941678,-0.3279664771419173,17.853962216472258,-0.006263363389044985,0.0,0.0,0.0,0.0,19.11744220497234,-0.07747409002707051,17.14603778352774,0.033635814859624524,10.784108871639004,0.3921991358132678,0.0,0.0,0.0,0.0,7.069853344833254,0.0,1,-8.79043996550023
mvad_One1__048.000,mvad_One1,48.0,50.0,Azimuth,-12.608858686360865,4,0,20.10885868636087,-0.1333511032628738,5.036286228786955,0.7161509440804431,7.2585084510091775,0.5909047505230196,0.0,0.0,0.0,0.0,11.775525353027533,0.3363221225774645,11.775525353027533,0.3363221225774645,2.3310809085830884,0.8686184451965145,0.0,0.0,0.0,0.0,4.92742754242609,0.0,2,0.0
mvad_One1__048.500,mvad_One1,48.5,50.5,Azimuth,-12.538283180380107,4,0,20.03828318038011,-0.12937341219575815,15.03828318038011,0.15243052330844464,7.234983282348924,0.5922306475453915,0.0,0.0,0.0,0.0,18.927172069268998,-0.06675031541704635,6.123872171237814,0.6548537443241031,2.260505402602331,0.8725961362636301,0.0,0.0,0.0,0.0,4.974477879746594,0.0,2,0.0
mvad_One1__049.000,mvad_One1,49.0,51.0,Azimuth,-12.51863650702004,4,0,26.68530317368671,-0.5040046908935423,5.549343386548876,0.6872346388412611,20.01863650702004,-0.12826611022127166,0.0,0.0,0.0,0.0,19.463080951464484,-0.09695456183191564,11.104898942104432,0.3741191549477022,5.561767724562237,0.6865343933716213,0.0,0.0,0.0,0.0,14.456868782457803,0.0,3,3.333333333333334
mvad_One1__049.500,mvad_One1,49.5,51.5,Azimuth,-12.543391153777565,4,0,12.26561337599979,0.3087003758540533,6.623275512889101,0.6267069789078465,28.376724487110902,-0.5993345274372675,6.31164,6.311639602560883,0.0,0.0,4.48783559822201,0.7470620533050357,11.096647393185258,0.374584218739588,26.154502264888677,-0.4740883338798436,4.266042,4.266042213970509,0.0,0.0,2.222222222222225,2.045598,2,-8.333333333333329
mvad_One2__011.500,mvad_One2,11.5,13.5,Azimuth,-12.959247624788777,2,0,3.9851968196556675,0.7753911704924399,7.681469847010999,0.5670663133310865,18.237025402566555,-0.02785310606667535,0.0,0.0,0.0,0.0,21.57035873589989,-0.21572239640281077,12.93086031937404,0.2712065345090522,8.79258095812211,0.5044432165523748,0.0,0.0,0.0,0.0,9.444444444444445,0.0,2,0.0
mvad_One2__012.000,mvad_One2,12.0,14.0,Azimuth,-12.986548385063328,2,0,3.40234050382556,0.8082414112193209,7.708770607285551,0.5655276209935615,9.375437273952217,0.47159297582549387,0.0,0.0,0.0,0.0,18.819881718396662,-0.06070334679355627,5.717738350576664,0.6777437661248371,5.486548385063329,0.690773814550985,0.0,0.0,0.0,0.0,3.8888888888888884,0.0,2,0.0
mvad_One2__012.500,mvad_One2,12.5,14.5,Azimuth,-13.033225480132396,2,0,18.511075160044133,-0.04329876610290606,7.199892146799063,0.594208411565244,7.755447702354619,0.5628968631758879,0.0,0.0,0.0,0.0,14.422114369021287,0.18715828250361732,8.86655881346573,0.5002737663971762,6.088781035687952,0.6568315083439557,0.0,0.0,0.0,0.0,1.666666666666667,0.0,2,0.0
mvad_One2__013.000,mvad_One2,13.0,15.0,Azimuth,-13.040481408837913,2,0,24.98492585328236,-0.40817008674713495,6.651592519949024,0.6251110101016093,9.624604914057082,0.4575496915091246,0.0,0.0,0.0,0.0,5.735716025168195,0.6767305302346158,6.651592519949024,0.6251110101016093,5.5404814088379135,0.6877341068803211,0.0,0.0,0.0,0.0,4.084123505219169,0.0,3,1.666666666666667
mvad_One2__013.500,mvad_One2,13.5,15.5,Azimuth,-13.054398095144574,2,0,11.481867301618474,0.35287292149337823,23.887731428477906,-0.3463313453625019,14.073688253937078,0.20679585259625144,0.0,0.0,0.0,0.0,4.9988425395890195,0.718261299875598,15.18479936504819,0.14417275581753952,16.481867301618475,0.0710689859891751,0.0,0.0,0.0,0.0,-2.408179047681397,0.0,1,-13.33333333333334
mvad_One2__014.000,mvad_One2,14.0,16.0,Azimuth,-13.043390796413703,2,0,16.8477969321379,0.05044490398958057,5.181130265471236,0.707987420166054,9.62557470991568,0.457495033051207,0.0,0.0,0.0,0.0,14.432279685302595,0.18658535727687386,7.403352487693456,0.5827412266086306,5.543390796413704,0.6875701315065681,0.0,0.0,0.0,0.0,4.082183913501976,0.0,2,0.0
mvad_One2__014.500,mvad_One2,14.5,16.5,Azimuth,-12.990708306520292,2,0,5.947541675604348,0.6647918698478866,18.82404163985363,-0.0609378032411485,7.712930528742515,0.5652931645459693,0.0,0.0,0.0,0.0,8.496902768840098,0.5211078720288603,10.163569435506764,0.42717322686079273,9.37959719540918,0.47135851937790163,0.0,0.0,0.0,0.0,-1.666666666666666,0.0,0,-3.333333333333334
mvad_One2__015.000,mvad_One2,15.0,17.0,Azimuth,-12.98101120341055,2,0,27.14767787007722,-0.5300644927176237,11.827003734470187,0.33342076048067915,8.25878898118833,0.5345281525204764,0.0,0.0,0.0,0.0,21.592122314521664,-0.21694900882406487,6.036566758966106,0.6597743460779,9.925455647854994,0.4405935073524089,0.0,0.0,0.0,0.0,-1.6666666666666643,0.0,1,-5.0
mvad_One2__015.500,mvad_One2,15.5,17.5,Azimuth,-12.959245491383331,2,0,28.237023269161114,-0.5914608568346713,7.930859608238888,0.5530105100933921,6.014801046938888,0.6610010787395643,0.0,0.0,0.0,0.0,9.903689935827776,0.44182024001407316,6.014801046938888,0.6610010787395643,7.125912158049999,0.5983779819608525,0.0,0.0,0.0,0.0,-1.1111111111111116,0.0,1,-5.0
mvad_One2__016.000,mvad_One2,16.0,18.0,Azimuth,-12.963005553429731,2,0,11.265446295587688,0.36507057973842905,7.129672220096398,0.5981660619043694,8.24078333120751,0.5355429651256576,0.0,0.0,0.0,0.0,1.0185611089852884,0.9425930941872841,13.24078333120751,0.25373902962145467,7.129672220096398,0.5981660619043694,0.0,0.0,0.0,0.0,1.1111111111111116,0.0,2,0.0
mvad_One2__016.500,mvad_One2,16.5,18.5,Azimuth,-12.981017191848908,2,0,14.92546163629335,0.1587892343351066,24.925461636293353,-0.4048186366732993,16.59212830296002,0.06485458916703879,0.0,0.0,0.0,0.0,15.481017191848911,0.12747768594575049,12.382561286171859,0.3021090995869571,21.036572747404467,-0.18563779794780833,0.0,0.0,0.0,0.0,-4.444444444444446,0.0,0,-10.0
mvad_One2__017.000,mvad_One2,17.0,19.0,Azimuth,-12.993485414385374,2,0,28.826818747718708,-0.6247021942346942,23.826818747718715,-0.3428982587304916,23.826818747718708,-0.3428982587304912,0.0,0.0,0.0,0.0,0.4934854143853755,0.9721867736224558,12.386717360350682,0.3018748599749891,21.04904096994093,-0.18634051678371177,0.0,0.0,0.0,0.0,2.7777777777777786,0.0,1,-11.666666666666664
mvad_One2__034.000,mvad_One2,34.0,36.0,Azimuth,-13.025338867439904,2,0,29.414227756328795,-0.6578090283100833,14.06400184470219,0.2073417862449105,17.047109266408924,0.0392115039511598,0.0,0.0,0.0,0.0,18.85867220077324,-0.06288960891232143,26.08089442299546,-0.46993973797394784,19.619557400257744,-0.10577369764864808,0.0,0.0,0.0,0.0,-2.5724481338488197,0.0,1,-22.717344401546477
mvad_One2__034.500,mvad_One2,34.5,36.5,Azimuth,-13.043340772437157,2,0,24.9877852168816,-0.4083312427301957,24.432229661326048,-0.37701969434083993,13.152219742520947,0.25873054318830446,0.0,0.0,0.0,0.0,16.65445188354827,0.061341983110142495,28.321118550214933,-0.5962005330663309,21.292224701923498,-0.20004654332836913,0.0,0.0,0.0,0.0,-8.140004959402551,0.0,1,-26.086681544874317
mvad_One2__035.000,mvad_One2,35.0,37.0,Azimuth,-13.057910917551425,2,0,20.55791091755143,-0.15866004046216253,13.891244250884759,0.2170785402101083,13.147363027482859,0.2590042714705756,0.0,0.0,0.0,0.0,17.224577584218093,0.029209249873972998,21.29708141696159,-0.20032027161064048,15.36958524970508,0.13375807791315208,0.0,0.0,0.0,0.0,-2.2222222222222214,0.0,1,-24.449155168436185
mvad_One2__035.500,mvad_One2,35.5,37.5,Azimuth,-13.089022230594724,2,0,20.589022230594725,-0.16041349855302323,10.75189629908713,0.3940146617568344,15.359214812023984,0.1343425639434389,0.0,0.0,0.0,0.0,22.255688897261393,-0.25434814372109105,15.589022230594727,0.12139043695117957,6.700133341705835,0.6223752111808738,0.0,0.0,0.0,0.0,8.65908147031815,0.0,2,-2.844711127856117
mvad_One2__036.000,mvad_One2,36.0,38.0,Azimuth,-13.1159093771074,2,0,12.838131599329623,0.276432798157609,28.94924271044074,-0.6316021051337117,14.094192014591357,0.20564024450724905,0.0,0.0,0.0,0.0,29.50479826599629,-0.6629136535230673,5.205303125702467,0.7066250187369432,6.171464932662957,0.6521713788298795,0.0,0.0,0.0,0.0,7.9227270819284,0.0,2,0.0
mvad_One2__053.000,mvad_One2,53.0,55.0,Azimuth,-12.98970179969604,2,0,14.934146244140484,0.1582997630011801,22.156368466362707,-0.24875036606044643,17.385456155454236,0.020142006971445303,0.0,0.0,0.0,0.0,24.934146244140482,-0.4053081080072256,19.934146244140482,-0.12350417250302281,13.496567266565345,0.23932284569693663,0.0,0.0,0.0,0.0,3.888888888888891,0.0,2,-12.646070266058747
mvad_One2__053.500,mvad_One2,53.5,55.5,Azimuth,-13.004530902223715,2,0,11.615642013334826,0.3453332734468565,22.17119756889038,-0.24958614595090522,19.057065856296795,-0.07407123149344197,0.0,0.0,0.0,0.0,17.72675312444594,0.0009062411639417789,11.834843634074574,0.33297889756818444,5.051024653331838,0.7153202748724672,0.0,0.0,0.0,0.0,14.006041202964957,0.0,2,-3.333333333333332
mvad_One2__054.000,mvad_One2,54.0,56.0,Azimuth,-13.016993887467946,2,0,16.0725494430235,0.09413846267401849,8.161002037510684,0.540039501634334,9.82766870417735,0.4461048564662664,0.0,0.0,0.0,0.0,18.294771665245726,-0.031107730883405127,12.73921610969017,0.2820077530101536,31.62810499857906,-0.7825848922279466,0.0,0.0,0.0,0.0,-21.800436294401713,0.0,0,-26.666666666666668
mvad_One2__054.500,mvad_One2,54.5,56.5,Azimuth,-13.070923083366251,2,0,20.190307694455417,-0.1379416334676653,7.237589750032918,0.5920837449751686,7.7931453055884745,0.5607721965858128,0.0,0.0,0.0,0.0,8.904256416699587,0.49814909980710087,13.904256416699583,0.21634516430289819,5.570923083366252,0.6860183901432362,0.0,0.0,0.0,0.0,2.2222222222222223,0.0,3,1.666666666666666
mvad_One2__055.000,mvad_One2,55.0,57.0,Azimuth,-13.098700208004152,2,0,27.26536687467082,-0.5366975376496335,10.911544375109726,0.38501677053306604,6.709811319115264,0.6218297527565342,0.0,0.0,0.0,0.0,14.088455624890273,0.2059635519459193,16.709811319115264,0.05822188174812837,6.709811319115264,0.6218297527565342,0.0,0.0,0.0,0.0,0.0,0.0,1,-1.666666666666666
mvad_One2__055.500,mvad_One2,55.5,57.5,Azimuth,-13.066598277663962,2,0,16.677709388775074,0.06003117180955786,16.477800574112013,0.07129818995236403,7.788820499886185,0.5610159460392519,0.0,0.0,0.0,0.0,16.677709388775074,0.06003117180955786,12.966643870332433,0.2691897454117741,7.788820499886185,0.5610159460392519,0.0,0.0,0.0,0.0,0.0,0.0,1,-1.6666666666666679
mvad_One2__056.000,mvad_One2,56.0,58.0,Azimuth,-13.04773878524598,2,0,26.658849896357093,-0.5025137633618484,13.150753738251339,0.25881316834283274,7.7699610074682015,0.5620788818762519,0.0,0.0,0.0,0.0,8.325516563023756,0.5307673334868961,12.96035737285977,0.2695440573574409,7.7699610074682015,0.5620788818762519,0.0,0.0,0.0,0.0,0.0,0.0,1,-1.666666666666666
mvad_One2__056.500,mvad_One2,56.5,58.5,Azimuth,-12.971298167140873,2,0,17.13796483380754,0.034090812660080294,12.620678388730823,0.2886886322645622,14.6015438334914,0.17704549665699942,0.0,0.0,0.0,0.0,1.0268537226964298,0.9421257159514009,12.379321611269182,0.3022916902144227,19.045988277935848,-0.0734468904578478,0.0,0.0,0.0,0.0,-4.444444444444448,0.0,1,-20.94259633428175
mvad_One3__011.000,mvad_One3,11.0,13.0,Azimuth,-13.266061612049397,3,0,6.366464981794245,0.6411810225761376,11.366464981794245,0.3593770870719347,7.98828383427162,0.5497740355155307,0.0,0.0,0.0,0.0,12.477576092905354,0.296753990293223,16.9220205373498,0.04626160317837591,10.210506056493841,0.4245278419581072,0.0,0.0,0.0,0.0,-2.2222222222222214,0.0,1,-8.333333333333332
mvad_One3__011.500,mvad_One3,11.5,13.5,Azimuth,-13.279619894168055,3,0,9.184571146388423,0.4823503410058787,24.11295322750139,-0.3590250232277328,8.629015590832871,0.5136618893952344,0.0,0.0,0.0,0.0,26.33517544972361,-0.48427121678515617,15.815428853611577,0.10862998147310654,18.593206631389354,-0.047927760473672754,0.0,0.0,0.0,0.0,-9.964191040556482,0.0,1,-33.333333333333336
mvad_One3__017.000,mvad_One3,17.0,19.0,Azimuth,-12.582453075216598,3,0,30.082453075216595,-0.6954707332433097,16.749119741883266,0.05600642810123113,21.13859546951664,-0.19138787886822084,0.0,0.0,0.0,0.0,18.41578640854993,-0.037928217066836245,19.526897519661045,-0.10055131384554827,25.027484358405534,-0.4105687175937123,0.0,0.0,0.0,0.0,-3.888888888888893,0.0,1,-28.498239483766532
mvad_One3__017.500,mvad_One3,17.5,19.5,Azimuth,-12.768332184823828,3,0,11.200555172719051,0.36872789449916277,13.04610996260161,0.2647109739036553,13.601665518157162,0.2333994255142996,0.0,0.0,0.0,0.0,17.490554407046048,0.014218586788808607,4.712776629268274,0.7343841997439937,14.533888506052387,0.18085860416302735,0.0,0.0,0.0,0.0,-0.9322229878952246,0.0,2,-35.0
mvad_One3__018.000,mvad_One3,18.0,20.0,Azimuth,-12.997954491297186,3,0,21.277095941543507,-0.19919387448549286,27.164621157963854,-0.5310194297589905,31.609065602408297,-0.7815118168738375,0.0,0.0,0.0,0.0,18.275732269074968,-0.030034655529296517,2.7201767135194097,0.8466886993726683,17.611792947345382,0.007385487230581189,0.0,0.0,0.0,0.0,13.997272655062915,0.0,2,-6.666666666666671
mvad_One3__018.500,mvad_One3,18.5,20.5,Azimuth,-13.189992422192027,3,0,13.103335859269324,0.26148567732491157,19.674441918508453,-0.10886703229690853,32.35665908885869,-0.8236467742016433,0.0,0.0,0.0,0.0,18.103335859269325,-0.02031825817929156,33.467770199969806,-0.8862698709803554,2.5477803037137683,0.8564050967226733,0.0,0.0,0.0,0.0,29.808878785144923,0.0,3,29.713318177717387
mvad_One3__030.500,mvad_One3,30.5,32.5,Azimuth,-13.185852736631182,3,0,29.01918606996452,-0.6355441679289491,19.019186069964515,-0.07193629692054304,10.784173134432615,0.39219551391163865,16.6,16.6,0.0,0.0,10.228617578877062,0.42350706230099444,11.438049087789606,0.3553425505141261,9.57474162552007,0.460360025698507,16.6,16.6,0.0,0.0,1.2094315089125445,0.0,1,-3.333333333333332
mvad_One3__031.000,mvad_One3,31.0,33.0,Azimuth,-13.1724232881428,3,0,16.890807762714264,0.04802077972443586,6.227978843698357,0.6489862103217776,7.894645510365024,0.5550515651537099,0.0,0.0,0.0,0.0,13.001918873825376,0.26720161844992696,8.66474779284129,0.5116479943651937,5.672423288142802,0.6802977587111334,0.0,0.0,0.0,0.0,2.2222222222222214,0.0,3,1.666666666666666
mvad_One3__031.500,mvad_One3,31.5,33.5,Azimuth,-13.187237221205498,3,0,20.78463462929072,-0.1714383673102131,17.909459443427718,-0.009391230782168636,6.7983483323166105,0.6168397370049489,0.0,0.0,0.0,0.0,19.67352351817961,-0.1088152705315013,14.215365370709277,0.19881081878079265,6.242792776761054,0.6481512853943048,0.0,0.0,0.0,0.0,0.5555555555555562,0.0,2,-3.333333333333332
mvad_One3__034.500,mvad_One3,34.5,36.5,Azimuth,-13.422021820792237,3,0,2.4704371708470325,0.8607642165678875,8.025992726402587,0.5476487326743287,5.366466265236682,0.6975417373411522,0.0,0.0,0.0,0.0,10.248214948624808,0.4224025391169052,13.085118384708522,0.2625124285301479,5.3664662652366815,0.6975417373411523,0.0,0.0,0.0,0.0,8.881784197001252e-16,0.0,2,-3.333333333333334
mvad_One3__035.000,mvad_One3,35.0,37.0,Azimuth,-13.320130025056937,3,0,4.726623324981022,0.7336037890748774,23.051154452796755,-0.2991812085426715,5.820130025056938,0.6719728907585559,0.0,0.0,0.0,0.0,9.717821119463425,0.4522959528018695,14.709018913945826,0.1709881165288618,5.264574469501382,0.7032844391479118,0.0,0.0,0.0,0.0,0.5555555555555554,0.0,2,-1.666666666666666
mvad_One3__038.000,mvad_One3,38.0,40.0,Azimuth,-13.395905164733431,3,0,14.187523943800036,0.20037998351540798,13.118127386955656,0.260652015182086,25.29863505491115,-0.42585098427170975,0.0,0.0,0.0,0.0,16.409746166022256,0.07513378995798459,7.562571831400099,0.573767499075645,5.895905164733432,0.6677021442437125,0.0,0.0,0.0,0.0,19.402729890177717,0.0,2,-0.12514366280020006
mvad_One3__050.500,mvad_One3,50.5,52.5,Azimuth,-13.166611230298203,3,0,21.333314854543847,-0.20236241667214583,22.333277896964873,-0.25872112081474596,17.333277896964873,0.023082814689456943,100.0,100.0,0.0,0.0,20.222203743432736,-0.13973931989343402,24.555500119187098,-0.3839673143721698,18.444389008075984,-0.03954028208925475,44.567685,43.393458827486214,1.174226188889276,0.0,-1.1111111111111107,55.432315,1,-11.666666666666664
mvad_One3__053.500,mvad_One3,53.5,55.5,Azimuth,-13.152636317326603,3,0,19.106434327997757,-0.07685367741647386,15.097080761771048,0.14911664534162572,25.77310099466442,-0.45259225808874426,4.65,4.65,0.0,0.0,12.874858539548825,0.27436283889904933,10.097080761771048,0.4309205808458286,14.661989883553316,0.17363870969837303,0.0,0.0,0.0,0.0,11.111111111111105,4.65,2,-5.0
mvad_One3__056.000,mvad_One3,56.0,58.0,Azimuth,-13.266587882058348,3,0,4.744470705980551,0.7325978966340554,16.36664040513056,0.07756326457042118,24.144418182908343,-0.36079841288056147,0.32762,0.0,0.32761984259599725,0.0,12.988810104280569,0.2679404390193958,18.544365659836128,-0.04517504487416324,7.98881010428057,0.5497443745235987,0.32762,0.0,0.32761984259599725,0.0,16.155608078627772,0.0,3,8.466824235883301
mvad_One3__056.500,mvad_One3,56.5,58.5,Azimuth,-13.255002304493145,3,0,4.748332565168952,0.7323802392105244,13.029445212608827,0.26565021233008723,24.69611187927549,-0.3918923038463862,0.0,0.0,0.0,0.0,2.9772245267153683,0.8322012822983942,14.643891193382034,0.17465876612192077,7.977224526715368,0.5503973467941914,0.0,0.0,0.0,0.0,16.718887352560124,0.0,2,-8.17667127565296
mvad_One3__057.000,mvad_One3,57.0,59.0,Azimuth,-13.259346670136452,3,0,15.759346670136452,0.11179081747609843,18.537124447914234,-0.0447669244706812,23.03089333448993,-0.2980392759673556,1.077231,0.0,1.0772305849592028,0.0,25.759346670136456,-0.4518170535323076,22.981568892358677,-0.2952593115855282,6.870457781247564,0.6127755917057924,1.077231,0.0,1.0772305849592028,0.0,16.16043555324237,0.0,3,1.8146399930604264
mvad_One4__006.000,mvad_One4,6.0,8.0,Azimuth,-12.528844986462396,0,0,17.231837217709685,0.02880009121632321,20.56517055104302,-0.15906919911981232,24.473289430906842,-0.37933385527259267,100.0,100.0,0.0,0.0,8.898503884376355,0.4984733170566612,3.8792738934014235,0.7813610699881535,23.3429483288208,-0.3156269410665917,100.0,100.0,0.0,0.0,1.1303411020860423,0.0,2,-1.608976693741873
mvad_One4__006.500,mvad_One4,6.5,8.5,Azimuth,-12.546652362597513,0,0,16.157763473708627,0.08933573283256957,20.57110634308806,-0.15940374503153754,24.49109680704196,-0.38033749300776853,100.0,100.0,0.0,0.0,13.379985695930847,0.2458934747793492,3.873338101356385,0.7816956158998787,22.824430140375295,-0.28640284783970116,100.0,100.0,0.0,0.0,1.6666666666666643,0.0,2,-10.000000000000004
mvad_One4__020.500,mvad_One4,20.5,22.5,Azimuth,-12.53317575107646,0,0,9.455503028136599,0.46708040689983965,13.899947472581042,0.21658801978499265,24.4555030281366,-0.3783313996127693,95.940331,94.60062019903118,1.3397109791442876,0.0,0.5887313066320168,0.9668186401673132,16.100052527418956,0.0925883671897898,23.34439191702549,-0.3157083028340575,92.95081,91.61109872514645,1.3397109791442876,0.0,1.1111111111111107,2.9895209999999963,2,-1.6666666666666643
mvad_One4__021.000,mvad_One4,21.0,23.0,Azimuth,-12.492348809704298,0,0,16.659015476370968,0.061084775426647475,18.330782936568102,-0.03313735447963628,21.10856071434588,-0.1896950964264157,100.0,100.0,0.0,0.0,16.103459920815414,0.09239632381600316,4.452095634740144,0.749076385777829,27.770126587482082,-0.5651461923604704,100.0,100.0,0.0,0.0,-6.661565873136201,0.0,1,-24.9846976194086
mvad_One4__021.500,mvad_One4,21.5,23.5,Azimuth,-12.4701032966547,0,0,23.303436629988038,-0.3134000306206859,18.323367765551566,-0.0327194296046569,25.525658852210256,-0.4386462241781093,100.0,100.0,0.0,0.0,9.970103296654704,0.43807713072385535,2.8076744811230756,0.8417572563209592,16.081214407765813,0.09365009844094074,100.0,100.0,0.0,0.0,9.444444444444443,0.0,3,6.666666666666666
mvad_One4__022.000,mvad_One4,22.0,24.0,Azimuth,-12.4370170256319,0,0,24.9370170256319,-0.40546990751167655,18.31233900854397,-0.03209784017896489,19.937017025631903,-0.12366597200747376,100.0,100.0,0.0,0.0,16.048128136743014,0.09551486671801745,2.840760752145877,0.8398924880438825,16.048128136743014,0.09551486671801745,100.0,100.0,0.0,0.0,3.8888888888888893,0.0,2,-3.3333333333333304
mvad_One4__022.500,mvad_One4,22.5,24.5,Azimuth,-12.500699107757326,0,0,9.445143552201772,0.46766427511747866,20.555788591474666,-0.15854042449399142,24.44514355220177,-0.37774753139512995,100.0,100.0,0.0,0.0,15.000699107757328,0.15454879122391985,2.777544741858669,0.8434553921410444,27.77847688553511,-0.5656168217312656,100.0,100.0,0.0,0.0,-3.3333333333333393,0.0,2,-25.0
mvad_One4__023.000,mvad_One4,23.0,25.0,Azimuth,-12.607445458395055,0,0,6.702481819465018,0.6222428491258775,20.59137070835391,-0.1605458606080199,15.035815152798351,0.15256962328553925,100.0,100.0,0.0,0.0,0.6630010139506125,0.9626327410050881,4.336998986049388,0.7555633234907089,8.297518180534981,0.5323453443615138,100.0,100.0,0.0,0.0,6.73829697226337,0.0,3,0.21489091679011452
mvad_One4__023.500,mvad_One4,23.5,25.5,Azimuth,-12.649477062377647,0,0,1.2605881734887596,0.9289522583321626,23.938714576348108,-0.349204795705345,15.049825687459217,0.1517799785243492,100.0,100.0,0.0,0.0,0.7050326179332043,0.9602638067215183,4.294967382066797,0.7579322577742786,8.283507645874115,0.5331349891227037,100.0,100.0,0.0,0.0,6.766318041585102,0.0,3,0.29895412475530136
mvad_One4__024.000,mvad_One4,24.0,26.0,Azimuth,-12.666151624970594,0,0,0.7217071805261507,0.9593240152492177,32.38837384719282,-0.8254342429440675,24.49982831943464,-0.38082960791880094,100.0,100.0,0.0,0.0,0.7217071805261507,0.9593240152492177,16.055727236120916,0.09508657549582133,23.388717208323538,-0.3182065111400896,100.0,100.0,0.0,0.0,1.1111111111111036,0.0,2,-1.6666666666666643
mvad_One4__024.500,mvad_One4,24.5,26.5,Azimuth,-12.672962757211575,0,0,11.724320919070527,0.33920804477833433,32.3951849794338,-0.8258181237182174,22.395184979433797,-0.26221025270981113,100.0,100.0,0.0,0.0,0.7285183127671324,0.9589401344750681,16.053456858707253,0.0952145357538714,23.390987585737193,-0.3183344713981391,100.0,100.0,0.0,0.0,-0.9958026063033962,0.0,2,-6.666666666666671
mvad_One4__025.000,mvad_One4,25.0,27.0,Azimuth,-12.688364307272376,0,0,11.299475418383489,0.36315267159330655,32.4105865294946,-0.826686167202217,22.410586529494598,-0.26307829619381096,100.0,100.0,0.0,0.0,0.7439198628279335,0.9580720909910683,16.04832300868699,0.09550388358187112,23.39612143575746,-0.318623819226139,100.0,100.0,0.0,0.0,-0.9855349062628633,0.0,2,-6.666666666666671
mvad_One4__025.500,mvad_One4,25.5,27.5,Azimuth,-12.709323568258872,0,0,14.514218967197403,0.18196719485480484,32.4315457904811,-0.8278674476484682,24.514218967197404,-0.3816406761536011,100.0,100.0,0.0,0.0,0.7648791238144295,0.9568908105448175,16.041336588358156,0.09589764373062148,23.403107856086294,-0.3190175793748895,100.0,100.0,0.0,0.0,1.1111111111111107,0.0,2,-1.6666666666666643
mvad_One4__026.000,mvad_One4,26.0,28.0,Azimuth,-12.71223389961126,0,0,12.84852241098153,0.275847163834291,32.434456121833485,-0.8280314762142127,22.43445612183348,-0.26442360520580666,100.0,100.0,0.0,0.0,0.7677894551668167,0.9567267819790727,16.04036647790736,0.09595231991920317,8.262588700129578,0.5343139973701856,100.0,100.0,0.0,0.0,14.171867421703903,0.0,3,0.42446779922252276
mvad_One4__026.500,mvad_One4,26.5,28.5,Azimuth,-12.69669410376786,0,0,1.3078052148789716,0.9262910687148372,20.621120256811512,-0.16222256857498474,24.510009145700394,-0.3814034073004757,100.0,100.0,0.0,0.0,0.7522496593234163,0.957602617104193,16.04554640985516,0.09566037487749635,23.39889803458929,-0.31878031052176437,100.0,100.0,0.0,0.0,1.1111111111111036,0.0,2,-1.6666666666666625
mvad_One4__027.000,mvad_One4,27.0,29.0,Azimuth,-12.68023456808454,0,0,13.393411522694848,0.24513678461545052,20.615633744917073,-0.16191334444617622,24.50452263380596,-0.3810941831716672,100.0,100.0,0.0,0.0,4.504522633805958,0.7461215588451446,16.0510329217496,0.09535115074868761,23.393411522694848,-0.3184710863929554,100.0,100.0,0.0,0.0,1.1111111111111107,0.0,2,-1.6666666666666643
mvad_One4__027.500,mvad_One4,27.5,29.5,Azimuth,-12.688365974733475,0,0,16.603878008422175,0.06419236651898874,22.84056643602227,-0.28731230216325643,22.84056643602227,-0.28731230216325643,97.65,97.65,0.0,0.0,4.507233102688936,0.7459687946854877,4.256078469710968,0.7601240674841487,22.4105881969557,-0.2630783901732312,98.65,98.65,0.0,0.0,0.4299782390665712,-1.0,2,-10.376731949466954
mvad_One4__028.000,mvad_One4,28.0,30.0,Azimuth,-12.71890711448652,0,0,14.927030961837824,0.1587007859122027,26.33001822559763,-0.4839805515741604,20.77446267004208,-0.17086506768060206,72.65,72.65,0.0,0.0,10.21890711448652,0.42405435171716,13.406302371495508,0.24441024623064733,23.552240447819855,-0.32742280962738124,73.65,73.65,0.0,0.0,-2.777777777777775,-1.0,1,-8.333333333333329
mvad_One4__040.500,mvad_One4,40.5,42.5,Azimuth,-12.428138667053735,0,0,2.2461759998709767,0.8734037526802542,20.5316017779068,-0.1571772366438453,24.42049066679569,-0.3763580753693365,82.35,82.35,0.0,0.0,0.5795093332043095,0.9673383978483219,15.023953777648755,0.15323813972506883,19.976046222351247,-0.12586568825448952,85.35,85.35000000000001,0.0,0.0,4.444444444444443,-3.0,2,-1.6666666666666643
mvad_One4__041.000,mvad_One4,41.0,43.0,Azimuth,-12.559096046849174,0,0,16.646967984383608,0.06176378155764617,8.869190206605833,0.5001254590086284,24.464143126727503,-0.37881836236998145,100.0,100.0,0.0,0.0,0.6146516024047308,0.9653577518956764,4.424745762161385,0.7506178461234756,27.836873824626952,-0.5689081191827619,100.0,100.0,0.0,0.0,-3.372730697899449,0.0,2,-25.11819209369835
mvad_One4__041.500,mvad_One4,41.5,43.5,Azimuth,-12.58560251903707,0,0,24.472978617456803,-0.37931633758190686,20.584089728567918,-0.16013549885641587,24.472978617456803,-0.37931633758190686,100.0,100.0,0.0,0.0,0.6411580745926281,0.9638638262599,16.082576938098754,0.09357330515892748,12.806311950790134,0.2782261785945668,100.0,100.0,0.0,0.0,11.66666666666667,0.0,2,-1.6666666666666625
mvad_One4__042.000,mvad_One4,42.0,44.0,Azimuth,-12.529924927770333,0,0,24.474369372214777,-0.37939472161473065,20.565530531479002,-0.15908948790052513,24.454419420367888,-0.3782703266260161,100.0,100.0,0.0,0.0,0.58548048332589,0.9670018591275723,16.10113613518767,0.09252729420303651,23.34330830925678,-0.31564722984730453,100.0,100.0,0.0,0.0,1.1111111111111072,0.0,2,-1.6666666666666643
mvad_One4__042.500,mvad_One4,42.5,44.5,Azimuth,-12.467655644938308,0,0,12.745433422716085,0.28165734035436074,13.89967034057612,0.2166036391629209,24.433662992757217,-0.377100478028477,100.0,100.0,0.0,0.0,4.967655644938309,0.720019017805343,15.010781451687231,0.1539805423842091,23.322551881646103,-0.314477381249765,100.0,100.0,0.0,0.0,1.1111111111111143,0.0,2,-1.6666666666666643
mvad_One4__043.000,mvad_One4,43.0,45.0,Azimuth,-12.458918748227694,0,0,17.736696526005474,0.0003458232255866278,2.2633034739945277,0.8724384347576015,24.43075069385368,-0.37693633857000064,100.0,100.0,0.0,0.0,16.070029859338806,0.09428046839365434,16.12480486170188,0.09119330614702115,12.76408402718701,0.280606177606473,100.0,100.0,0.0,0.0,11.666666666666668,0.0,2,-1.6666666666666643
mvad_One4__043.500,mvad_One4,43.5,45.5,Azimuth,-12.47017827182796,0,0,13.859067160716847,0.2188920663385865,12.787718353835125,0.2792741283539869,24.414622716272405,-0.37602735305917534,100.0,100.0,0.0,0.0,23.859067160716847,-0.3447158046698193,3.9187106170609276,0.7791383852020254,23.323392757275986,-0.3145247736621193,100.0,100.0,0.0,0.0,1.0912299589964185,0.0,2,-1.7263101230107427
mvad_One4__044.000,mvad_One4,44.0,46.0,Azimuth,-12.502633948071278,0,0,20.002633948071278,-0.12736419340329164,20.556433538245983,-0.15857677420166105,24.447078392515724,-0.37785658051813886,100.0,100.0,0.0,0.0,10.558189503626835,0.40493212921575816,3.888010906198463,0.7808686450700022,26.113745059182392,-0.4717912256862067,100.0,100.0,0.0,0.0,-1.6666666666666679,0.0,2,-10.000000000000002
mvad_One4__044.500,mvad_One4,44.5,46.5,Azimuth,-12.54248048250603,0,0,9.486924926950474,0.4653094439504867,12.791937938613122,0.27903630923466016,24.45860460527979,-0.37850620694181325,100.0,100.0,0.0,0.0,0.5980360380615863,0.9662942181801807,16.096950950275772,0.09276317451883365,23.347493494168685,-0.3158831101631019,100.0,100.0,0.0,0.0,1.1111111111111036,0.0,2,-1.666666666666666
mvad_One4__045.000,mvad_One4,45.0,47.0,Azimuth,-12.591104337461202,0,0,28.424437670794532,-0.6020236800247638,21.75777100412787,-0.2262850993524934,24.47481255693151,-0.37941969985419677,100.0,100.0,0.0,0.0,4.4748125569315125,0.7477960421626149,16.080742998624043,0.09367666743121739,23.3637014458204,-0.31679660307548496,100.0,100.0,0.0,0.0,1.1111111111111107,0.0,2,-1.666666666666666
mvad_One4__045.500,mvad_One4,45.5,47.5,Azimuth,-12.66420004513834,0,0,3.278599984953887,0.8152155242591947,32.386422267360565,-0.8253242503686318,15.054733348379449,0.1515033788920609,100.0,100.0,0.0,0.0,11.275311156249453,0.3645145884268919,4.2802443993061035,0.7587620566711434,8.278599984953885,0.533411588754992,100.0,100.0,0.0,0.0,6.776133363425563,0.0,3,0.32840009027668415
mvad_One4__046.000,mvad_One4,46.0,48.0,Azimuth,-12.759126380676443,0,0,3.2469578731078528,0.8169988985883702,8.80251342866341,0.5038834146948112,24.530819904669926,-0.3825763180561643,100.0,100.0,0.0,0.0,11.370237491787558,0.35916446543936575,2.691402317552296,0.8483104469777261,28.036904158454224,-0.5801819862413107,100.0,100.0,0.0,0.0,-3.506084253784298,0.0,2,-25.51825276135289
mvad_One4__046.500,mvad_One4,46.5,48.5,Azimuth,-12.805270321970308,0,0,10.860825877525867,0.3878753049774645,32.52749254419253,-0.8332750822074149,24.546201218434547,-0.38344322100658323,100.0,100.0,0.0,0.0,11.41638143308142,0.3565637565881087,16.00935433712101,0.09770018858360385,23.435090107323436,-0.32082012422787165,100.0,100.0,0.0,0.0,1.1111111111111107,0.0,2,-1.6666666666666643
mvad_One4__047.000,mvad_One4,47.0,49.0,Azimuth,-12.78828097644405,0,0,1.3993920875551618,0.9211291604827027,32.51050319866628,-0.8323175493212271,15.096093658814683,0.14917227924119603,100.0,100.0,0.0,0.0,25.096093658814684,-0.41443559176721,4.156163468000395,0.7657553556237384,8.23723967451865,0.5357426884058569,100.0,100.0,0.0,0.0,6.858853984296033,0.0,3,0.576561952888099
mvad_One4__047.500,mvad_One4,47.5,49.5,Azimuth,-12.728553316083447,0,0,9.672997760527894,0.4548222325919796,32.45077553830567,-0.8289512513716115,15.076184438694483,0.15029437855773442,100.0,100.0,0.0,0.0,15.076184438694483,0.15029437855773442,4.2158911283609966,0.7623890576741232,23.409517772027815,-0.3193788472826038,100.0,100.0,0.0,0.0,-8.333333333333332,0.0,2,-28.790439965500234
mvad_One4__048.000,mvad_One4,48.0,50.0,Azimuth,-12.608858686360865,0,0,13.442192019694199,0.24238747740939692,32.33108090858309,-0.8222051678287032,15.036286228786954,0.1525430730720373,100.0,100.0,0.0,0.0,5.036286228786955,0.7161509440804431,4.335585758083579,0.7556429741312148,8.297047104546378,0.5323718945750158,100.0,100.0,0.0,0.0,6.7392391242405765,0.0,3,0.21771737272173297
mvad_One4__048.500,mvad_One4,48.5,50.5,Azimuth,-12.538283180380107,0,0,1.1493942914912196,0.9352192330423419,32.26050540260233,-0.8182274767615874,15.012761060126701,0.15386897009440914,100.0,100.0,0.0,0.0,0.0382831803801089,0.9978423298210536,4.406161264064337,0.7516652830640993,8.32057227320663,0.531045997552644,100.0,100.0,0.0,0.0,6.692188786920072,0.0,3,0.07656636076022139
mvad_One4__049.000,mvad_One4,49.0,51.0,Azimuth,-12.51863650702004,0,0,1.6728788356733475,0.9057152320971124,35.5741920625756,-1.0049894651232365,15.006212169006679,0.15423807075257134,100.0,100.0,0.0,0.0,0.0186365070200409,0.9989496317955402,4.425807937424405,0.7505579810896127,12.783989946784459,0.27948426430999473,95.6,95.6,0.0,0.0,2.2222222222222197,4.400000000000006,3,0.03727301404008543
mvad_One4__049.500,mvad_One4,49.5,51.5,Azimuth,-12.543391153777565,0,0,12.236685940148078,0.3103307489074648,20.570019273481414,-0.1593424769328735,22.265613375999788,-0.2549074951543524,81.649048,79.36917867730651,2.279869429518686,0.0,1.1545022648886771,0.934931343641171,9.429980726518592,0.4685188639076556,18.34779705125919,-0.0340962833754499,74.489457,72.20958781724019,2.279869429518686,0.0,3.917816324740599,7.159590999999992,1,0.0
mvad_One5__011.000,mvad_One5,11.0,13.0,Azimuth,-7.893596098339679,3,0,22.353420921668782,-0.25985639754165013,1.273070568326987,0.9282487407341765,0.9799124116645516,0.944771365188703,0.0,0.0,0.0,0.0,11.50470720945079,0.35158564631063816,4.28248498722857,0.7586357753722646,1.2423098105576715,0.9299824412538735,0.0,0.0,0.0,0.0,-0.26239739889311997,0.0,1,-0.879474469987306
mvad_One5__011.500,mvad_One5,11.5,13.5,Azimuth,-7.892092835002467,3,0,6.535969054999177,0.6316276395935091,12.352919833889713,0.30377971516839086,0.3920928350024688,0.9779013392026609,0.0,0.0,0.0,0.0,17.61431505722469,0.007243339132628535,10.13069761166749,0.42902590872581436,17.058759501669133,0.03855488752198455,0.0,0.0,0.0,0.0,-16.666666666666664,0.0,0,-23.333333333333332
mvad_One5__012.000,mvad_One5,12.0,14.0,Azimuth,-7.843466543662668,3,0,11.225599958998666,0.36731635063167134,12.336711070109779,0.30469325385295953,7.565688765884892,0.5735918261947401,0.0,0.0,0.0,0.0,7.663288929890221,0.5680910041302287,22.01013321032934,-0.2405084319285129,17.010133210329336,0.04129550357569023,0.0,0.0,0.0,0.0,-9.444444444444443,0.0,0,-23.333333333333336
mvad_One5__015.000,mvad_One5,15.0,17.0,Azimuth,-7.779057089051895,3,0,25.83461264460745,-0.45605910309540465,2.684758748093813,0.8486848837815653,0.6485745852395214,0.9634458258822993,0.0,0.0,0.0,0.0,19.53746347412841,-0.1011468193558005,2.3152412519061873,0.8695111807142317,1.5736476369827017,0.9113079805602771,0.0,0.0,0.0,0.0,-0.9250730517431803,0.0,0,-1.108552488562875
mvad_One5__015.500,mvad_One5,15.5,17.5,Azimuth,-7.769099277883013,3,0,21.756366425961005,-0.22620593622146434,11.576966907372329,0.34751303286011126,0.6452553148498943,0.9636329025740592,0.0,0.0,0.0,0.0,21.200810870405448,-0.19489438783210833,1.2008108704054496,0.9323213541847034,1.576966907372329,0.9111209038685172,0.0,0.0,0.0,0.0,-0.9317115925224346,0.0,0,-1.1284681109006378
mvad_One5__016.000,mvad_One5,16.0,18.0,Azimuth,-7.761869616629403,3,0,13.039647394407181,0.26507520933378614,8.801599016679088,0.5039349516739821,1.0238212389013104,0.9422966291249644,0.0,0.0,0.0,0.0,22.309512094432023,-0.2573816614779114,10.0872898722098,0.431472403087918,1.7539565388764682,0.9011456289282561,0.0,0.0,0.0,0.0,-0.7301352999751578,0.0,1,-3.333333333333332
mvad_One5__016.500,mvad_One5,16.5,18.5,Azimuth,-7.746592438055783,3,0,14.135481326944673,0.20331314636416364,9.917802520648072,0.4410248436255738,15.473358076203626,0.12790935973201512,0.0,0.0,0.0,0.0,24.135481326944674,-0.3602947246442423,17.30441970157415,0.024709285295987815,12.859975257129705,0.27520167241083504,0.0,0.0,0.0,0.0,2.6133828190739212,0.0,1,-2.159851542778238
mvad_One5__031.000,mvad_One5,31.0,33.0,Azimuth,-7.823110275642622,3,0,12.114518797008012,0.3172161852527,3.7811854636746816,0.786889411093038,1.0034076858969039,0.9434471530398175,1.523703,1.523703315385506,0.0,0.0,18.44103675854754,-0.039351346667273246,12.545332497864846,0.2929351859785827,7.329925647436433,0.5868796211198442,1.523703,1.523703315385506,0.0,0.0,-6.326517961539529,0.0,0,-13.979553884618586
mvad_One5__031.500,mvad_One5,31.5,33.5,Azimuth,-7.819155156302855,3,0,12.115837170121269,0.3171418807063442,3.6524884896361898,0.7941428738473439,0.3191551563028572,0.9820121641834791,0.0,0.0,0.0,0.0,29.763599600747302,-0.6774999004523827,13.096932934080634,0.2618465512282939,3.439718385434286,0.8061347643916911,0.0,0.0,0.0,0.0,-3.1205632291314287,0.0,0,-8.333333333333332
mvad_One5__032.000,mvad_One5,32.0,34.0,Azimuth,-7.805107964493878,3,0,17.5273301867161,0.012145874900357345,13.638441297827214,0.23132671362584845,14.749552408938323,0.16870361684713675,0.0,0.0,0.0,0.0,19.193996853382767,-0.08178877026771025,20.86066352004944,-0.1757234154357783,25.86066352004943,-0.45752735093998087,0.0,0.0,0.0,0.0,-11.111111111111109,0.0,0,-21.666666666666664
mvad_One5__032.500,mvad_One5,32.5,34.5,Azimuth,-7.785601891069861,3,0,15.095200630356622,0.14922261102799572,13.98408951924551,0.21184570780670764,8.603286997819028,0.5151119731484918,0.0,0.0,0.0,0.0,25.285601891069863,-0.42511642489920076,13.618935224403197,0.23242609127727276,8.238132702976712,0.5356923566190571,0.0,0.0,0.0,0.0,0.3651542948423163,0.0,1,-2.2378704488063903
mvad_One5__033.000,mvad_One5,33.0,35.0,Azimuth,-7.757568777046473,3,0,20.813124332602033,-0.17304406941310813,29.14645766593537,-0.6427172952534463,6.5808104076511755,0.6291003456633761,0.0,0.0,0.0,0.0,17.86363403679327,-0.006808474795035213,10.085856259015491,0.4315532026559473,11.580810407651176,0.3472964101591731,0.0,0.0,0.0,0.0,-5.000000000000001,0.0,1,-16.666666666666668
mvad_One5__033.500,mvad_One5,33.5,35.5,Azimuth,-7.721076078378265,3,0,20.073692026126093,-0.13136908261233415,14.518136470570534,0.181746401281225,6.592974640540578,0.6284147599232515,0.0,0.0,0.0,0.0,22.443298300600485,-0.26492195736080126,26.332187189489378,-0.4841027960862927,9.518136470570534,0.4635503367854279,0.0,0.0,0.0,0.0,-2.925161830029956,0.0,1,-14.999999999999998
mvad_One5__051.000,mvad_One5,51.0,53.0,Azimuth,-7.665875382915605,3,0,21.721958460971873,-0.22426667623213858,12.833069572082982,0.27671809799755565,14.499736238749648,0.18278345282948805,35.65,35.65,0.0,0.0,20.16587538291561,-0.1365646091585888,3.278041539028132,0.8152469987111236,7.611902394862171,0.5709871896907945,35.65,35.65,0.0,0.0,6.887833843887477,0.0,2,-9.999999999999998
mvad_One5__051.500,mvad_One5,51.5,53.5,Azimuth,-7.680202130809306,3,0,18.513535464142645,-0.04343743077840556,7.957979908587085,0.5514819886193565,20.615622932491988,-0.16191273504938786,10.65,10.65,0.0,0.0,15.180202130809308,0.14443185955772997,20.18020213080931,-0.13737207594647316,18.82882151195245,-0.06120720059487961,10.65,10.65,0.0,0.0,1.7868014205395362,0.0,1,-13.333333333333332
mvad_One5__052.000,mvad_One5,52.0,54.0,Azimuth,-7.71957011715081,3,0,23.55290345048415,-0.3274601769793908,7.99734789492859,0.5492631779225741,13.96207892793916,0.21308624205728843,0.0,0.0,0.0,0.0,21.88623678381748,-0.23352553181132296,27.441792339373034,-0.5466410157048818,17.99734789492859,-0.014344693085831972,0.0,0.0,0.0,0.0,-4.035268966989431,0.0,1,-20.439140234301625
mvad_One5__052.500,mvad_One5,52.5,54.5,Azimuth,-7.783345656703617,3,0,18.616678990036956,-0.049250681082164904,13.61667899003695,0.23255325442203834,8.061123434481397,0.5456687383155971,0.0,0.0,0.0,0.0,24.172234545592506,-0.36236616497572327,23.0611234344814,-0.2997430681970119,25.838901212259174,-0.4563008101437911,0.0,0.0,0.0,0.0,-17.77777777777778,0.0,0,-23.333333333333332
mvad_One5__053.000,mvad_One5,53.0,55.0,Azimuth,-7.800602069634236,3,0,8.788688199010808,0.5046626155198817,13.633935402967571,0.2315806694067315,6.411713180745348,0.638630798468358,0.0,0.0,0.0,0.0,22.522824291856463,-0.26940410482296273,23.07837984741202,-0.30071565321231875,23.07837984741202,-0.30071565321231875,0.0,0.0,0.0,0.0,-16.66666666666667,0.0,0,-23.333333333333336
mvad_One5__053.500,mvad_One5,53.5,55.5,Azimuth,-7.807695968698692,3,0,19.89743467710044,-0.12143507968894052,15.452990232655992,0.1290573074259066,3.0854737464764708,0.8261002710696066,0.0,0.0,0.0,0.0,24.752140413143138,-0.39505011611527285,23.08547374647647,-0.30111547094720503,10.102565322899565,0.43061146666372274,0.0,0.0,0.0,0.0,-7.017091576423095,0.0,1,-23.333333333333336
mvad_One5__054.000,mvad_One5,54.0,56.0,Azimuth,-7.810560978045058,3,0,7.118701896207203,0.5987843579935156,9.340924118429426,0.4735381644360921,10.10352032601502,0.43055764193645196,0.0,0.0,0.0,0.0,22.53278320026728,-0.2699653967396616,8.78536856287387,0.5048497128254479,1.5631463406516473,0.9118998418870745,0.0,0.0,0.0,0.0,8.540373985363374,0.0,2,-1.666666666666666
mvad_One5__054.500,mvad_One5,54.5,56.5,Azimuth,-7.779603297787872,3,0,18.98208998815151,-0.06984553255120507,15.093201099262624,0.14933530617428614,8.795687789626264,0.504268113083411,0.0,0.0,0.0,0.0,25.279603297787876,-0.42477833946033017,15.093201099262627,0.14933530617428592,12.31542332148485,0.3058930481210653,0.0,0.0,0.0,0.0,-3.5197355318585863,0.0,1,-10.559206595575752
mvad_One5__055.000,mvad_One5,55.0,57.0,Azimuth,-7.764734626793429,3,0,24.153623515682323,-0.3613172326812282,11.578421791068855,0.3474310344698349,5.467310679957746,0.6918580667527495,0.0,0.0,0.0,0.0,7.1339773466244125,0.5979234215846818,12.86602265337559,0.27486083639850634,20.088244875597812,-0.1321892926631203,0.0,0.0,0.0,0.0,-14.620934195640068,0.0,0,-25.000000000000007
mvad_One5__055.500,mvad_One5,55.5,57.5,Azimuth,-7.77059875585796,3,0,18.603932089191293,-0.048532255717406825,8.243133748047347,0.5354104937825493,21.201310696397098,-0.1949225584184111,0.0,0.0,0.0,0.0,18.979088474174876,-0.06967636486098772,10.465355970269568,0.41016430022512584,13.603932089191295,0.23327167978679597,0.0,0.0,0.0,0.0,7.597378607205803,0.0,2,-3.333333333333332
mvad_One5__056.000,mvad_One5,56.0,58.0,Azimuth,-7.78409969698703,3,0,18.983588787884567,-0.06993000608386657,17.872477676773457,-0.007306909305154763,18.42803323232901,-0.038618457694510555,0.0,0.0,0.0,0.0,29.72854414143148,-0.6755241471731614,18.617433030320367,-0.049293179386043606,23.06187747476481,-0.2997855665008906,0.0,0.0,0.0,0.0,-4.633844242435799,0.0,1,-12.234866060640735
mvad_One6__011.000,mvad_One6,11.0,13.0,Azimuth,-7.90504812333798,1,0,15.135016041112658,0.14697858313904233,11.531650625554008,0.3500670941718754,4.849492567782424,0.726678781840106,0.0,0.0,0.0,0.0,4.5949518766620185,0.741024895540844,7.372729654439798,0.5844671535940645,2.087206181109562,0.8823634167909254,0.0,0.0,0.0,0.0,2.762286386672862,0.0,2,-0.8565704199907049
mvad_One6__011.500,mvad_One6,11.5,13.5,Azimuth,-7.875604320156012,1,0,22.347423662274224,-0.2595183872817248,2.097020782170218,0.8818102581500662,5.68075699560756,0.6798280643989515,0.0,0.0,0.0,0.0,6.5414652266146645,0.631317871035219,11.791868106718672,0.3354010321160368,11.486715431267124,0.3525996770904134,0.0,0.0,0.0,0.0,-5.805958435659564,0.0,1,-20.751208640312026
mvad_One6__012.000,mvad_One6,12.0,14.0,Azimuth,-7.853519960990829,1,0,7.979813372342503,0.5502514374169634,3.4511733203302764,0.8054891552447642,5.35351996099083,0.6982714012384954,0.0,0.0,0.0,0.0,7.1043822352252795,0.5995914253574741,12.895617764774721,0.27319283262571414,5.117839986996944,0.7115545100766965,0.0,0.0,0.0,0.0,0.23567997399388663,0.0,1,-5.0
mvad_One6__012.500,mvad_One6,12.5,14.5,Azimuth,-7.862108625422853,1,0,12.415669152354923,0.3002431141896502,12.89848065291873,0.27303147799653615,13.454036208474287,0.24171992960718014,0.0,0.0,0.0,0.0,3.695441958756188,0.7917219825190291,21.473219736533963,-0.21024756594035887,19.8065530698673,-0.1163129207722915,0.0,0.0,0.0,0.0,-6.352516861393012,0.0,0,-14.057550584179037
mvad_One6__013.000,mvad_One6,13.0,15.0,Azimuth,-7.866607954728714,1,0,15.677758207131793,0.11638920746938874,12.588830176950937,0.2904836225482309,7.8999804293540175,0.5547508849203711,0.0,0.0,0.0,0.0,1.4777190658398265,0.9167145903353485,10.12220265157624,0.42950469136294744,10.366607954728716,0.4157298161056544,0.0,0.0,0.0,0.0,-2.4666275253746983,0.0,0,-5.0
mvad_One6__013.500,mvad_One6,13.5,15.5,Azimuth,-7.866403315639926,1,0,18.766754450342248,-0.05770905214949207,5.366403315639928,0.697545285229973,5.677689994102198,0.6800009230178332,0.0,0.0,0.0,0.0,4.633596684360072,0.7388468437616211,14.011023327435531,0.210327697177495,3.455467771879976,0.8052471165752567,0.0,0.0,0.0,0.0,2.222222222222222,0.0,1,-5.0
mvad_One6__014.000,mvad_One6,14.0,16.0,Azimuth,-7.865107798799562,1,0,10.989408511511257,0.3806282865185485,15.121702599599852,0.14772893918172514,6.78836926626652,0.6174021650220631,0.0,0.0,0.0,0.0,6.544964067066812,0.6311206736333956,2.899480377377632,0.8365830037475543,6.544964067066814,0.6311206736333956,0.0,0.0,0.0,0.0,0.2434051991997066,0.0,1,-10.936451069067543
mvad_One6__014.500,mvad_One6,14.5,16.5,Azimuth,-7.850656026944256,1,0,10.99422576879636,0.38035678210629287,12.572878249166479,0.2913826857539388,13.216447991018578,0.2551105885488696,0.0,0.0,0.0,0.0,6.5497813243519145,0.63084916922114,0.9942257687963595,0.9439646531146988,14.795100471388702,0.16613649219651516,0.0,0.0,0.0,0.0,-1.578652480370124,0.0,1,-5.701312053888515
mvad_One6__015.000,mvad_One6,15.0,17.0,Azimuth,-7.852087776621053,1,0,3.5368011122678347,0.8006631054934563,11.549304074459648,0.349072131896509,7.98124555671228,0.5501707183786093,0.0,0.0,0.0,0.0,4.09235666782339,0.7693515571041005,22.574309998843276,-0.27230587979318277,17.018754443287722,0.04080960410037593,0.0,0.0,0.0,0.0,-9.037508886575441,0.0,0,-12.370842219908777
mvad_One6__015.500,mvad_One6,15.5,17.5,Azimuth,-7.866606812831216,1,0,10.433353284611817,0.41196799677813756,11.23331338205485,0.366881616036983,10.677757826499295,0.3981931644263389,0.0,0.0,0.0,0.0,7.9667265205021165,0.5509890226873597,8.211131062389594,0.5372141903355612,12.100019951278483,0.31803335161006985,0.0,0.0,0.0,0.0,-1.4222621247791878,0.0,1,-15.0
mvad_One6__016.000,mvad_One6,16.0,18.0,Azimuth,-7.886444327864591,1,0,3.5024445610242965,0.8025994677636126,12.351036998177086,0.30388583327113605,7.09340744626736,0.600209973101408,11.35,11.35,0.0,0.0,7.946889005468741,0.5521070806487656,13.462148109288199,0.24126273649242413,7.093407446267357,0.6002099731014081,0.0,0.0,0.0,0.0,2.6645352591003757e-15,11.35,1,-9.106221989062515
mvad_One6__016.500,mvad_One6,16.5,18.5,Azimuth,-7.901100375438612,1,0,14.866299874853794,0.16212363777611216,12.93223295789472,0.27112917152162164,8.755188763742686,0.5065506700590268,13.95,13.950000000000001,0.0,0.0,7.932232957894719,0.5529331070258248,21.800366791812873,-0.22868583147360044,2.088522097076018,0.8822892507312974,0.0,0.0,0.0,0.0,6.666666666666668,13.95,3,0.8644659157894401
mvad_One6__017.000,mvad_One6,17.0,19.0,Azimuth,-7.920797606683658,1,0,8.198575384461437,0.5379218382261767,20.415289686661,-0.15062179563188738,9.584710313338997,0.4597981826066697,13.95,13.950000000000001,0.0,0.0,5.976353162239216,0.6631680317836002,23.473599202227888,-0.32299052712722753,7.362488091116776,0.5850443761640931,0.0,0.0,0.0,0.0,2.2222222222222205,13.95,2,-10.0
mvad_One6__017.500,mvad_One6,17.5,19.5,Azimuth,-7.920797606683657,1,0,7.6430198289058815,0.5692333866155326,20.42079760668366,-0.15093222633965286,12.91804364667233,0.2719288922705344,13.95,13.950000000000001,0.0,0.0,3.754130940016992,0.7884142253410238,23.473599202227888,-0.32299052712722753,7.362488091116776,0.5850443761640931,0.0,0.0,0.0,0.0,5.5555555555555545,13.95,2,-10.0
mvad_One6__018.000,mvad_One6,18.0,20.0,Azimuth,-7.917594105916978,1,0,6.250309146416771,0.6477276568843677,17.084260772583647,0.03711761582117068,5.13919803530566,0.7103507536630795,2.6,2.6,0.0,0.0,11.250309146416773,0.3659237213801646,14.583642479750104,0.17805443104402952,2.9157392274163545,0.8356666421620174,0.0,0.0,0.0,0.0,2.2234588078893056,2.6,2,-0.831478454832709
mvad_One6__018.500,mvad_One6,18.5,20.5,Azimuth,-7.920798043007332,1,0,15.420798043007332,0.13087168457300458,8.193067318997556,0.5382322771311239,2.9180437921135547,0.8355367550817584,0.0,0.0,0.0,0.0,14.309686931896223,0.19349478135171616,22.918043792113554,-0.29167898693505334,26.53190915411844,-0.49535928321411293,0.0,0.0,0.0,0.0,-23.613865362004887,0.0,0,-32.50826275268133
mvad_One6__019.000,mvad_One6,19.0,21.0,Azimuth,-7.926589325184854,1,0,19.58664088617273,-0.10391849700620082,2.364418663950507,0.8667395030638315,3.204367102962633,0.8193993479169857,0.0,0.0,0.0,0.0,14.857803558271714,0.16260249686613615,18.20436710296263,-0.026012458595622956,6.253307552839396,0.6475586643383404,0.0,0.0,0.0,0.0,-3.048940449876763,0.0,0,-5.000000000000001
mvad_One6__019.500,mvad_One6,19.5,21.5,Azimuth,-7.940082276462748,1,0,19.297750352290198,-0.08763639913059929,11.519972574512417,0.35072527832038325,5.702249647709805,0.6786167216095844,2.289285,0.0,2.289285350793433,0.0,9.559917723537252,0.4611955124821643,20.702249647709806,-0.16679508490302442,12.106748943129416,0.31765410033295616,2.289285,0.0,2.289285350793433,0.0,-6.404499295419611,0.0,2,-31.666666666666664
mvad_One6__031.500,mvad_One6,31.5,33.5,Azimuth,-7.907916217934826,1,0,10.407916217934828,0.4134016498775892,17.91374985042272,-0.009633041497389971,2.6418057051328354,0.8511057510912222,0.0,0.0,0.0,0.0,16.80263873931161,0.052990055281321835,17.358194294867165,0.021678506891966043,2.369861559842951,0.8664327371672255,0.0,0.0,0.0,0.0,0.27194414528988453,0.0,1,-0.8508342307970125
mvad_One6__032.000,mvad_One6,32.0,34.0,Azimuth,-7.895101573293372,1,0,6.506212684404485,0.6333047320614903,20.39510157329337,-0.14948397767240662,5.42385503112443,0.6943072613249729,0.0,0.0,0.0,0.0,1.242811635542236,0.9299541580027566,6.506212684404485,0.6333047320614903,10.131700524431125,0.4289693837730625,0.0,0.0,0.0,0.0,-4.707845493306695,0.0,2,-16.666666666666668
mvad_One6__032.500,mvad_One6,32.5,34.5,Azimuth,-7.887604443620515,1,0,4.056840000823928,0.7713533044113886,10.129201481206842,0.429110231816182,20.943159999176075,-0.1803729819324036,0.0,0.0,0.0,0.0,10.426354074348717,0.4123624777776501,4.276493332509406,0.7589734697482731,4.276493332509406,0.7589734697482731,0.0,0.0,0.0,0.0,16.666666666666668,0.0,2,0.0
mvad_One6__033.000,mvad_One6,33.0,35.0,Azimuth,-7.892170891878802,1,0,10.424831924929288,0.4124482673170142,14.575168075070714,0.17853205516197101,2.0588375585454703,0.8839622946876043,0.0,0.0,0.0,0.0,10.42483192492929,0.4124482673170141,6.5359430360404,0.6316291060425054,9.313720813818177,0.4750713640957259,0.0,0.0,0.0,0.0,-7.254883255272707,0.0,0,-17.54899154957573
mvad_One6__033.500,mvad_One6,33.5,35.5,Azimuth,-7.8996002178019165,1,0,10.422355482954917,0.41258784153589934,9.311244371843804,0.47521093831461125,8.466533405933973,0.5228195132260006,0.0,0.0,0.0,0.0,7.644577705177139,0.5691455834826787,11.510711328913027,0.351247249411899,19.288489106690808,-0.08711442803908342,0.0,0.0,0.0,0.0,-10.821955700756835,0.0,0,-30.0
mvad_One6__034.000,mvad_One6,34.0,36.0,Azimuth,-7.910778625666984,1,0,6.2558880409996815,0.6474132259945222,10.136926208555662,0.4286748601026631,7.359148430777883,0.5852326020494427,0.0,0.0,0.0,0.0,12.633000847889207,0.28799412876737773,4.581370653000106,0.741790343996222,14.299667514555873,0.19405948359931013,0.0,0.0,0.0,0.0,-6.94051908377799,0.0,1,-19.154890584667307
mvad_One6__034.500,mvad_One6,34.5,36.5,Azimuth,-7.907914908151553,1,0,2.0862505861717042,0.8824172748737726,15.419583919505042,0.1309401135292313,6.8026383027171855,0.6165979508965331,0.0,0.0,0.0,0.0,6.519026019262665,0.6325825624234966,10.407914908151554,0.41340172369800543,10.407914908151554,0.41340172369800543,0.0,0.0,0.0,0.0,-3.6052766054343683,0.0,0,-5.0
mvad_One6__035.000,mvad_One6,35.0,37.0,Azimuth,-7.902598702967856,1,0,3.486290185921032,0.8035099410595548,12.088022654566268,0.3187095286958527,1.5137098140789682,0.9146861234362422,0.0,0.0,0.0,0.0,2.930734630365477,0.8348214894489107,27.069265369634525,-0.5256451024741284,2.91197734543373,0.8358786647915386,0.0,0.0,0.0,0.0,-1.3982675313547617,0.0,0,-3.333333333333332
mvad_One6__035.500,mvad_One6,35.5,37.5,Azimuth,-7.890738921597221,1,0,10.425309248356482,0.4124213649929559,19.27962781048611,-0.08661499841025311,6.501850032708333,0.6335506145449322,0.0,0.0,0.0,0.0,9.869753692800927,0.4437329133823118,17.05740558826389,0.038631195147170394,8.203087026134261,0.5376675585503794,0.0,0.0,0.0,0.0,-1.701236993425928,0.0,1,-9.218522156805562
mvad_One6__036.000,mvad_One6,36.0,38.0,Azimuth,-7.878606469806106,1,0,12.096020065620186,0.31825878831408494,7.903979934379813,0.5545254696691033,5.984908954509076,0.6626858205969995,0.0,0.0,0.0,0.0,16.237313267713148,0.0848522438287651,8.762686732286854,0.5061280786502201,1.2373132677131469,0.9302640503413739,0.0,0.0,0.0,0.0,4.747595686795929,0.0,3,0.9094537270544536
mvad_One6__036.500,mvad_One6,36.5,38.5,Azimuth,-7.876425564192854,1,0,11.792141854730952,0.3353856034625974,8.763413700824605,0.5060871061312349,14.014364076953173,0.21013940990517388,0.0,0.0,0.0,0.0,14.014364076953173,0.21013940990517388,24.01436407695317,-0.35346846110323193,17.90325296584206,-0.009041428820317332,0.0,0.0,0.0,0.0,-3.8888888888888875,0.0,0,-5.752851128385711
mvad_One6__037.000,mvad_One6,37.0,39.0,Azimuth,-7.863540469957272,1,0,11.787846823319091,0.3356276748135927,11.545486510014243,0.34928729283346027,16.78784682331909,0.05382373930938977,0.0,0.0,0.0,0.0,12.656597621125352,0.2866641960547486,19.32326428779202,-0.08907438461752215,25.121180156652425,-0.41584948653094855,0.0,0.0,0.0,0.0,-8.333333333333336,0.0,0,-12.606252393418787
mvad_One6__037.500,mvad_One6,37.5,39.5,Azimuth,-7.844109041496017,1,0,5.670258569387561,0.6804197639640308,8.544779847392872,0.5184094821975371,4.003591902720895,0.7743544091320984,0.0,0.0,0.0,0.0,25.344109041496022,-0.42841393394824623,14.329741430612438,0.19236449401915756,14.329741430612438,0.19236449401915756,0.0,0.0,0.0,0.0,-10.326149527891545,0.0,0,-21.66666666666667
mvad_One6__038.000,mvad_One6,38.0,40.0,Azimuth,-7.813423188020708,1,0,12.673303381770873,0.2857226462356488,16.771141062673568,0.05476528912848966,12.673303381770873,0.2857226462356488,0.0,0.0,0.0,0.0,4.6865768119792905,0.735860842068299,20.45108115954865,-0.15263903121533362,2.464354589757069,0.8611070356257224,0.0,0.0,0.0,0.0,10.208948792013803,0.0,2,0.0
mvad_One6__038.500,mvad_One6,38.5,40.5,Azimuth,-7.788603322579141,1,0,3.6002855663097457,0.7970850716949871,14.903798892473617,0.16001016362755072,12.681576670251397,0.2852563571849741,0.0,0.0,0.0,0.0,10.266952232976413,0.4213464910227165,14.348243336918065,0.1913217120169064,2.1260211146958414,0.8801757765827359,0.0,0.0,0.0,0.0,10.555555555555555,0.0,2,0.0
mvad_One6__039.000,mvad_One6,39.0,41.0,Azimuth,-7.772100037433453,1,0,5.839011073677657,0.670908739997003,14.909299987522182,0.15970011758069702,8.798188876411073,0.5041271498636116,0.0,0.0,0.0,0.0,2.6870777652999602,0.8485541821465264,14.535144456922263,0.18078781778344122,7.31292223470004,0.5878379468450676,0.0,0.0,0.0,0.0,1.485266641711033,0.0,2,-16.666666666666664
mvad_One6__039.500,mvad_One6,39.5,41.5,Azimuth,-7.764735271480865,1,0,3.6241536174080218,0.7957398495485252,11.754911757160288,0.33748392106552105,1.754911757160289,0.9010917920739269,0.0,0.0,0.0,0.0,4.735264728519134,0.7331167527698135,10.264735271480868,0.4214714407175777,10.088245090493622,0.43141856623358865,0.0,0.0,0.0,0.0,-8.333333333333332,0.0,1,-21.666666666666664
mvad_One6__040.000,mvad_One6,40.0,42.0,Azimuth,-7.779601712466711,1,0,6.017910540288874,0.6608258252468742,12.129021651399986,0.31639879296395945,13.609287176422178,0.2329698628554696,0.92457,0.0,0.9245699856384337,0.0,4.720398287533287,0.733954637085164,24.168490601355604,-0.3621551533316698,15.835157268022266,0.10751807250866852,0.92457,0.0,0.9245699856384337,0.0,-2.225870091600088,0.0,1,-15.559203424933424
mvad_One6__051.000,mvad_One6,51.0,53.0,Azimuth,-7.874994032677895,1,0,11.541668655774034,0.3495024701034747,15.12499801089263,0.14754320720744307,13.70832736601123,0.22738787981561415,0.0,0.0,0.0,0.0,3.5138948562109924,0.8019541201143534,7.902775788670412,0.5545933362690694,2.9027757886704095,0.8363972717732724,0.0,0.0,0.0,0.0,10.805551577340822,0.0,3,3.333333333333334
mvad_One6__051.500,mvad_One6,51.5,53.5,Azimuth,-7.870699435686969,1,0,5.740411675424141,0.6764658796902403,13.765322410326567,0.2241755942571546,3.1484772134647483,0.8225493460800655,0.0,0.0,0.0,0.0,10.431989076993233,0.4120448845932899,7.345788700784546,0.5859855669473218,2.3457887007845457,0.8677895024515248,0.0,0.0,0.0,0.0,0.8026885126802026,0.0,1,-0.9252677952927257
mvad_One6__052.000,mvad_One6,52.0,54.0,Azimuth,-7.868108795455187,1,0,12.655074845959382,0.28675002086168033,8.456036265151733,0.523411140342796,3.1458865732329664,0.8226953566026238,0.0,0.0,0.0,0.0,5.7430023156559225,0.676319869167682,3.2106304015149374,0.8190463434807302,5.122702931818396,0.7112804306789315,0.0,0.0,0.0,0.0,-1.9768163585854297,0.0,1,-5.0
mvad_One6__052.500,mvad_One6,52.5,54.5,Azimuth,-7.857813256351192,1,0,16.547395581216268,0.06737576057367967,7.102951136771825,0.5996720831927296,5.674826641005954,0.6801623038520852,0.0,0.0,0.0,0.0,4.642186743648806,0.7383627012588652,13.691146589684527,0.2283562018923907,19.80225770079564,-0.11607083039052402,0.0,0.0,0.0,0.0,-14.127431059789686,0.0,1,-34.04895984603572
mvad_One6__053.000,mvad_One6,53.0,55.0,Azimuth,-7.838109553694427,1,0,22.890480962342583,-0.29012552415443493,3.4460365178981434,0.8057786694730207,3.1158873314722064,0.8243861374806887,0.0,0.0,0.0,0.0,11.32855711297224,0.3615136043960583,5.668258740120366,0.6805324759155972,8.67144288702776,0.5112706535871299,0.0,0.0,0.0,0.0,-5.555555555555554,0.0,2,-21.66666666666666
mvad_One6__053.500,mvad_One6,53.5,55.5,Azimuth,-7.813425776580075,1,0,23.43780859219336,-0.32097334017486223,6.771141925526691,0.6183731115058144,7.326697481082249,0.5870615631164584,0.0,0.0,0.0,0.0,8.784413630028864,0.504903533592221,3.091203554357854,0.8257773345874753,3.0199075567532567,0.82979563312961,0.0,0.0,0.0,0.0,4.306789924328992,0.0,2,-1.0398151135065137
mvad_One6__054.000,mvad_One6,54.0,56.0,Azimuth,-7.809130528365807,1,0,10.452512046100287,0.41088819390077014,3.086908306143585,0.826019418157625,4.753574972810253,0.7320847729895572,0.0,0.0,0.0,0.0,4.8969564905447305,0.724003677794329,3.7858453794336193,0.7866267745730408,2.3252657316774914,0.8689461931440445,0.0,0.0,0.0,0.0,2.428309241132762,0.0,2,-1.0484056099350507
mvad_One6__054.500,mvad_One6,54.5,56.5,Azimuth,-7.827606201475881,1,0,15.664757622714184,0.11712193063993614,10.664757622714182,0.39892586614413916,15.446353488396928,0.12943135955613438,1.47499,0.0,1.4749897129729177,0.0,4.672393798524118,0.7366602078700943,20.88316175703144,-0.17699143378046522,17.33142428938085,0.023187285471868657,1.47499,0.0,1.4749897129729177,0.0,-1.8850708009839199,0.0,1,-6.666666666666668
mvad_One6__057.000,mvad_One6,57.0,59.0,Azimuth,-7.869608269150364,1,0,10.432352799172099,0.41202438492500293,14.01209164527235,0.210267485943338,8.519280619738524,0.5198466387385998,0.0,0.0,0.0,0.0,4.6303917308496345,0.739027477464091,15.369608269150367,0.13375678051909712,8.519280619738524,0.5198466387385998,0.0,0.0,0.0,0.0,0.0,0.0,0,0.0
mvad_One6__057.500,mvad_One6,57.5,59.5,Azimuth,-7.879288846199959,1,0,12.651348162377788,0.28696005968161464,9.015318504288876,0.491889553133506,7.954044487133373,0.5517037920700611,0.0,0.0,0.0,0.0,15.126429615399987,0.1474625208505913,23.157066623977737,-0.3051505018739906,9.065155598244482,0.48908069529134957,0.0,0.0,0.0,0.0,-1.111111111111109,0.0,1,-3.3333333333333304
mvad_One6__058.000,mvad_One6,58.0,60.0,Azimuth,-7.882151910860575,1,0,6.28451475580609,0.6457998018159218,9.016272859175748,0.4918357649409084,8.76150491860203,0.5061946865997033,0.0,0.0,0.0,0.0,14.872616029713143,0.16176765431678852,17.90516174806464,-0.009149009288785814,12.905161748064636,0.2726549262154173,0.0,0.0,0.0,0.0,-4.143656829462605,0.0,1,-14.097637155054485
mvad_One7__008.000,mvad_One7,8.0,10.0,Azimuth,1.4368810222630188,0,1,12.825769911151907,0.2771295126332003,15.756738118532118,0.1119378374977118,18.93688102226302,-0.06729751964971453,0.0,0.0,0.0,0.0,8.936881022263018,0.4963103513586915,21.15910324448524,-0.19254371320713792,14.79881743702344,0.16592700108771452,0.0,0.0,0.0,0.0,4.13806358523958,0.0,2,0.0
mvad_One7__008.000,mvad_One7,8.0,10.0,Distance,1.4613701741178204,0,1,0.30379005803927345,0.4580673048340893,0.4628766086273932,0.174271963797214,0.12954327529405982,0.7689070643922996,0.0,0.0,0.0,0.0,0.4962099419607265,0.11480845373770554,0.46287660862739327,0.17427196379721388,0.26287660862739326,0.5310530241542653,0.0,0.0,0.0,0.0,-0.13333333333333344,0.0,0,-0.1772596517643593
mvad_One7__008.000,mvad_One7,8.0,10.0,Elevation,12.14820575541723,0,1,9.10179424458277,-0.12294008699731385,11.367264748194257,-0.402444059077266,14.10179424458277,-0.7398185050442105,0.0,0.0,0.0,0.0,7.79940191847241,0.03774345656416167,2.4351275779161035,0.6995644703985486,11.60179424458277,-0.4313792960207621,0.0,0.0,0.0,0.0,2.5,0.0,1,-5.0
mvad_One7__008.500,mvad_One7,8.5,10.5,Azimuth,1.6298530872383423,0,1,14.709951029079448,0.17093558178626234,16.932173251301673,0.04568938822883861,15.240964198349452,0.14100726160529298,0.0,0.0,0.0,0.0,17.512271193142777,0.012994611631096387,20.796519753905013,-0.17210822228826617,16.376617695746116,0.07700093661819452,0.0,0.0,0.0,0.0,-1.1356534973966639,0.0,1,-11.66666666666667
mvad_One7__008.500,mvad_One7,8.5,10.5,Distance,1.407253142353864,0,1,0.5572531423538639,0.005913164918447844,0.5524177141179546,0.014539110984888581,0.30941352431280283,0.44803557353432966,0.0,0.0,0.0,0.0,0.5809156192153788,-0.036298453008179576,0.28575104745128793,0.49024719146095697,0.2760801909794695,0.5074990835938382,0.0,0.0,0.0,0.0,0.033333333333333326,0.0,1,-0.10000000000000012
mvad_One7__008.500,mvad_One7,8.5,10.5,Elevation,12.865286670329446,0,1,9.705095556776483,-0.1973727988116487,11.615286670329446,-0.43304393327080715,8.871762223443149,-0.09455972913716582,0.0,0.0,0.0,0.0,8.038428890109815,0.008253340537317078,7.794904443223518,0.03829833564750984,12.794904443223517,-0.5785800823993867,0.0,0.0,0.0,0.0,-3.9231422197803685,0.0,0,-9.269426659341107
mvad_One7__009.000,mvad_One7,9.0,11.0,Azimuth,1.1332804146918167,0,1,9.18883597024737,0.482109972176342,17.877760138230602,-0.007604632990709348,14.744391525802925,0.16899448828278318,0.0,0.0,0.0,0.0,4.544426804897272,0.7438725283538317,18.43331569378616,-0.03891618138006536,16.96661374802515,0.04374829472535957,0.0,0.0,0.0,0.0,-2.222222222222225,0.0,1,-9.999999999999996
mvad_One7__009.000,mvad_One7,9.0,11.0,Distance,1.336142795100976,0,1,0.30461906829967456,0.45658842903532537,0.5861427951009761,-0.045623239783860514,0.337952401633008,0.3971249189758166,0.0,0.0,0.0,0.0,0.6046190682996748,-0.07858316150025213,0.3046190682996746,0.45658842903532526,0.2471905382323573,0.5590354882961467,0.0,0.0,0.0,0.0,0.0907618634006507,0.0,1,0.0
mvad_One7__009.000,mvad_One7,9.0,11.0,Elevation,13.709323778132616,0,1,7.513558740622462,0.07300955403647635,7.486441259377538,0.07635519182283335,10.846892073955795,-0.3382427246614548,0.0,0.0,0.0,0.0,8.346892073955795,-0.029803515638006317,5.846892073955796,0.2786356933854419,12.513558740622463,-0.5438688640104206,0.0,0.0,0.0,0.0,-1.6666666666666679,0.0,0,-2.5
mvad_One7__009.500,mvad_One7,9.5,11.5,Azimuth,-0.0572976090829998,0,1,11.887146835361444,0.33003104797576277,13.036456352527892,0.2652550589657746,12.442702390916999,0.29871949958640687,0.0,0.0,0.0,0.0,11.887146835361444,0.33003104797576277,19.109369057583667,-0.07701908108586375,10.220480168694776,0.4239656931438305,0.0,0.0,0.0,0.0,2.222222222222223,0.0,2,-8.33333333333333
mvad_One7__009.500,mvad_One7,9.5,11.5,Distance,1.2665342879445936,0,1,0.32782190401846883,0.4151967673801159,0.4055114293148645,0.27660601131069584,0.4944885706851356,0.11787921708257298,0.0,0.0,0.0,0.0,0.9834657120554068,-0.7544096978596526,0.22782190401846888,0.5935872975586415,0.3501323787220732,0.3753969932710103,0.0,0.0,0.0,0.0,0.14435619196306237,0.0,2,0.0
mvad_One7__009.500,mvad_One7,9.5,11.5,Elevation,14.463094880382709,0,1,2.737698293460903,0.6622346015280298,8.571031626794236,-0.05745688619334954,9.40436496012757,-0.16026995586783244,0.0,0.0,0.0,0.0,9.046428213716043,-0.11610926509039343,7.262301706539097,0.10400856237817657,13.453571786283959,-0.6598436161206425,0.0,0.0,0.0,0.0,-4.049206826156389,0.0,0,-6.073810239234582
mvad_One7__010.000,mvad_One7,10.0,12.0,Azimuth,-1.570683627358569,0,1,7.040427483752541,0.6031959654893162,10.92931637264143,0.384015126763825,7.0404274837525405,0.6031959654893162,0.0,0.0,0.0,0.0,10.373760817085875,0.4153266751531809,21.976438790880476,-0.2386093879274691,8.151538594863652,0.5405728687106044,0.0,0.0,0.0,0.0,-1.1111111111111116,0.0,0,-1.6666666666666679
mvad_One7__010.000,mvad_One7,10.0,12.0,Distance,1.1947868760159837,0,1,0.45521312398401625,0.1879428946826841,0.21840437466133875,0.6103872781085442,0.5149289586719945,0.08141550058226765,0.0,0.0,0.0,0.0,0.7149289586719946,-0.2753655597747837,0.6850710413280053,-0.22210186272457544,0.38854645731734977,0.3068699148017008,0.0,0.0,0.0,0.0,0.12638250135464474,0.0,2,-0.010426247968032876
mvad_One7__010.000,mvad_One7,10.0,12.0,Elevation,15.411309676877307,0,1,3.053769892292436,0.62323905195268,3.887103225625769,0.5204259822781971,6.387103225625769,0.2119867732547488,0.0,0.0,0.0,0.0,9.161309676877307,-0.13028284414196012,4.99464301021064,0.3837825042304539,11.672023656456027,-0.44004389772011,0.0,0.0,0.0,0.0,-5.284920430830257,0.0,0,-10.0
mvad_One7__010.500,mvad_One7,10.5,12.5,Azimuth,-2.981566401375775,0,1,13.962878043068669,0.21304120329960508,10.07398915417978,0.4322220420250963,6.740655820846446,0.6200913323612316,0.0,0.0,0.0,0.0,13.962878043068665,0.2130412032996053,14.28392231065252,0.1949468956843664,12.061700088430298,0.3201930892417899,0.0,0.0,0.0,0.0,-5.321044267583852,0.0,0,-15.963132802751552
mvad_One7__010.500,mvad_One7,10.5,12.5,Distance,1.1071113882526582,0,1,0.24762953724911388,0.558252355622676,0.40955527841400846,0.26939216746311345,0.7095552784140086,-0.2657794230724637,0.0,0.0,0.0,0.0,1.0809628705824474,-0.9283353958650382,0.6762219450806753,-0.2063159130129555,0.6428886117473419,-0.1468524029534466,0.0,0.0,0.0,0.0,0.06666666666666665,0.0,1,-0.2999999999999998
mvad_One7__010.500,mvad_One7,10.5,12.5,Elevation,16.83640254717067,0,1,2.695467515723557,0.6674448526007306,8.580264119495995,-0.05859595129184769,10.195467515723557,-0.25787277446961454,0.0,0.0,0.0,0.0,4.753069213837338,0.41358683650012307,8.137865817609777,-0.00401475836900711,8.971199150943109,-0.10682782804348978,0.0,0.0,0.0,0.0,1.224268364780448,0.0,1,0.0
mvad_One7__011.000,mvad_One7,11.0,13.0,Azimuth,-3.8518890042986618,0,1,15.660481443011557,0.11736293949376086,15.660481443011557,0.11736293949376086,15.104925887456,0.14867448788311677,0.0,0.0,0.0,0.0,14.203666551256893,0.19947017345327955,15.660481443011557,0.11736293949376086,10.314777662368003,0.41865101217877077,0.0,0.0,0.0,0.0,4.7901482250879965,0.0,3,3.333333333333332
mvad_One7__011.000,mvad_One7,11.0,13.0,Distance,1.0285225494821522,0,1,0.4261741831607173,0.23974561517559534,0.3548107838511812,0.3670511615572951,0.5881441171845145,-0.04919340885926471,0.0,0.0,0.0,0.0,0.9881441171845147,-0.7627555295733677,0.607159150172616,-0.08311442702036054,0.6214774505178479,-0.10865691891877338,0.0,0.0,0.0,0.0,-0.033333333333333326,0.0,1,-0.10000000000000009
mvad_One7__011.000,mvad_One7,11.0,13.0,Elevation,18.081925406125,0,1,12.665258739458332,-0.5625849550703379,2.7226915312916673,0.6640860710694227,9.389358197958336,-0.15841848632643996,0.0,0.0,0.0,0.0,3.5560248646250003,0.5612730013949399,5.222691531291667,0.3556468620459743,7.722691531291669,0.04720765302252572,0.0,0.0,0.0,0.0,1.666666666666667,0.0,1,-2.5
mvad_One7__011.500,mvad_One7,11.5,13.5,Azimuth,-5.239049340164913,0,1,12.816506215390644,0.2776516218177677,14.086983553278364,0.2060465190606353,12.260950659835084,0.30896317020712394,0.0,0.0,0.0,0.0,14.483172882057309,0.18371697664970021,13.372061770946196,0.24634007342841202,12.260950659835084,0.30896317020712394,0.0,0.0,0.0,0.0,0.0,0.0,1,-6.666666666666666
mvad_One7__011.500,mvad_One7,11.5,13.5,Distance,1.0003396265509927,0,1,0.4832201244830024,0.13798105800544036,0.5832201244830025,-0.04040947217308566,0.3829937067823406,0.3167754959205945,0.0,0.0,0.0,0.0,0.6829937067823407,-0.21839609461498255,0.3832201244830024,0.31637158818396593,0.5829937067823406,-0.04000556443645675,0.0,0.0,0.0,0.0,-0.2,0.0,0,-0.5
mvad_One7__011.500,mvad_One7,11.5,13.5,Elevation,18.51712399718492,0,1,7.26712399718492,0.10341360897318508,14.089041332394975,-0.738245105785031,6.899542669481747,0.1487642065606074,0.0,0.0,0.0,0.0,4.244292000938359,0.47635757294640935,7.5776253342716915,0.06510529424847833,9.244292000938358,-0.14052084510048735,0.0,0.0,0.0,0.0,-2.3447493314566117,0.0,0,-4.53424799436984
mvad_One7__012.000,mvad_One7,12.0,14.0,Azimuth,-7.156457177224632,0,1,11.225625385369568,0.36731491758139423,3.6768761561087,0.7927683657694005,7.565765044997588,0.5735875270439094,0.0,0.0,0.0,0.0,9.558958718702902,0.46124956274946183,18.44784760759179,-0.03973521148023229,12.565765044997589,0.29178359153970634,0.0,0.0,0.0,0.0,-5.000000000000001,0.0,0,-8.333333333333332
mvad_One7__012.000,mvad_One7,12.0,14.0,Distance,1.0319168438794155,0,1,0.6060277187068616,-0.0810960604299944,0.6180831561205845,-0.10260181914767519,0.3060277187068616,0.45407553010558244,0.0,0.0,0.0,0.0,0.7273056146264721,-0.2974443419503483,0.7180831561205846,-0.280992349326201,0.5514164894539179,0.016325200971341935,0.0,0.0,0.0,0.0,-0.24538877074705628,0.0,0,-0.3999999999999999
mvad_One7__012.000,mvad_One7,12.0,14.0,Elevation,17.99217133745913,0,1,7.24739044581971,0.1058482493629086,13.914057112486375,-0.7166563080329535,7.24739044581971,0.1058482493629086,0.0,0.0,0.0,0.0,13.408838004125798,-0.654324555166446,5.25260955418029,0.35195570551984945,9.419276220846957,-0.16210964285256457,0.0,0.0,0.0,0.0,-2.1718857750272464,0.0,0,-6.51565732508174
mvad_One7__012.500,mvad_One7,12.5,14.5,Azimuth,-9.339874507073574,0,1,10.937903270704203,0.38353116243025254,7.049014381815314,0.6027120011557436,5.382347715148647,0.6966466463238112,0.0,0.0,0.0,0.0,8.506541173740242,0.5205646439422916,16.053375164308807,0.09521914011446952,2.6045699373708686,0.8532043882705908,0.0,0.0,0.0,0.0,2.7777777777777786,0.0,2,0.0
mvad_One7__012.500,mvad_One7,12.5,14.5,Distance,1.1051846856516838,0,1,0.2551846856516838,0.5447746863315572,0.34827177144943877,0.378716140449203,0.4149384381161054,0.259789120330186,0.0,0.0,0.0,0.0,0.7517282285505614,-0.34101197241298564,0.15172822855056128,0.7293312086581686,0.4781486476816496,0.14702809235925451,0.0,0.0,0.0,0.0,-0.06321020956554418,0.0,0,-0.10000000000000014
mvad_One7__012.500,mvad_One7,12.5,14.5,Elevation,16.677152666684623,0,1,7.9271526666846235,0.02198212067187011,9.59381933335129,-0.18364401867709534,10.142384222228207,-0.25132358684638834,0.0,0.0,0.0,0.0,12.927152666684625,-0.5948962973750269,4.5938193333512904,0.43323439936980124,10.40618066664871,-0.28386965351049165,0.0,0.0,0.0,0.0,-0.2637964444205032,0.0,1,-1.645694666630754
mvad_One7__022.000,mvad_One7,22.0,24.0,Azimuth,3.0360457952451445,0,1,6.289793042859493,0.6455023134030478,14.82131806825162,0.1646588478014286,11.647156906356253,0.3435570692707701,6.65,6.65,0.0,0.0,5.536045795245143,0.6879841015536847,14.980490239689587,0.1556877789346348,11.647156906356253,0.3435570692707701,5.65,5.65,0.0,0.0,0.0,1.0,0,0.0
mvad_One7__022.000,mvad_One7,22.0,24.0,Distance,1.2257521304434498,0,1,0.5747492898521835,-0.02529830536462141,0.4585840434811499,0.1819294935198561,0.4252507101478165,0.24139300357936466,6.65,6.65,0.0,0.0,0.75858404348115,-0.3532420970157213,0.5919173768144832,-0.05592454671817815,0.35758120288988354,0.36210899634598726,5.65,5.65,0.0,0.0,0.06766950725793297,1.0,2,0.0
mvad_One7__022.000,mvad_One7,22.0,24.0,Elevation,15.329092279233077,0,1,10.745758945899743,-0.3257653558519844,8.245758945899743,-0.01732614682853617,6.359697426411025,0.21536798246772926,6.65,6.65,0.0,0.0,7.193030759744359,0.11255491279324636,7.41242561256641,0.08548692284594672,11.140302573588974,-0.3744424456318678,5.65,5.65,0.0,0.0,-4.7806051471779485,1.0,0,-10.0
mvad_One7__022.500,mvad_One7,22.5,24.5,Azimuth,-0.3951760757591053,0,1,5.14605241919141,0.7099644351921872,17.076169803030815,0.03757362923357721,6.549268368685337,0.6308780798062561,0.0,0.0,0.0,0.0,4.034941308080298,0.772587531970899,14.561842742425773,0.17928308139822036,2.923830196969187,0.8352106287496108,0.0,0.0,0.0,0.0,3.62543817171615,0.0,3,1.6666666666666665
mvad_One7__022.500,mvad_One7,22.5,24.5,Distance,1.14105937360828,0,1,0.7363135421305737,-0.31351363158301226,0.2636864578694266,0.5296083297977552,0.9756072930583869,-0.740391022547219,0.0,0.0,0.0,0.0,0.7303531245360935,-0.3028808110353649,0.46964687546390665,0.1621944488930568,1.0422739597250537,-0.8593180426662363,0.0,0.0,0.0,0.0,-0.06666666666666676,0.0,2,-0.6000000000000003
mvad_One7__022.500,mvad_One7,22.5,24.5,Elevation,16.422021817439465,0,1,11.83868848410613,-0.4606062847650809,6.724007272479821,0.17042100616336375,9.33868848410613,-0.15216707574163246,0.0,0.0,0.0,0.0,10.890673939146488,-0.34364434220905027,9.224007272479822,-0.1380182028600847,6.005355150772798,0.25908520295629867,0.0,0.0,0.0,0.0,3.333333333333333,0.0,2,-2.5
mvad_One7__023.000,mvad_One7,23.0,25.0,Azimuth,-3.84044410375953,0,1,11.34044410375953,0.36084364423902615,8.780148034586512,0.5051439459088056,3.104000340684913,0.825056097637721,0.0,0.0,0.0,0.0,13.104000340684914,0.261448226629315,24.673777437092863,-0.39063351710551486,5.326222562907135,0.6998099040802974,0.0,0.0,0.0,0.0,-2.222222222222222,0.0,0,-3.3333333333333335
mvad_One7__023.000,mvad_One7,23.0,25.0,Distance,1.0904930828171877,0,1,0.7531689723942708,-0.34358212299429325,0.21349769427239584,0.6191403312685453,0.5134976942723958,0.08396874073296834,0.0,0.0,0.0,0.0,0.8531689723942709,-0.521972653172819,0.7595069171828124,-0.3548884163049948,0.4928402505161457,0.12081966417107359,0.0,0.0,0.0,0.0,0.02065744375625006,0.0,1,-0.2190138343656247
mvad_One7__023.000,mvad_One7,23.0,25.0,Elevation,17.011012182088606,0,1,1.9203373940295354,0.763077061250952,4.0943455154219395,0.4948573231018215,6.920337394029535,0.1461986432040553,0.0,0.0,0.0,0.0,12.753670727362868,-0.5734928445173242,5.072321151244727,0.3741989104788678,8.587004060696202,-0.059427496144910386,0.0,0.0,0.0,0.0,-1.666666666666667,0.0,1,-9.022024364177213
mvad_One7__023.500,mvad_One7,23.5,25.5,Azimuth,-5.33533909345033,0,1,9.502005760117,0.4644594763230848,11.500668586705666,0.35181326626735676,15.94511303115011,0.10132087915250976,0.0,0.0,0.0,0.0,16.500668586705668,0.07000933076315363,11.83266474662767,0.3331017013796961,7.720216462105224,0.5648825236068827,0.0,0.0,0.0,0.0,8.224896569044885,0.0,2,-3.333333333333334
mvad_One7__023.500,mvad_One7,23.5,25.5,Distance,1.100393760950785,0,1,0.3162729057158817,0.4357990866824101,0.6832020796830717,-0.21876781213734486,0.4834645869835949,0.13754496005454564,0.0,0.0,0.0,0.0,0.9162729057158817,-0.6345440943887439,0.5162729057158817,0.0790180263253587,0.5162729057158818,0.07901802632535859,0.0,0.0,0.0,0.0,-0.0328083187322869,0.0,1,-0.2992124780984302
mvad_One7__023.500,mvad_One7,23.5,25.5,Elevation,16.74774691693123,0,1,4.834084361022923,0.40359153733338704,2.9977469169312307,0.6301509248357,10.49774691693123,-0.29516670223464514,0.0,0.0,0.0,0.0,10.999248972310411,-0.35703986114856034,4.332582305643744,0.46546469624730213,5.9992489723104105,0.25983855689833657,0.0,0.0,0.0,0.0,4.49849794462082,0.0,2,-1.5045061661375385
mvad_One7__024.000,mvad_One7,24.0,26.0,Azimuth,-4.2162231315716605,0,1,5.605112020460552,0.6840914747384604,19.460963266079442,-0.09683520741678286,8.283776868428339,0.5331198155276424,0.0,0.0,0.0,0.0,13.839332423983896,0.2200043316340835,14.460963266079444,0.18496872808742004,6.61711020176167,0.6270544606957102,0.0,0.0,0.0,0.0,1.6666666666666687,0.0,2,-4.999999999999999
mvad_One7__024.000,mvad_One7,24.0,26.0,Distance,1.1674015240189322,0,1,0.7724671746729773,-0.3780082883542022,0.6275328253270227,-0.11945913414515719,0.860866158660356,-0.535703704561717,0.0,0.0,0.0,0.0,0.8608661586603561,-0.5357037045617172,0.9825984759810679,-0.75286263082874,0.41593180931440127,0.25801704018290517,0.0,0.0,0.0,0.0,0.4449343493459547,0.0,3,0.034803048037864215
mvad_One7__024.000,mvad_One7,24.0,26.0,Elevation,15.619672669921636,0,1,9.369672669921636,-0.1559897708477005,5.203006003254969,0.35807557752471353,9.789890889973877,-0.20783448101176227,0.0,0.0,0.0,0.0,3.5363393365883025,0.5637017168736791,6.043442443359456,0.2543861571965893,11.463660663411696,-0.41433697101436917,0.0,0.0,0.0,0.0,-1.6737697734378187,0.0,0,-3.760654660156728
mvad_One7__024.500,mvad_One7,24.5,26.5,Azimuth,-2.3310833999096614,0,1,6.054805577747666,0.6587463918955817,15.056305533363448,0.15141476930889464,18.502249933423666,-0.04280136938423329,0.0,0.0,0.0,0.0,12.834083311141223,0.27666096286631836,17.278527755585667,0.026168575751471246,14.057805488979227,0.2076910177306136,0.0,0.0,0.0,0.0,4.444444444444439,0.0,3,3.3333333333333286
mvad_One7__024.500,mvad_One7,24.5,26.5,Distance,1.27261321223374,0,1,0.9924622625887537,-0.7704586920538692,0.22579559592208676,0.597202039314828,0.35912892925542,0.35934799907679393,0.0,0.0,0.0,0.0,0.8075377374112468,-0.4405708511595936,0.17420440407791327,0.6892358399710694,0.5440534544329267,0.02946015818251846,0.0,0.0,0.0,0.0,-0.18492452517750674,0.0,1,-0.5547735755325202
mvad_One7__024.500,mvad_One7,24.5,26.5,Elevation,14.19331910985236,0,1,11.276652443185695,-0.39126470400341296,10.390014223480973,-0.2818751075331398,5.68556029671588,0.29854011169033257,0.0,0.0,0.0,0.0,7.109985776519028,0.12280064436900107,5.68556029671588,0.29854011169033257,11.518893630049213,-0.421151376031047,0.0,0.0,0.0,0.0,-5.833333333333333,0.0,0,-12.5
mvad_One7__025.000,mvad_One7,25.0,27.0,Azimuth,-1.7640237710118654,0,1,3.5786587429960446,0.7983039764794382,15.800880965218267,0.10944991191360864,19.069309562321468,-0.07476129640202389,0.0,0.0,0.0,0.0,13.023103187440489,0.26600765386038816,18.02310318744049,-0.015796281643814858,14.624865117877022,0.17573109071282333,0.0,0.0,0.0,0.0,4.444444444444446,0.0,2,0.0
mvad_One7__025.000,mvad_One7,25.0,27.0,Distance,1.3844977045010245,0,1,0.5448325681670082,0.028070293061596807,0.1885007651663252,0.6637324856292148,0.3781659015003414,0.32538784335913984,0.0,0.0,0.0,0.0,0.8448325681670082,-0.5071012974739801,0.31149923483367487,0.44431486347815674,0.3551674318329918,0.36641493533167213,0.0,0.0,0.0,0.0,0.022998469667349586,0.0,2,-0.3310045909979511
mvad_One7__025.000,mvad_One7,25.0,27.0,Elevation,12.848856618310768,0,1,9.9321899516441,-0.2253907250222993,10.901143381689232,-0.3449360168397704,3.6337144605630782,0.5516879943867431,0.0,0.0,0.0,0.0,4.699618872770256,0.42018130886842886,6.734476715022566,0.16912933153264342,8.633714460563079,-0.0651904236601537,0.0,0.0,0.0,0.0,-5.0,0.0,0,-10.0
mvad_One7__025.500,mvad_One7,25.5,27.5,Azimuth,-3.0882052280995635,0,1,23.529401742699857,-0.32613560223045424,15.915042701744591,0.10301566658618633,17.745128105233764,-0.00012938721622290927,0.0,0.0,0.0,0.0,18.300683660789325,-0.031440935605579146,20.75162396492208,-0.1695778602836746,14.411794771900434,0.18773990311991218,0.0,0.0,0.0,0.0,3.3333333333333304,0.0,2,0.0
mvad_One7__025.500,mvad_One7,25.5,27.5,Distance,1.4983708959380055,0,1,0.28279029864600175,0.4955288869519614,0.25162910406199446,0.551117507180334,0.38279029864600184,0.3171383567734356,0.0,0.0,0.0,0.0,0.882790298646002,-0.5748142941191929,0.44945696531266854,0.19821133665441837,0.11720970135399816,0.7909089923339361,0.0,0.0,0.0,0.0,0.2655805972920037,0.0,3,0.0032582081239891925
mvad_One7__025.500,mvad_One7,25.5,27.5,Elevation,11.65884158536072,0,1,4.591158414639279,0.4335626920349246,13.19705280487976,-0.6281954114311177,8.197052804879762,-0.011316993384221208,0.0,0.0,0.0,0.0,6.2421749186940545,0.22986740219679902,1.8029471951202403,0.7775601572904273,9.030386138213094,-0.11413006305870388,0.0,0.0,0.0,0.0,-0.8333333333333321,0.0,1,-10.0
mvad_One7__026.000,mvad_One7,26.0,28.0,Azimuth,-5.387003431463288,0,1,13.22410767964782,0.2546788824687781,11.001885457425601,0.3799250760262015,9.03766552284557,0.4906300575782937,0.0,0.0,0.0,0.0,13.779663235203378,0.22336733407942222,18.74011225493221,-0.05620747704608786,9.335218790758931,0.47385972119426933,0.0,0.0,0.0,0.0,-0.29755326791336145,0.0,1,-7.559326470406754
mvad_One7__026.000,mvad_One7,26.0,28.0,Distance,1.5888596752159971,0,1,0.43885967521599706,0.21711589864242709,0.5721930085493304,-0.020738141595607162,0.4278069914506697,0.23683283981035042,0.0,0.0,0.0,0.0,0.5462865584053324,0.025476512166706322,0.40552634188266373,0.27657940870193565,0.2796198917386657,0.5011845926427748,0.0,0.0,0.0,0.0,0.148187099712004,0.0,2,0.0
mvad_One7__026.000,mvad_One7,26.0,28.0,Elevation,10.801939563051873,0,1,5.982686812316042,0.26188192470968963,6.816020145649375,0.15906885503520696,8.183979854350625,-0.009704109175897146,0.0,0.0,0.0,0.0,6.816020145649375,0.15906885503520696,7.649353478982708,0.056255785360724175,11.816020145649375,-0.45780956301168985,0.0,0.0,0.0,0.0,-3.6320402912987504,0.0,0,-10.896120873896255
mvad_One7__026.500,mvad_One7,26.5,28.5,Azimuth,-7.233010643688016,0,1,11.378100467423094,0.3587213019435922,6.755663118770663,0.619245509237966,9.711433800756426,0.4526559471116599,0.0,0.0,0.0,0.0,10.822544911867539,0.3900328503329481,6.755663118770662,0.619245509237966,9.35544799234045,0.4727195874707134,0.0,0.0,0.0,0.0,0.3559858084159764,0.0,1,-11.132687954042702
mvad_One7__026.500,mvad_One7,26.5,28.5,Distance,1.6566559316761893,0,1,0.36888531055872975,0.3419435387435811,0.6644480227746036,-0.18531235058834628,0.7688853105587296,-0.3716185819705211,0.0,0.0,0.0,0.0,0.43111468944127035,0.23093221982821344,0.5644480227746037,-0.006921820409820922,0.502218643892063,0.10408949850554694,0.0,0.0,0.0,0.0,0.2666666666666665,0.0,2,0.0
mvad_One7__026.500,mvad_One7,26.5,28.5,Elevation,10.127380476888671,0,1,2.959126825629557,0.6349157050011007,7.125793492296224,0.1208503566286867,3.8773804768886713,0.5216255330501989,0.0,0.0,0.0,0.0,4.540873174370443,0.4397666679285541,11.207539841037109,-0.38273788946730813,12.040873174370441,-0.4855509591417908,0.0,0.0,0.0,0.0,-8.16349269748177,0.0,1,-14.745239046222657
mvad_One7__033.000,mvad_One7,33.0,35.0,Azimuth,17.7233160182909,0,1,29.11220490717979,-0.6407867828096068,31.334427129402012,-0.7660329763670304,34.11220490717979,-0.9225907183138096,0.0,0.0,0.0,0.0,23.556649351624234,-0.32767129891604796,21.334427129402012,-0.20242510535862435,5.629994228319188,0.6826890939187409,0.0,0.0,0.0,0.0,28.4822106788606,0.0,3,23.333333333333336
mvad_One7__033.000,mvad_One7,33.0,35.0,Distance,1.256106244903707,0,1,0.2979645850320977,0.468459397016997,0.46463125169876435,0.17114184671945432,0.4353687483012357,0.22334338167381473,0.0,0.0,0.0,0.0,0.5272270884296264,0.059476801705585114,0.9605604217629597,-0.7135488290680261,0.49796458503209773,0.11167833665994564,0.0,0.0,0.0,0.0,-0.06259583673086205,0.0,0,-0.10000000000000009
mvad_One7__033.000,mvad_One7,33.0,35.0,Elevation,14.167684744817644,0,1,10.415648588515689,-0.2850377648431903,4.5843514114843105,0.4344025107025,10.139228248272548,-0.2509342164021555,0.0,0.0,0.0,0.0,7.639228248272548,0.05750499262129283,6.251018078150977,0.22877637135353446,4.5843514114843105,0.4344025107025,0.0,0.0,0.0,0.0,5.554876836788238,0.0,2,0.0
mvad_One7__033.500,mvad_One7,33.5,35.5,Azimuth,15.89707106436862,0,1,18.952626619924175,-0.06818495392727031,22.84151550881306,-0.2873657926527613,33.39707106436862,-0.8822852120505233,0.0,0.0,0.0,0.0,25.06373773103529,-0.41261198621018536,31.174848842146393,-0.7570390184930995,17.200976311877128,0.030539436159691125,0.0,0.0,0.0,0.0,16.19609475249149,0.0,2,-15.0
mvad_One7__033.500,mvad_One7,33.5,35.5,Distance,1.248427116116004,0,1,0.33385762796133184,0.40442960743833045,0.46719096129466525,0.1665755672002961,0.43176044944933745,0.2297802451261417,0.0,0.0,0.0,0.0,0.4994757053720014,0.10898264107395583,0.6005242946279986,-0.07127847303773827,0.43280903870533477,0.22790966119297296,0.0,0.0,0.0,0.0,-0.0010485892559973231,0.0,1,-0.10314576776799189
mvad_One7__033.500,mvad_One7,33.5,35.5,Elevation,14.35933692119116,0,1,6.890663078808839,0.14985973213004877,10.20311230706372,-0.258815955827258,6.442670254524494,0.2051311530782265,0.0,0.0,0.0,0.0,11.036445640397053,-0.3616290255017409,13.536445640397053,-0.6700682345251894,5.609336921191161,0.3079442227527093,0.0,0.0,0.0,0.0,0.833333333333333,0.0,1,0.0
mvad_One7__034.000,mvad_One7,34.0,36.0,Azimuth,12.479463393072043,0,1,6.659821131024013,0.6246472391046762,14.437598908801794,0.1862855616536937,32.20168561529427,-0.814912347251801,0.0,0.0,0.0,0.0,7.770932242135125,0.5620241423259644,16.673512202309322,0.06026772854237661,17.201685615294263,0.030499459260807993,0.0,0.0,0.0,0.0,15.000000000000004,0.0,3,5.0
mvad_One7__034.000,mvad_One7,34.0,36.0,Distance,1.2029880250366385,0,1,0.649003991654454,-0.15776166159217486,0.5176626750122127,0.07653880950937542,0.4529880250366385,0.19191226049190802,0.0,0.0,0.0,0.0,0.8823373249877872,-0.5740062320087345,0.6470119749633616,-0.15420809245569056,0.4470119749633616,0.2025729679013608,0.0,0.0,0.0,0.0,0.005976050073276895,0.0,2,-0.19402394992672312
mvad_One7__034.000,mvad_One7,34.0,36.0,Elevation,15.089110963297014,0,1,12.946370321099005,-0.5972672886257699,11.279703654432339,-0.3916411492768044,8.839110963297014,-0.09053135759592879,0.0,0.0,0.0,0.0,10.50577762996368,-0.2961574969448941,7.053629678900996,0.12975361643818262,7.053629678900996,0.12975361643818262,0.0,0.0,0.0,0.0,1.7854812843960177,0.0,2,-2.321778073405973
mvad_One7__034.500,mvad_One7,34.5,36.5,Azimuth,6.972337706282252,0,1,15.583448817393363,0.1217045589060467,18.713001457649643,-0.05467949117231119,17.805671039615586,-0.0035416346513770236,0.0,0.0,0.0,0.0,8.71300145764964,0.508928379836095,14.824112568760754,0.16450134755318013,8.509220764572584,0.5204136200938726,0.0,0.0,0.0,0.0,9.296450275043002,0.0,3,1.6666666666666679
mvad_One7__034.500,mvad_One7,34.5,36.5,Distance,1.147166236571377,0,1,0.5304995699047105,0.05363900465218863,0.4342779211428744,0.22528931402494679,0.5323887455237923,0.05026889424930503,0.0,0.0,0.0,0.0,0.46572207885712574,0.16919591436832204,0.6028337634286228,-0.07539834667547929,0.7009445878095412,-0.25041876645112193,0.0,0.0,0.0,0.0,-0.16855584228574882,0.0,0,-0.40566752685724583
mvad_One7__034.500,mvad_One7,34.5,36.5,Elevation,15.888044611890429,0,1,11.304711278557095,-0.39472648199864246,10.71268153729681,-0.3216844079535708,9.879348203963476,-0.2188713382790879,0.0,0.0,0.0,0.0,10.471377945223763,-0.2919134123241598,7.620651796036523,0.059796875114949355,9.046014870630144,-0.11605826860460522,0.0,0.0,0.0,0.0,0.8333333333333321,0.0,1,-5.723910776219142
mvad_One7__035.000,mvad_One7,35.0,37.0,Azimuth,0.8608952539441219,0,1,12.78696508464804,0.2793165831982698,15.564742862425817,0.12275884125149039,7.805339698388565,0.5600849110093828,0.0,0.0,0.0,0.0,15.00918730687026,0.1540703896408464,20.00918730687026,-0.1277335458633566,9.47200636505523,0.46615026584131525,0.0,0.0,0.0,0.0,-1.666666666666666,0.0,0,-1.6666666666666679
mvad_One7__035.000,mvad_One7,35.0,37.0,Distance,1.120056675395161,0,1,0.5033900087284945,0.1019998945635121,0.23672334206182769,0.5777079750395808,0.7433144415349463,-0.32600257314773784,0.0,0.0,0.0,0.0,0.609981108201613,-0.08814853290970381,0.27664777486827963,0.5064865676853819,0.46327665793817235,0.1735583137107396,0.0,0.0,0.0,0.0,0.28003778359677395,0.0,2,-0.159886649209678
mvad_One7__035.000,mvad_One7,35.0,37.0,Elevation,16.165874045968927,0,1,11.582540712635593,-0.4290038783548842,6.582540712635594,0.1878745396920125,9.082540712635595,-0.12056466933143595,0.0,0.0,0.0,0.0,4.971958015322976,0.38658128098239486,4.138624681989643,0.48939435065687764,10.917459287364403,-0.3469490028561508,0.0,0.0,0.0,0.0,-1.8349185747288086,0.0,0,-2.6682519080621443
mvad_One7__035.500,mvad_One7,35.5,37.5,Azimuth,-3.642163706439008,0,1,5.174834320075886,0.7083422646040798,13.508167653409217,0.23866903876374168,6.080058515783214,0.6573231164312895,0.0,0.0,0.0,0.0,12.746725182449879,0.281584535759019,17.602943457701894,0.007884251432328848,4.968947404672101,0.7199462132100013,0.0,0.0,0.0,0.0,1.1111111111111125,0.0,2,-1.6666666666666674
mvad_One7__035.500,mvad_One7,35.5,37.5,Distance,1.132000917781393,0,1,0.5726663607395357,-0.021582557077326037,0.47266636073953555,0.15680797310119987,0.5273336392604643,0.059286725113543826,0.0,0.0,0.0,0.0,0.6606669725937977,-0.17856731512449064,0.3726663607395357,0.33519850327972533,0.4513324155519404,0.1948657110293469,0.0,0.0,0.0,0.0,0.07600122370852386,0.0,1,-0.13599816443721408
mvad_One7__035.500,mvad_One7,35.5,37.5,Elevation,15.929156027823744,0,1,6.773614657392085,0.16430066113773956,9.059718675941248,-0.11774898495291275,9.893052009274582,-0.22056205462739542,0.0,0.0,0.0,0.0,9.059718675941248,-0.11774898495291275,5.940281324058752,0.26711373081222234,11.15417730550959,-0.3761542501674706,0.0,0.0,0.0,0.0,-1.261125296235008,0.0,0,-3.141687944352512
mvad_One7__036.000,mvad_One7,36.0,38.0,Azimuth,-7.27882066787219,0,1,8.407059777375936,0.5261714937432747,16.184837555153717,0.08780981629229212,1.3322904432389195,0.9249110619721267,0.0,0.0,0.0,0.0,10.221179332127809,0.4239262877424326,19.926273555957398,-0.12306046160042472,1.887845998794476,0.8935995135827708,0.0,0.0,0.0,0.0,-0.5555555555555565,0.0,1,-1.6666666666666679
mvad_One7__036.000,mvad_One7,36.0,38.0,Distance,1.1868918087922398,0,1,0.3877027304025866,0.3083750437182057,0.48770273040258666,0.12998451353968,0.5456306029307465,0.026646674615555144,0.0,0.0,0.0,0.0,0.7964415245410935,-0.42077625819078923,0.6631081912077603,-0.18292221795275543,0.39644152454109366,0.29278586252331307,0.0,0.0,0.0,0.0,0.14918907838965284,0.0,2,-0.0262163824155206
mvad_One7__036.000,mvad_One7,36.0,38.0,Elevation,15.134062943278938,0,1,4.538645685573687,0.4400414858815861,7.038645685573687,0.13160227685813775,8.050729609945604,0.006735730818689167,0.0,0.0,0.0,0.0,3.794687647759646,0.531827817373586,5.461354314426313,0.3262016780246204,11.949270390054394,-0.47424940300627605,0.0,0.0,0.0,0.0,-3.8985407801087906,0.0,0,-4.7318741134421245
mvad_One7__036.500,mvad_One7,36.5,38.5,Azimuth,-9.065974549955657,0,1,12.744213738874109,0.28172608269570876,17.188658183318555,0.03123369558086153,20.454863438844548,-0.1528522034534856,0.0,0.0,0.0,0.0,8.434025450044343,0.5246516872069795,12.811341816681448,0.2779426913939206,13.855324849985221,0.21910298591699684,0.0,0.0,0.0,0.0,6.5995385888593265,0.0,2,-21.66666666666667
mvad_One7__036.500,mvad_One7,36.5,38.5,Distance,1.2627199634693151,0,1,0.2375733211564384,0.576191692826298,0.6206133698640183,-0.1071154808592365,0.9206133698640183,-0.6422870713948137,0.0,0.0,0.0,0.0,0.595760012176895,-0.06277944431401195,0.295760012176895,0.4723921462215649,0.6624266788435617,-0.18170646443302907,0.0,0.0,0.0,0.0,0.25818669102045666,0.0,2,-0.5
mvad_One7__036.500,mvad_One7,36.5,38.5,Elevation,14.116424631770643,0,1,7.377858456076453,0.08975166940832746,10.466908701562689,-0.2913620163322579,8.211191789409787,-0.01306140026615532,0.0,0.0,0.0,0.0,7.622141543923547,0.05961307645098224,9.044525122743119,-0.11587446994063799,4.288808210590214,0.47086535514891337,0.0,0.0,0.0,0.0,3.9223835788195727,0.0,3,1.7671507364587136
mvad_One7__037.000,mvad_One7,37.0,39.0,Azimuth,-9.36475350281952,0,1,8.690802052736034,0.510179555770196,5.066028945384285,0.7144746211625004,0.6215845009398399,0.9649670082773474,0.0,0.0,0.0,0.0,7.024135386069368,0.6041142009382636,7.579690941624924,0.5728026525489077,0.6215845009398399,0.9649670082773474,0.0,0.0,0.0,0.0,0.0,0.0,1,-1.2704929943609589
mvad_One7__037.000,mvad_One7,37.0,39.0,Distance,1.3189599563594865,0,1,0.1022932896928197,0.8175184581799237,0.3770133478801712,0.3274438898727532,0.6103466812135045,-0.08880068054380663,0.0,0.0,0.0,0.0,0.3563199854531622,0.36435888881805845,0.31034668121350456,0.4463709099917703,0.26437337697384683,0.5283829311654824,0.0,0.0,0.0,0.0,0.3459733042396577,0.0,2,0.0
mvad_One7__037.000,mvad_One7,37.0,39.0,Elevation,13.416719006306693,0,1,2.8332809936933074,0.6504420205456265,11.166614327026641,-0.37768867619920155,7.388906335435564,0.0883886297399632,0.0,0.0,0.0,0.0,3.666614327026641,0.5476289508711438,6.777760331231103,0.16378918579382928,10.111093664564436,-0.24746309290410196,0.0,0.0,0.0,0.0,-2.7221873291288716,0.0,1,-10.666561987386615
mvad_One7__037.500,mvad_One7,37.5,39.5,Azimuth,-8.913958530304521,0,1,10.252708136362145,0.422149299519437,5.252708136362144,0.70395323502364,9.141597025251032,0.48477239629814894,0.0,0.0,0.0,0.0,7.306458267676271,0.5882022611143212,17.862013823231827,-0.006717158283440661,3.5860414696954783,0.7978878801917076,0.0,0.0,0.0,0.0,5.555555555555554,0.0,3,1.666666666666666
mvad_One7__037.500,mvad_One7,37.5,39.5,Distance,1.3228949256735465,0,1,0.32429830855784875,0.4214825280036626,0.24236835810881777,0.5676378009846923,0.3423683581088179,0.3892472708061664,0.0,0.0,0.0,0.0,0.35763164189118224,0.3620190179441537,0.22710507432645347,0.5948660538467049,0.5604384076597869,0.00023095325161914815,0.0,0.0,0.0,0.0,-0.21807004955096904,0.0,0,-0.5542101486529072
mvad_One7__037.500,mvad_One7,37.5,39.5,Elevation,13.361246105668975,0,1,1.7962512981103416,0.7783862681614016,9.037082035222992,-0.11495617392967805,7.629584631443675,0.058694780440021965,0.0,0.0,0.0,0.0,3.722087227664358,0.5407849438331702,7.629584631443675,0.058694780440021965,11.796251298110342,-0.45537056793239206,0.0,0.0,0.0,0.0,-4.166666666666667,0.0,0,-10.0
mvad_One7__038.000,mvad_One7,38.0,40.0,Azimuth,-7.854966108854298,0,1,10.200589446701253,0.4250867498913894,24.799410553298742,-0.39771429842080974,17.02163277552097,0.04064737903017235,0.0,0.0,0.0,0.0,7.659455741493011,0.5683070456454014,18.215011297048566,-0.026612373752360474,9.881677963715234,0.44306085208797774,0.0,0.0,0.0,0.0,7.139954811805737,0.0,3,1.6666666666666679
mvad_One7__038.000,mvad_One7,38.0,40.0,Distance,1.2825642864058544,0,1,0.43256428640585437,0.22834627611764013,0.6658976197391877,-0.1878982942989198,0.46743571359414554,0.16613895227562903,0.0,0.0,0.0,0.0,0.6224785711980486,-0.11044282340791023,0.4224785711980485,0.24633823694914125,0.2224785711980485,0.6031192973061925,0.0,0.0,0.0,0.0,0.24495714239609703,0.0,2,-0.06512857281170881
mvad_One7__038.000,mvad_One7,38.0,40.0,Elevation,13.882153959124503,0,1,5.132153959124503,0.3668169969044317,10.965487292457837,-0.3528744908169479,9.955948680291833,-0.22832197441090307,0.0,0.0,0.0,0.0,8.201179374208829,-0.011826111696156216,7.544051319708167,0.06924751124676443,5.044051319708168,0.37768672027021266,0.0,0.0,0.0,0.0,4.911897360583665,0.0,2,-2.5
mvad_One8__008.000,mvad_One8,8.0,10.0,Azimuth,0.942261084614337,1,1,18.442261084614337,-0.03942035064806615,11.702975917093667,0.34041106589041914,10.446627804274556,0.41121983440155996,0.0,0.0,0.0,0.0,4.480753694871446,0.7474611949520455,16.630357416239665,0.0626999662524309,12.741468527350776,0.2818808049779221,0.0,0.0,0.0,0.0,-2.29484072307622,0.0,2,-21.666666666666664
mvad_One8__008.000,mvad_One8,8.0,10.0,Distance,1.584284478066632,1,1,0.35523850731112266,0.36628814340940763,0.188571840644456,0.6636056937069503,0.21142815935554393,0.6228321855789472,0.0,0.0,0.0,0.0,0.9114281593555441,-0.6259015256707328,0.7219051739777894,-0.28781046724518666,0.33238218860003466,0.40706165153741114,0.0,0.0,0.0,0.0,-0.12095402924449072,0.0,0,-0.20000000000000023
mvad_One8__008.000,mvad_One8,8.0,10.0,Elevation,10.721855488077512,1,1,7.323951829359171,0.09640243633064782,7.676048170640829,0.05296230952866188,13.028144511922486,-0.6073562353202206,0.0,0.0,0.0,0.0,7.805188821410845,0.037029493458150986,5.176048170640829,0.3614015185521102,15.176048170640831,-0.8723553175416836,0.0,0.0,0.0,0.0,-2.147903658718345,0.0,1,-7.5
mvad_One8__008.500,mvad_One8,8.5,10.5,Azimuth,4.76592482104384,1,1,17.821480376599396,-0.004432661327326892,19.088641607014612,-0.07585086565719812,20.59925815437717,-0.1609904032741063,0.0,0.0,0.0,0.0,17.977530495903505,-0.013227768878486534,16.710369265488282,0.058190435451385025,15.199752718125723,0.1433299730682931,0.0,0.0,0.0,0.0,5.399505436251449,0.0,2,-3.333333333333332
mvad_One8__008.500,mvad_One8,8.5,10.5,Distance,1.5664668460560724,1,1,0.49451105131464246,0.11783911376840828,0.41646684605607237,0.25706258530278825,0.14980017938940568,0.7327706657788566,0.0,0.0,0.0,0.0,0.7945110513146427,-0.41733247676716934,0.483133512722739,0.13813556518377113,0.23882228201869074,0.5739636649224038,0.0,0.0,0.0,0.0,-0.08902210262928506,0.0,1,-0.3999999999999999
mvad_One8__008.500,mvad_One8,8.5,10.5,Elevation,10.832768527869977,1,1,4.58389813879669,0.43445843353019664,8.472410490710008,-0.045289436110624415,8.750564805463357,-0.07960691484221738,0.0,0.0,0.0,0.0,7.639077157376675,0.05752363356385837,10.139077157376674,-0.25091557545959,11.250564805463355,-0.3880461238656656,0.0,0.0,0.0,0.0,-2.4999999999999982,0.0,1,-10.0
mvad_One8__009.000,mvad_One8,9.0,11.0,Azimuth,8.788342713124322,1,1,7.9550093797909875,0.5516494099604102,14.570552428958559,0.17879219660983092,7.651669793263662,0.5687458678159338,0.0,0.0,0.0,0.0,11.54055868215255,0.3495650290904426,15.429447571041441,0.1303841903649514,15.985003126596993,0.09907264197559573,0.0,0.0,0.0,0.0,-8.333333333333332,0.0,1,-18.333333333333332
mvad_One8__009.000,mvad_One8,9.0,11.0,Distance,1.568615831792146,1,1,0.3852824984588126,0.3126925083142543,0.3728719439307153,0.334831762335022,0.34805083487452065,0.37911027037655776,0.0,0.0,0.0,0.0,0.7937947227359515,-0.41605461441782166,0.2728719439307152,0.5132222925135479,0.2728719439307153,0.5132222925135477,0.0,0.0,0.0,0.0,0.07517889094380537,0.0,1,-0.13723166358429167
mvad_One8__009.000,mvad_One8,9.0,11.0,Elevation,10.90472633156763,1,1,10.948424556144124,-0.3507693640599969,7.84527366843237,0.032083998054493024,6.781757889477457,0.163295984312417,0.0,0.0,0.0,0.0,7.61509122281079,0.060482914637934204,5.34527366843237,0.3405232070779415,3.4484245561441234,0.5745482630103482,0.0,0.0,0.0,0.0,3.3333333333333335,0.0,1,-2.5
mvad_One8__009.500,mvad_One8,9.5,11.5,Azimuth,11.47843351349644,1,1,10.215033393387705,0.42427267768729837,24.103922282276596,-0.35851603204659876,11.326144504498812,0.3616495809085869,0.0,0.0,0.0,0.0,5.770588948943257,0.6747650648021456,21.326144504498814,-0.20195829009981914,10.770588948943256,0.3929611292979427,0.0,0.0,0.0,0.0,0.5555555555555554,0.0,2,-18.333333333333336
mvad_One8__009.500,mvad_One8,9.5,11.5,Distance,1.556136954072541,1,1,0.6353789846908471,-0.13345593943293554,0.47280362073920745,0.1565631142600621,0.335378984690847,0.4017156511026416,0.0,0.0,0.0,0.0,0.6979543486424866,-0.24508446294740738,0.43947028740587424,0.21602662431957043,0.535378984690847,0.044934590745590364,0.0,0.0,0.0,0.0,-0.2,0.0,1,-0.8000000000000002
mvad_One8__009.500,mvad_One8,9.5,11.5,Elevation,11.04988339057292,1,1,7.433294463524306,0.08291221409287397,8.400038869809027,-0.03636053790804694,12.566705536475695,-0.5504258862804612,0.0,0.0,0.0,0.0,6.73337220314236,0.16926560144091862,4.23337220314236,0.47770481046436697,3.400038869809027,0.5805178801388498,0.0,0.0,0.0,0.0,9.166666666666668,0.0,3,2.0997667811458385
mvad_One8__010.000,mvad_One8,10.0,12.0,Azimuth,12.6177148414178,1,1,15.673270396973356,0.11664214398227746,16.784381508084465,0.05401904720356576,6.705904947139267,0.6220499189558102,0.0,0.0,0.0,0.0,11.705904947139267,0.34024598345160717,12.18298394174962,0.31335743580609,3.3725716138059334,0.8099192092919454,0.0,0.0,0.0,0.0,3.3333333333333335,0.0,2,-0.23542968283559773
mvad_One8__010.000,mvad_One8,10.0,12.0,Distance,1.5228401527735007,1,1,0.39094671759116695,0.3025880777735739,0.6728401527735007,-0.20028311578665003,0.4757199490754999,0.1513606606792034,0.0,0.0,0.0,0.0,0.8090532824088333,-0.44327443991588233,0.5576133842578337,0.005270527476030962,0.5242800509245003,0.06473403753553963,0.0,0.0,0.0,0.0,-0.04856010184900034,0.0,1,-0.5456803055470014
mvad_One8__010.000,mvad_One8,10.0,12.0,Elevation,11.348164046025271,1,1,6.568502620641396,0.189606498888368,7.53272134867509,0.07064535416824469,9.133945317991577,-0.12690674765790066,0.0,0.0,0.0,0.0,5.03272134867509,0.37908456319169315,5.866054682008424,0.27627149351721025,9.199388015341757,-0.13498078518072099,0.0,0.0,0.0,0.0,-0.06544269735018027,0.0,1,-10.0
mvad_One8__010.500,mvad_One8,10.5,12.5,Azimuth,14.203267884887715,1,1,12.25882344044327,0.3090830619663827,8.876688482815208,0.4997028502595684,6.678867072740349,0.6235737948384668,0.0,0.0,0.0,0.0,12.234422628295905,0.31045831094490794,7.789978183851461,0.560950698059755,2.765577371704096,0.8441298825424832,0.0,0.0,0.0,0.0,3.9132897010362533,0.0,3,1.6666666666666679
mvad_One8__010.500,mvad_One8,10.5,12.5,Distance,1.479574152382553,1,1,0.4765247174608509,0.14992503008986668,0.3629074857158862,0.35260741217387326,0.3098580507941842,0.4472425803874094,0.0,0.0,0.0,0.0,0.5098580507941844,0.09046152003035768,0.7431913841275177,-0.32578305038620203,0.32957415238255283,0.41207092223338193,0.0,0.0,0.0,0.0,-0.019716101588368617,0.0,1,-0.40000000000000024
mvad_One8__010.500,mvad_One8,10.5,12.5,Elevation,11.8491492920697,1,1,5.2341840412636325,0.3542289657717955,8.966950235976766,-0.10630361525491905,5.1997164306899,0.35848143078871153,0.0,0.0,0.0,0.0,5.1997164306899,0.35848143078871153,9.366383097356566,-0.15558391758370238,4.8002835693101,0.40776173311749486,0.0,0.0,0.0,0.0,0.3994328613798004,0.0,2,-8.801701415860599
mvad_One8__011.000,mvad_One8,11.0,13.0,Azimuth,16.21104247755616,1,1,19.822153588667266,-0.117192178291039,9.26659803311171,0.4777272411067227,25.93326469977838,-0.46161921057395383,0.0,0.0,0.0,0.0,25.125903048074274,-0.4161156724088757,2.599931366445046,0.8534658217789932,25.933264699778377,-0.46161921057395383,0.0,0.0,0.0,0.0,3.552713678800501e-15,0.0,1,-13.333333333333329
mvad_One8__011.000,mvad_One8,11.0,13.0,Distance,1.4461583173183592,1,1,0.43461389422721375,0.22468996985853662,0.267947227560547,0.5220075201560795,0.09871943910611967,0.8238938691893263,0.0,0.0,0.0,0.0,0.8346138942272138,-0.488872150855566,0.6987194391061197,-0.24644931188182762,0.29615831731835907,0.47168160756797883,0.0,0.0,0.0,0.0,-0.19743887821223938,0.0,0,-0.3923166346367184
mvad_One8__011.000,mvad_One8,11.0,13.0,Elevation,12.151116143503828,1,1,7.1996279521653905,0.11174097966839902,11.366294618832057,-0.402324368704015,8.032961285498724,0.008927909993916239,0.0,0.0,0.0,0.0,5.5329612854987245,0.3173671190173645,7.8003720478346095,0.03762376619091068,6.9670387145012755,0.14043683586539357,0.0,0.0,0.0,0.0,1.065922570997448,0.0,1,-8.197767712992345
mvad_One8__011.500,mvad_One8,11.5,13.5,Azimuth,18.28031343366411,1,1,18.558091211441884,-0.04594862776605679,15.780313433664107,0.1106091141807225,10.780313433664107,0.3924130496849255,0.0,0.0,0.0,0.0,18.00253565588633,-0.014637079376701001,4.704548922332479,0.7348479197829301,31.89142454477522,-0.797425789110598,0.0,0.0,0.0,0.0,-21.111111111111114,0.0,0,-31.666666666666668
mvad_One8__011.500,mvad_One8,11.5,13.5,Distance,1.435802941546663,1,1,0.3524696082133298,0.3712275971900688,0.3524696082133298,0.3712275971900688,0.6713990194844458,-0.19771227047172557,0.0,0.0,0.0,0.0,0.29526764718222104,0.4732704787459773,0.4713990194844457,0.1590687898853259,0.17139901948444558,0.694240380420903,0.0,0.0,0.0,0.0,0.5000000000000002,0.0,3,0.10000000000000009
mvad_One8__011.500,mvad_One8,11.5,13.5,Elevation,12.257983171029345,1,1,7.997338942990218,0.013322840852670548,6.3306722763235515,0.2189489802016361,7.002661057009782,0.13604190500663915,0.0,0.0,0.0,0.0,7.325350162303988,0.0962299160476674,8.669327723676448,-0.0695842343423263,10.497338942990218,-0.2951163681707778,0.0,0.0,0.0,0.0,-3.494677885980437,0.0,0,-7.9840336579413105
mvad_One8__012.000,mvad_One8,12.0,14.0,Azimuth,18.67468871704017,1,1,26.17468871704017,-0.47522605821187525,17.841355383706837,-0.005552832371537031,28.952466494817944,-0.6317838001586544,0.0,0.0,0.0,0.0,27.841355383706837,-0.5691607033799431,5.1639926498755,0.7089533096700613,31.73024427259573,-0.7883415421054343,0.0,0.0,0.0,0.0,-2.7777777777777857,0.0,2,-26.66666666666668
mvad_One8__012.000,mvad_One8,12.0,14.0,Distance,1.4501082553815745,1,1,0.5000360851271914,0.10798297665765932,0.1667027517938581,0.7026180772527448,0.766630581539475,-0.3675963589189841,0.0,0.0,0.0,0.0,0.2667749220482411,0.5240988021747941,0.5667027517938581,-0.010944043461357689,0.5001082553815744,0.10785423175823428,0.0,0.0,0.0,0.0,0.2665223261579006,0.0,1,-0.10021651076314919
mvad_One8__012.000,mvad_One8,12.0,14.0,Elevation,12.095050003675189,1,1,7.218316665441603,0.10943524689216655,9.154949996324811,-0.12949821420625862,3.3450500036751887,0.5873021690890167,0.0,0.0,0.0,0.0,5.821616662991478,0.2817540644916725,8.051649998774936,0.006622177217683878,4.448350001225063,0.4511817776650744,0.0,0.0,0.0,0.0,-1.1032999975498745,0.0,1,-5.0
mvad_One8__012.500,mvad_One8,12.5,14.5,Azimuth,16.359361566303644,1,1,33.85936156630364,-0.9083402686088238,25.526028232970315,-0.438667042768486,19.970472677414755,-0.12555155887492697,0.0,0.0,0.0,0.0,21.081583788525865,-0.18817465565363856,11.491323922343232,0.35233993890601667,22.19269489963698,-0.2507977524323506,0.0,0.0,0.0,0.0,-2.222222222222225,0.0,0,-5.000000000000002
mvad_One8__012.500,mvad_One8,12.5,14.5,Distance,1.480839327308685,1,1,0.7024940060246484,-0.2531827818197343,0.34361310910289505,0.3870267529084297,0.756386890897105,-0.3493225848722121,0.0,0.0,0.0,0.0,0.3769464424362283,0.32756324284892124,0.4102797757695617,0.26809973278941257,0.45638689089710494,0.18584900566336504,0.0,0.0,0.0,0.0,0.30000000000000004,0.0,1,0.0
mvad_One8__012.500,mvad_One8,12.5,14.5,Elevation,11.638952041048531,1,1,5.703682652983822,0.2963042535971625,12.370349319650488,-0.5262003037986998,7.629650680349511,0.05868663161111287,0.0,0.0,0.0,0.0,3.722285374381865,0.5407604973464428,4.870349319650489,0.3991173232716453,11.537015986317156,-0.4233872341242171,0.0,0.0,0.0,0.0,-3.9073653059676454,0.0,0,-11.722095917902937
mvad_One8__022.000,mvad_One8,22.0,24.0,Azimuth,-13.751146689557356,1,1,4.859964421553754,0.726088579919149,14.305937785408007,0.1937060861987484,13.47336891177958,0.24063032323210687,0.0,0.0,0.0,0.0,2.6377421993315324,0.8513347734765725,14.305937785408007,0.1937060861987484,7.917813356224023,0.5537458071256658,0.0,0.0,0.0,0.0,5.555555555555557,0.0,2,0.0
mvad_One8__022.000,mvad_One8,22.0,24.0,Distance,1.6603546352958167,1,1,0.37011821176527215,0.33974415974465266,0.5034515450986056,0.1018901195066183,0.5229786980375165,0.06705552785012348,0.0,0.0,0.0,0.0,0.4701182117652723,0.16135362956612676,0.4367848784319388,0.22081713962563554,0.4701182117652722,0.16135362956612698,0.0,0.0,0.0,0.0,0.05286048627224432,0.0,1,-0.5207092705916337
mvad_One8__022.000,mvad_One8,22.0,24.0,Elevation,9.95877258713415,1,1,7.957894079532516,0.018189377846643096,2.93040913762195,0.6384587693907201,6.236257529044717,0.23059746418996918,0.0,0.0,0.0,0.0,11.291227412865851,-0.39306290085128825,6.291227412865848,0.22381551719560888,12.097075804288616,-0.4924849970285907,0.0,0.0,0.0,0.0,-5.8608182752439,0.0,1,-15.0824548257317
mvad_One8__022.500,mvad_One8,22.5,24.5,Azimuth,-15.992642632696164,1,1,1.613563566879056,0.9090582873334566,24.04819818825172,-0.3553753782468756,21.719769766454277,-0.22414331968640355,0.0,0.0,0.0,0.0,1.613563566879056,0.9090582873334566,18.492642632696164,-0.042259894353316785,24.048198188251718,-0.3553753782468754,0.0,0.0,0.0,0.0,-2.3284284217974403,0.0,1,-28.651951932058996
mvad_One8__022.500,mvad_One8,22.5,24.5,Distance,1.6459516998797417,1,1,0.26801610004008614,0.5218846581746825,0.6653172332932472,-0.18686293984092206,0.7680161000400861,-0.37006799271794577,0.0,0.0,0.0,0.0,0.6040483001202587,-0.07756496511890121,0.3040483001202584,0.4576066254166762,0.5013494333734193,0.10564008775812306,0.0,0.0,0.0,0.0,0.26666666666666683,0.0,2,0.0
mvad_One8__022.500,mvad_One8,22.5,24.5,Elevation,10.049702305024736,1,1,3.733432564991755,0.5393852050846236,4.533631028308597,0.44066017264973334,12.033631028308598,-0.4846574544206119,0.0,0.0,0.0,0.0,9.533631028308598,-0.17621824539716346,13.700297694975262,-0.6902835937695773,5.40009923165842,0.33375906573565817,0.0,0.0,0.0,0.0,6.6335317966501774,0.0,2,-0.0994046100494721
mvad_One8__023.000,mvad_One8,23.0,25.0,Azimuth,-16.52154024100025,1,1,1.4372643641110276,0.9189946491667134,31.799318018778028,-0.7922345928082724,1.3405134136667496,0.9244476088865072,0.0,0.0,0.0,0.0,0.7849578581111949,0.9557591572758631,31.799318018778028,-0.7922345928082724,23.007180080333416,-0.2967027782983722,0.0,0.0,0.0,0.0,-21.666666666666668,0.0,0,-33.333333333333336
mvad_One8__023.000,mvad_One8,23.0,25.0,Distance,1.6261792378741209,1,1,0.2746069207086264,0.5101272582409577,0.19205974595804035,0.6573836009259223,0.5253930792913736,0.06274850033083701,0.0,0.0,0.0,0.0,0.7238207621258793,-0.29122769509860125,0.19205974595804023,0.6573836009259225,0.47460692070862637,0.15334619788390658,0.0,0.0,0.0,0.0,0.05078615858274721,0.0,1,-0.14764152425175808
mvad_One8__023.000,mvad_One8,23.0,25.0,Elevation,10.237806957539329,1,1,5.337397680820224,0.3414949124336889,14.345526375794003,-0.7698891233499674,7.837397680820224,0.033055703410240445,0.0,0.0,0.0,0.0,11.012193042460673,-0.3586368446520367,13.512193042460675,-0.6670760536754852,6.01219304246067,0.2582415733948604,0.0,0.0,0.0,0.0,1.825204638359554,0.0,1,0.0
mvad_One8__023.500,mvad_One8,23.5,25.5,Azimuth,-14.464718569516448,1,1,3.035281430483551,0.8289291495053817,14.742496347294228,0.16910130203523,13.233982699050072,0.2541223186026311,0.0,0.0,0.0,0.0,3.590836986039107,0.7976176011160258,9.543795078727705,0.46210419743377773,8.07582968062756,0.5448398827075006,0.0,0.0,0.0,0.0,5.158153018422512,0.0,1,-3.929437139032899
mvad_One8__023.500,mvad_One8,23.5,25.5,Distance,1.6031791360444578,1,1,0.5843930453481527,-0.0425018519230016,0.3510597120148193,0.37374271849355856,0.653179136044458,-0.16520972380522192,0.0,0.0,0.0,0.0,0.5156069546518476,0.08020601995921872,0.186512469377791,0.6672794170278983,0.38227362131851406,0.3180600601972533,0.0,0.0,0.0,0.0,0.27090551472594393,0.0,2,-0.3000000000000001
mvad_One8__023.500,mvad_One8,23.5,25.5,Elevation,10.412502356945634,1,1,6.945832547684788,0.14305316119311218,10.004164309721032,-0.23427061065238708,5.279165881018122,0.34867930054207774,0.0,0.0,0.0,0.0,7.779165881018122,0.040240091518629395,12.504164309721034,-0.5427098196758358,6.670830976387701,0.17698166804554383,0.0,0.0,0.0,0.0,-1.3916650953695786,0.0,1,-11.674995286108736
mvad_One8__024.000,mvad_One8,24.0,26.0,Azimuth,-10.617637867091554,1,1,9.92810151125274,0.44044438440875067,5.895415644869334,0.6677297339685546,12.437917688464003,0.298989169182701,0.0,0.0,0.0,0.0,6.326806577352888,0.643416201465616,8.117637867091558,0.542483540411131,3.1176378670915548,0.8242874759153341,0.0,0.0,0.0,0.0,9.320279821372448,0.0,3,5.431390932483557
mvad_One8__024.000,mvad_One8,24.0,26.0,Distance,1.5697032838888,1,1,0.5732344279629333,-0.022595935208915563,0.3469633827778666,0.3810501819372164,0.6530366172221335,-0.16495548372247315,0.0,0.0,0.0,0.0,0.48029671611119995,0.14319614169918216,0.5267655720370666,0.06030010324513335,0.33990109462959994,0.3936486352076445,0.0,0.0,0.0,0.0,0.3131355225925335,0.0,2,0.0
mvad_One8__024.000,mvad_One8,24.0,26.0,Elevation,10.68949490396156,1,1,6.85350169867948,0.15444454280737652,4.727171762705107,0.41678195223730263,5.64649830132052,0.30335941207538153,0.0,0.0,0.0,0.0,3.5201683653461466,0.5656968215053078,12.227171762705106,-0.5085356748330425,3.893838429371774,0.5195950219117854,0.0,0.0,0.0,0.0,1.752659871948746,0.0,2,-1.1210101920768802
mvad_One8__024.500,mvad_One8,24.5,26.5,Azimuth,-6.017154836419594,1,1,6.727940501028754,0.6208079777943957,14.505718278806533,0.18244630034341325,12.71650394341569,0.2832878285781485,0.0,0.0,0.0,0.0,7.716503943415692,0.5650917640823514,8.39460716769542,0.526873332626328,11.172384945473198,0.37031559067954867,0.0,0.0,0.0,0.0,1.5441189979424923,0.0,1,-2.034309672839192
mvad_One8__024.500,mvad_One8,24.5,26.5,Distance,1.52557100053128,1,1,0.55852366684376,0.003646669544874248,0.20814299982290677,0.6286925990864289,0.55852366684376,0.003646669544874248,0.0,0.0,0.0,0.0,0.6748096664895735,-0.20379654174669093,0.35776233280205355,0.3617858777353552,0.44147633315623996,0.21244802866986923,0.0,0.0,0.0,0.0,0.11704733368752002,0.0,2,-0.3488579989374401
mvad_One8__024.500,mvad_One8,24.5,26.5,Elevation,11.128248226273614,1,1,9.20725059124213,-0.13595083585736,14.288418440393054,-0.7628433927803551,8.455085107059718,-0.04315190505897504,0.0,0.0,0.0,0.0,7.459416075424538,0.07968944236770403,15.955085107059721,-0.9684695321293206,10.121751773726386,-0.24877804440794082,0.0,0.0,0.0,0.0,-1.6666666666666679,0.0,0,-5.0
mvad_One8__025.000,mvad_One8,25.0,27.0,Azimuth,-2.482527487974856,1,1,10.561379726230603,0.40475232575878295,3.9063614009140313,0.7798343967441429,12.783601948452826,0.27950613220135934,0.0,0.0,0.0,0.0,14.461916956469588,0.18491497734638107,2.2396947342473656,0.8737690419122105,3.9063614009140317,0.7798343967441429,0.0,0.0,0.0,0.0,8.877240547538795,0.0,3,3.3333333333333317
mvad_One8__025.000,mvad_One8,25.0,27.0,Distance,1.4833803757200237,1,1,0.3777934585733413,0.32605224627122775,0.255539874759992,0.5441410625981098,0.8111267919066746,-0.44697338450238333,0.0,0.0,0.0,0.0,0.5999529576133099,-0.07025926190812881,0.5667137090533569,-0.010963590174670745,0.7444601252400078,-0.328046364383366,0.0,0.0,0.0,0.0,0.06666666666666676,0.0,2,-0.10000000000000009
mvad_One8__025.000,mvad_One8,25.0,27.0,Elevation,11.51095646919327,1,1,8.246347843602244,-0.017398802485158127,9.079681176935578,-0.12021187215964102,6.753652156397756,0.16676354834446783,0.0,0.0,0.0,0.0,12.239043530806732,-0.5100003623382325,4.253652156397757,0.4752027573679162,4.91301451026891,0.3938534762127731,0.0,0.0,0.0,0.0,1.8406376461288456,0.0,2,-4.478087061613461
mvad_One8__025.500,mvad_One8,25.5,27.5,Azimuth,1.5495239818785225,1,1,10.794285771737286,0.39162555771348206,13.572063549515063,0.23506781576670277,5.794285771737285,0.6734294932176851,0.0,0.0,0.0,0.0,13.493968426322965,0.23946931837854646,6.271746204100744,0.6465194474401729,10.160635092989631,0.42733860871468177,0.0,0.0,0.0,0.0,-4.366349321252346,0.0,1,-11.432381297090375
mvad_One8__025.500,mvad_One8,25.5,27.5,Distance,1.437845413208144,1,1,0.762615137736048,-0.36043318742902986,0.07071819559728523,0.8738454359413161,0.3121545867918561,0.44314577764542185,0.0,0.0,0.0,0.0,0.8121545867918564,-0.448806873247207,0.4707181955972854,0.16028331522721317,0.27882125345852277,0.5026092877049304,0.0,0.0,0.0,0.0,0.033333333333333326,0.0,1,-0.20000000000000018
mvad_One8__025.500,mvad_One8,25.5,27.5,Elevation,12.048401500502516,1,1,8.599467166834172,-0.060965140384578564,9.201598499497484,-0.13525350517454138,6.932800500167505,0.144660998964387,0.0,0.0,0.0,0.0,8.599467166834172,-0.060965140384578564,8.067199499832496,0.004703746894922589,9.733866166499162,-0.20092239245404286,0.0,0.0,0.0,0.0,-2.801065666331657,0.0,1,-10.0
mvad_One8__026.000,mvad_One8,26.0,28.0,Azimuth,6.416575800989018,1,1,15.583242467655685,0.12171618893968017,15.194414155885227,0.14363085863815428,18.916575800989015,-0.06615310139645492,0.0,0.0,0.0,0.0,18.361020245433462,-0.034841553007099124,10.027686912100128,0.4348316728332391,15.027686912100128,0.15302773732903618,0.0,0.0,0.0,0.0,3.8888888888888875,0.0,1,-1.6666666666666679
mvad_One8__026.000,mvad_One8,26.0,28.0,Distance,1.4073294843295667,1,1,0.7857764947765222,-0.401750855050073,0.5573294843295667,0.0057769780632427326,0.3142235052234778,0.4394550230862907,0.0,0.0,0.0,0.0,0.8426705156704336,-0.5032444005626027,0.45244316144318897,0.19288424554501238,0.44267051567043336,0.2103177201515004,0.0,0.0,0.0,0.0,-0.12844701044695556,0.0,1,-0.9000000000000001
mvad_One8__026.000,mvad_One8,26.0,28.0,Elevation,12.477879775161064,1,1,8.742626591720354,-0.07862753229503694,9.575959925053688,-0.18144060196951983,7.924040074946312,0.022366138805381186,0.0,0.0,0.0,0.0,9.590706741612978,-0.18326000054358427,4.605453558172269,0.43179901892924777,6.272120224838936,0.2261728795802821,0.0,0.0,0.0,0.0,1.651919850107376,0.0,2,0.0
mvad_One8__026.500,mvad_One8,26.5,28.5,Azimuth,11.159440081995452,1,1,20.32610674866212,-0.14559537505030495,27.54832897088434,-0.5526455041119314,25.881662304217674,-0.45871085894386354,0.0,0.0,0.0,0.0,11.21981336066515,0.3676424878683847,20.326106748662117,-0.14559537505030473,19.770551193106563,-0.11428382666094894,0.0,0.0,0.0,0.0,6.111111111111111,0.0,2,0.0
mvad_One8__026.500,mvad_One8,26.5,28.5,Distance,1.395028353980884,1,1,0.5116950206475508,0.08718453976971774,0.48499054867303865,0.13482278890642585,0.31832388200637196,0.43214033920396866,0.0,0.0,0.0,0.0,0.7516572153397055,-0.340885291569643,0.4483427846602947,0.20019892942733464,0.4150094513269614,0.2596624394868432,0.0,0.0,0.0,0.0,-0.09668556932058942,0.0,2,-0.5900567079617683
mvad_One8__026.500,mvad_One8,26.5,28.5,Elevation,12.678928975365364,1,1,8.809642991788456,-0.0868957264664787,12.976309658455122,-0.6009610748388925,7.857023674878211,0.03063433297682272,0.0,0.0,0.0,0.0,8.690357008211544,-0.07217873669766006,4.404404357967969,0.45660360144357226,6.071071024634634,0.2509774620946069,0.0,0.0,0.0,0.0,1.7859526502435772,0.0,2,0.0
mvad_One8__027.000,mvad_One8,27.0,29.0,Azimuth,14.76390243096784,1,1,20.754634143655945,-0.1697475163264297,31.15279131985673,-0.7557958391753596,30.59723576430117,-0.7244842907860038,1.086477,0.0,1.086477459737256,0.0,8.37501354207895,0.5279776447882315,14.643523032544834,0.174679515956485,25.041680208745618,-0.41136880689244504,1.086477,0.0,1.086477459737256,0.0,5.555555555555554,0.0,2,0.0
mvad_One8__027.000,mvad_One8,27.0,29.0,Distance,1.3852347552077209,1,1,0.4117449184025736,0.26548605707851103,0.4882550815974264,0.1289991713147579,0.3215884149307596,0.42631672161230094,1.086477,0.0,1.086477459737256,0.0,0.6215884149307598,-0.10885486892327623,0.4450782517359069,0.20602254701900258,0.31174491840257357,0.4438765872570368,1.086477,0.0,1.086477459737256,0.0,0.009843496528186058,0.0,2,-0.5704695104154419
mvad_One8__027.000,mvad_One8,27.0,29.0,Elevation,12.819524913765711,1,1,8.643491695411429,-0.06639669669337844,11.143491695411429,-0.3748359057168267,10.310158362078097,-0.27202283604234423,1.086477,0.0,1.086477459737256,0.0,5.310158362078096,0.3448555820045528,4.263808419567622,0.47394972145641734,11.143491695411429,-0.3748359057168267,1.086477,0.0,1.086477459737256,0.0,-0.8333333333333321,0.0,1,-11.860950172468577
mvad_One8__034.000,mvad_One8,34.0,36.0,Azimuth,5.776533115426085,1,1,5.0568002179072495,0.7149947595070452,15.536622149586472,0.12434374676095261,11.647733260697583,0.3435245854864437,0.0,0.0,0.0,0.0,22.72097755987053,-0.28057217897483944,20.574488961524636,-0.15959439206908477,16.130044517080194,0.09089799504576213,0.0,0.0,0.0,0.0,-4.48231125638261,0.0,1,-15.113600435814497
mvad_One8__034.000,mvad_One8,34.0,36.0,Distance,1.4790980646497154,1,1,0.3763660215499051,0.32859865874530014,0.29030064511676157,0.48213114006452873,0.6709019353502846,-0.19682551944936222,0.0,0.0,0.0,0.0,0.5096993548832385,0.0907446185072659,0.3903006451167616,0.30374060988600304,0.3290980646497153,0.4129202176641057,0.0,0.0,0.0,0.0,0.34180387070056933,0.0,2,-0.05819612929943058
mvad_One8__034.000,mvad_One8,34.0,36.0,Elevation,11.510881128751633,1,1,6.579706290416122,0.18822423847097747,9.739118871248367,-0.20157044849327432,5.086960376250544,0.3723927860862636,0.0,0.0,0.0,0.0,2.5869603762505444,0.6808319951097119,10.086960376250543,-0.24448563196063322,4.913039623749456,0.3938503778199429,0.0,0.0,0.0,0.0,0.17392075250108796,0.0,2,-9.478237742496734
mvad_One8__034.500,mvad_One8,34.5,36.5,Azimuth,2.1451329844271245,1,1,10.992822105920153,0.3804358936508202,10.11828900519096,0.42972526755365625,9.243755904461766,0.4790146414564923,0.0,0.0,0.0,0.0,17.422910762204904,0.018031035854425226,15.673844560746515,0.11660978366009744,20.437266550364598,-0.15186042896822993,0.0,0.0,0.0,0.0,-11.193510645902832,0.0,0,-21.666666666666664
mvad_One8__034.500,mvad_One8,34.5,36.5,Distance,1.528277160417068,1,1,0.7260923868056892,-0.2952800584085804,0.5072409465276441,0.09513018620676394,0.5883895062495988,-0.049631159713468875,0.0,0.0,0.0,0.0,0.7782771604170678,-0.38837275272638205,0.25942572013902254,0.5372090824245395,0.3782771604170678,0.3251893679877207,0.0,0.0,0.0,0.0,0.21011234583253102,0.0,3,0.04344567916586439
mvad_One8__034.500,mvad_One8,34.5,36.5,Elevation,11.03552305044105,1,1,4.78552305044105,0.40958282222339304,11.047810282892284,-0.36303114603856623,4.381143616225617,0.45947341135729614,0.0,0.0,0.0,0.0,6.595174350147016,0.18631585602756762,8.547810282892284,-0.054591937015117775,5.904825649852984,0.27148809885519043,0.0,0.0,0.0,0.0,-1.5236820336273666,0.0,1,-7.5
mvad_One8__035.000,mvad_One8,35.0,37.0,Azimuth,-1.3461483767652391,1,1,3.3760738454569825,0.8097218207594828,11.837605014477305,0.3328232639952017,12.179481710098573,0.31355482433855253,0.0,0.0,0.0,0.0,18.717950541078253,-0.05495842540977525,16.282049458921747,0.08233087688035468,7.606839429967142,0.5712725423773424,0.0,0.0,0.0,0.0,4.572642280131431,0.0,2,-2.307703246469517
mvad_One8__035.000,mvad_One8,35.0,37.0,Distance,1.533551636156571,1,1,0.8502183028232378,-0.5167089380812369,0.3721494546144764,0.3361206148567438,0.6831150305100957,-0.218612524656157,0.0,0.0,0.0,0.0,0.3945172120521903,0.29621865377455936,0.39451721205219026,0.29621865377455947,0.5278505453855237,0.05836461353652511,0.0,0.0,0.0,0.0,0.15526448512457203,0.0,2,-0.4671032723131421
mvad_One8__035.000,mvad_One8,35.0,37.0,Elevation,11.089133840382592,1,1,7.446377946794198,0.08129803040045924,14.327532826284072,-0.7676691568786205,8.494199492950742,-0.04797766915724133,0.0,0.0,0.0,0.0,10.053622053205801,-0.2403724935645979,8.386955386539135,-0.034746354215632325,5.886955386539135,0.27369285480781613,0.0,0.0,0.0,0.0,2.6072441064116063,0.0,1,-2.1782676807651846
mvad_One8__035.500,mvad_One8,35.5,37.5,Azimuth,-3.264077744000998,1,1,14.235922255999,0.19765221654552212,15.810248136889223,0.10892197074532495,7.47691480355589,0.5785951965856632,0.0,0.0,0.0,0.0,13.124811144887891,0.2602753133242337,4.189751863110779,0.7638622872378632,6.458144478221224,0.6360138939965043,0.0,0.0,0.0,0.0,1.0187703253346658,0.0,1,-5.138511178664668
mvad_One8__035.500,mvad_One8,35.5,37.5,Distance,1.508523097855242,1,1,0.42518976452190854,0.24150172480454257,0.3748102354780914,0.3313740337672523,0.4804923007149195,0.14284723728765925,0.0,0.0,0.0,0.0,0.5804923007149194,-0.03554329289086633,0.44715896738158606,0.20231074734716803,0.28617436595174733,0.4894920313436437,0.0,0.0,0.0,0.0,0.19431793476317216,0.0,1,-0.1170461957104838
mvad_One8__035.500,mvad_One8,35.5,37.5,Elevation,11.364626434538858,1,1,4.961791188487047,0.38783562019341566,9.128457855153714,-0.12622972817899836,9.128457855153714,-0.12622972817899836,0.0,0.0,0.0,0.0,8.295124521820382,-0.023416658504515686,8.295124521820382,-0.023416658504515686,6.628457855153715,0.18220948084445,0.0,0.0,0.0,0.0,2.499999999999999,0.0,2,-7.270747130922286
mvad_One8__036.000,mvad_One8,36.0,38.0,Azimuth,-3.0661265862451423,1,1,14.989428969310412,0.1551839850975235,7.410931084303939,0.582314090938544,5.922402249029396,0.6662087477169147,0.0,0.0,0.0,0.0,14.989428969310412,0.1551839850975235,8.878317858199301,0.4996110173804382,3.1446244712516194,0.822766489663694,0.0,0.0,0.0,0.0,2.777777777777777,0.0,3,1.132253172490286
mvad_One8__036.000,mvad_One8,36.0,38.0,Distance,1.4587773322595508,1,1,0.5970742225801497,-0.06512387122003949,0.06959244408651682,0.8758536700298686,0.3029257774198502,0.45960909961330865,0.0,0.0,0.0,0.0,0.5637408892468166,-0.00566036116053148,0.16959244408651677,0.6974631398513431,0.36374088924681636,0.35112069919652045,0.0,0.0,0.0,0.0,-0.06081511182696614,0.0,1,-0.18244533548089858
mvad_One8__036.000,mvad_One8,36.0,38.0,Elevation,11.910901251792364,1,1,3.5536337505974545,0.5615680067226764,10.17243208154097,-0.2550307620300989,11.446366249402544,-0.41220326086336656,0.0,0.0,0.0,0.0,10.17243208154097,-0.2550307620300989,5.172432081540969,0.3618476560167979,6.839098748207636,0.15622151666783224,0.0,0.0,0.0,0.0,4.607267501194908,0.0,2,0.0
mvad_One8__036.500,mvad_One8,36.5,38.5,Azimuth,-2.618387681738709,1,1,15.437167873816845,0.12994906802387285,25.11838768173871,-0.41569210044685234,20.516092994975985,-0.1563031494308884,0.0,0.0,0.0,0.0,15.437167873816847,0.12994906802387274,17.81724033835735,-0.004193689434667691,2.1827596616426526,0.8769779474178556,0.0,0.0,0.0,0.0,18.333333333333332,0.0,3,13.33333333333333
mvad_One8__036.500,mvad_One8,36.5,38.5,Distance,1.379778566847694,1,1,0.7234071443841019,-0.290489840216132,0.3900738110507687,0.3041452603789533,0.5567404777174353,0.006827710081410698,0.0,0.0,0.0,0.0,0.27659285561589797,0.5065845384308756,0.5099261889492314,0.09033996801431565,0.329778566847694,0.41170626618525497,0.0,0.0,0.0,0.0,0.22696191086974127,0.0,3,0.140442866304612
mvad_One8__036.500,mvad_One8,36.5,38.5,Elevation,12.820404917931262,1,1,2.190134972643754,0.7297906005532675,9.262928415402072,-0.1428201254749757,5.929595082068739,0.26843215322295544,0.0,0.0,0.0,0.0,6.9765316940229125,0.1392656330274218,6.9765316940229125,0.1392656330274218,5.309865027356246,0.34489177237638724,0.0,0.0,0.0,0.0,0.6197300547124929,0.0,1,-5.0
mvad_One8__037.000,mvad_One8,37.0,39.0,Azimuth,-3.9568257493607897,1,1,18.95883586132418,-0.06853491165987369,14.514391416879738,0.1819574754549731,15.625502527990847,0.11933437867626151,0.0,0.0,0.0,0.0,14.098729806194767,0.20538449100078127,18.263386360898043,-0.029338830426970386,11.181058083546404,0.3698267657911084,0.0,0.0,0.0,0.0,4.444444444444443,0.0,2,-5.0
mvad_One8__037.000,mvad_One8,37.0,39.0,Distance,1.3059158410393703,1,1,0.51863861367979,0.0747978273460671,0.28136138632020985,0.49807793122572785,0.3480280529868766,0.3791509111067106,0.0,0.0,0.0,0.0,1.04408415896063,-0.8625472666798686,0.4774174922939632,0.1483324043317772,0.21469471965354325,0.6170049513447449,0.0,0.0,0.0,0.0,0.13333333333333336,0.0,2,-0.20000000000000023
mvad_One8__037.000,mvad_One8,37.0,39.0,Elevation,13.599318579080997,1,1,4.116439526360332,0.49213145939862424,6.716893806973001,0.17129863483309937,6.716893806973001,0.17129863483309937,0.0,0.0,0.0,0.0,3.3835604736396676,0.5825509135310306,3.3835604736396676,0.5825509135310306,7.650681420919003,0.05609194961654018,0.0,0.0,0.0,0.0,-0.9337876139460022,0.0,1,-10.301362841838007
mvad_One8__037.500,mvad_One8,37.5,39.5,Azimuth,-6.778532149660629,1,1,11.277023405894928,0.3644180846891597,30.389643260771738,-0.7127842138908509,2.5372884943313214,0.85699642335758,0.0,0.0,0.0,0.0,10.721467850339371,0.3957296330785157,5.796044839002012,0.6733303508020818,3.0182670612242344,0.8298880927488611,0.0,0.0,0.0,0.0,-0.48097856689291296,0.0,1,-1.666666666666666
mvad_One8__037.500,mvad_One8,37.5,39.5,Distance,1.2526597401187225,1,1,0.4008865800395742,0.28485630445284393,0.4342199133729075,0.22539279439333548,0.5991134199604259,-0.06876160623810068,0.0,0.0,0.0,0.0,0.3991134199604258,0.2880194541189507,0.4991134199604259,0.1096289239404249,0.4640069265479443,0.1722555836660401,0.0,0.0,0.0,0.0,0.1351064934124816,0.0,2,-0.3946805197625552
mvad_One8__037.500,mvad_One8,37.5,39.5,Elevation,14.150863572340176,1,1,5.4008635723401754,0.33366476468153616,9.300287857446726,-0.14742937217649987,5.133621190780059,0.36663597619591415,0.0,0.0,0.0,0.0,5.699712142553275,0.29679411803580946,5.432469760993158,0.32976532955018756,9.86637880921994,-0.21727123033660445,0.0,0.0,0.0,0.0,-4.732757618439881,0.0,0,-14.198272855319647
mvad_One8__038.000,mvad_One8,38.0,40.0,Azimuth,-10.281007236756825,1,1,16.29521980996995,0.0815885855288836,23.33656279231238,-0.3152670472029162,22.03811352336339,-0.24208542439443992,0.0,0.0,0.0,0.0,7.2189927632431745,0.5931318857883425,14.260335745585607,0.19627625305654273,13.704780190030055,0.2275878014458984,0.0,0.0,0.0,0.0,8.333333333333334,0.0,2,0.0
mvad_One8__038.000,mvad_One8,38.0,40.0,Distance,1.2135122267200416,1,1,0.36351222672004146,0.35152861149035386,0.7211707422400139,-0.28650031057436953,0.8364877732799586,-0.49221497363266176,0.0,0.0,0.0,0.0,0.9121625910933197,-0.6272116823415501,0.4211707422400139,0.24867127996120753,0.32117074224001385,0.4270618101397332,0.0,0.0,0.0,0.0,0.5153170310399448,0.0,2,-0.027024453440083196
mvad_One8__038.000,mvad_One8,38.0,40.0,Elevation,14.559425956466308,1,1,5.809425956466309,0.28325810124289663,6.642759289799642,0.18044503156841385,9.730191347844565,-0.20046900919039157,0.0,0.0,0.0,0.0,9.436475318822103,-0.16423159332271298,9.436475318822103,-0.16423159332271298,5.563524681177898,0.31359633918202245,0.0,0.0,0.0,0.0,4.166666666666667,0.0,3,1.618851912932616
mvad_One9__008.000,mvad_One9,8.0,10.0,Azimuth,14.709694304355018,2,1,5.930101898548329,0.6657747894096271,6.292120323673895,0.6453711460245435,19.987472082132793,-0.12650965870508135,0.0,0.0,0.0,0.0,22.209694304355015,-0.25175585226250474,1.84767587922945,0.8958635331393905,20.54302763768835,-0.15782120709443737,0.0,0.0,0.0,0.0,-0.5555555555555571,0.0,1,-4.999999999999998
mvad_One9__008.000,mvad_One9,8.0,10.0,Distance,1.0480876713541465,2,1,0.9685789953125203,-0.7278532049358422,0.8006374428819513,-0.4282613791649035,0.867304109548618,-0.5471883992839206,0.0,0.0,0.0,0.0,0.8673041095486184,-0.5471883992839213,0.6660292237847155,-0.18813306345347325,0.8352456619791866,-0.48999916469780724,0.0,0.0,0.0,0.0,0.032058447569431436,0.0,1,-0.6038246572917065
mvad_One9__008.000,mvad_One9,8.0,10.0,Elevation,16.745769938528717,2,1,8.168076687157095,-0.007742045051841284,10.998589979509573,-0.35695855746126326,6.32910327186205,0.21914255719966003,0.0,0.0,0.0,0.0,11.831923312842905,-0.45977162713574593,10.495769938528715,-0.29492279117275366,10.165256646176239,-0.25414548778678037,0.0,0.0,0.0,0.0,-3.836153374314189,0.0,1,-9.008460122942568
mvad_One9__008.500,mvad_One9,8.5,10.5,Azimuth,10.483054699773252,2,1,10.438796011035528,0.4116612404329226,21.54990712214664,-0.2145697273541951,13.216573788813307,0.2551034984861432,0.0,0.0,0.0,0.0,8.538610255328805,0.518757205262359,11.316388033106584,0.3621994633155796,15.760832477551029,0.11170707620073261,0.0,0.0,0.0,0.0,-2.544258688737722,0.0,1,-15.9661093995465
mvad_One9__008.500,mvad_One9,8.5,10.5,Distance,1.1180461933564438,2,1,0.49862047331022286,0.11050829408321938,0.8106512688811854,-0.44612509645609233,0.6319538066435562,-0.12734574615481487,0.0,0.0,0.0,0.0,0.722682064452148,-0.2891963662813013,0.8652871399768897,-0.5435903165713749,0.8319538066435562,-0.48412680651186624,0.0,0.0,0.0,0.0,-0.20000000000000007,0.0,1,-0.5
mvad_One9__008.500,mvad_One9,8.5,10.5,Elevation,15.656372900090348,2,1,5.593627099909651,0.30988243269269666,13.573039566757016,-0.6745830352058011,6.8645423666365515,0.1530823928506686,0.0,0.0,0.0,0.0,11.468790966696782,-0.41496992568929003,6.8645423666365515,0.1530823928506686,9.802124300030115,-0.2093437863403247,0.0,0.0,0.0,0.0,-2.937581933393564,0.0,1,-10.0
mvad_One9__009.000,mvad_One9,9.0,11.0,Azimuth,8.713751907570844,2,1,15.658196352015288,0.11749172902090754,20.150971586365277,-0.1357246194542212,17.626806191412502,0.0065393289780212305,0.0,0.0,0.0,0.0,4.293472858079169,0.7580164903225624,4.293472858079168,0.7580164903225625,13.737917302523613,0.22572016770351244,0.0,0.0,0.0,0.0,3.8888888888888893,0.0,2,-1.6666666666666607
mvad_One9__009.000,mvad_One9,9.0,11.0,Distance,1.1933859012220305,2,1,0.6477953004073435,-0.15560547086823306,0.44779530040734356,0.2011755894888182,0.6232807654446363,-0.11187386197745974,0.0,0.0,0.0,0.0,0.9188713662593234,-0.6391795019286695,0.3522046995926566,0.3717001690829763,0.6566140987779696,-0.1713373720369682,0.0,0.0,0.0,0.0,-0.033333333333333326,0.0,1,-0.7
mvad_One9__009.000,mvad_One9,9.0,11.0,Elevation,14.618143150200591,2,1,11.701476483533924,-0.4436776603950743,9.456047716733531,-0.16664635129491012,9.710618949933137,-0.1980542512181942,0.0,0.0,0.0,0.0,10.289381050066863,-0.2694594209693928,6.631856849799409,0.18179012755645296,7.210618949933136,0.11038495780525426,0.0,0.0,0.0,0.0,2.500000000000001,0.0,1,-2.5
mvad_One9__009.500,mvad_One9,9.5,11.5,Azimuth,9.00063154329143,2,1,6.27714623448635,0.6462150974772717,14.389099403319364,0.189019031956685,13.277988292208251,0.2516421287353968,0.0,0.0,0.0,0.0,0.6109005966806341,0.9655691615307063,11.722011707791745,0.33933819374358865,17.722432736652703,0.0011497416205493716,0.0,0.0,0.0,0.0,-4.444444444444452,0.0,2,-21.66666666666667
mvad_One9__009.500,mvad_One9,9.5,11.5,Distance,1.2508204921822352,2,1,0.10027349739407838,0.8211215763701535,0.599179507817765,-0.06887950071719162,0.6002734973940784,-0.07083107452247495,0.0,0.0,0.0,0.0,0.5997265026059216,-0.06985528761983306,0.2008204921822352,0.6417552592889859,0.33360683072741165,0.40487700595359366,0.0,0.0,0.0,0.0,0.2666666666666668,0.0,2,-0.3999999999999999
mvad_One9__009.500,mvad_One9,9.5,11.5,Elevation,13.989774732510464,2,1,4.086741755829845,0.49579544213949756,12.579924910836821,-0.5520568356291535,6.9064413991771305,0.14791307106840312,0.0,0.0,0.0,0.0,10.079924910836821,-0.24361762660570507,5.913258244170155,0.27044772176670884,8.253408422496513,-0.018269906232916577,0.0,0.0,0.0,0.0,-1.3469670233193822,0.0,1,-10.0
mvad_One9__010.000,mvad_One9,10.0,12.0,Azimuth,9.189788427424874,2,1,5.0077072535860685,0.7177616776173005,24.467566205202647,-0.3790112897671485,21.674373920252737,-0.22158477406337607,0.0,0.0,0.0,0.0,3.8965961424749573,0.7803847743960122,7.770070524191709,0.5620727094275142,18.325626079747263,-0.03284670997024741,0.0,0.0,0.0,0.0,3.3487478405054745,0.0,2,-13.333333333333329
mvad_One9__010.000,mvad_One9,10.0,12.0,Distance,1.290912942122171,2,1,0.47424627545550435,0.15398955486301458,0.486362352625943,0.13237562056182972,0.459087057877829,0.1810321634707459,0.0,0.0,0.0,0.0,0.6924203912111624,-0.23521240694581413,0.48030431404072377,0.14318258771242198,0.513637647374057,0.08371907765291353,0.0,0.0,0.0,0.0,-0.05455058949622804,0.0,2,-0.5000000000000001
mvad_One9__010.000,mvad_One9,10.0,12.0,Elevation,13.562847880556406,2,1,4.229050706481198,0.47823797806915347,11.604282626852134,-0.43168630188432644,9.229050706481198,-0.13864043997774322,0.0,0.0,0.0,0.0,14.35381878611026,-0.7709122051415052,1.729050706481198,0.7866771870926019,5.062384039814531,0.3754249083946707,0.0,0.0,0.0,0.0,4.166666666666667,0.0,2,-5.0
mvad_One9__010.500,mvad_One9,10.5,12.5,Azimuth,7.517313848440049,2,1,7.760463929337732,0.5626141446748433,22.783549060591127,-0.2840987580055332,13.339104616146685,0.24819756461351683,0.0,0.0,0.0,0.0,16.11688239392446,0.09163982266673754,12.216450939408874,0.3114712094761124,10.005771282813349,0.43606685494965225,0.0,0.0,0.0,0.0,3.3333333333333357,0.0,2,-1.7012943635467614
mvad_One9__010.500,mvad_One9,10.5,12.5,Distance,1.3322682834784891,2,1,0.6940894278261632,-0.23818981021218777,0.5156016168118225,0.08021554216033955,0.5059105721738371,0.09750344806987932,0.0,0.0,0.0,0.0,0.2725772388405036,0.5137480184864394,0.9059105721738371,-0.6160586726442234,0.5177317165215111,0.07641564599489492,0.0,0.0,0.0,0.0,-0.011821144347674006,0.0,2,-0.5000000000000002
mvad_One9__010.500,mvad_One9,10.5,12.5,Elevation,13.080745011634956,2,1,4.389751662788348,0.4584113877280779,12.27691500387832,-0.5146727812177341,11.502588321698378,-0.4191396974668009,0.0,0.0,0.0,0.0,6.502588321698377,0.197738720580096,6.443581670544986,0.20501870650364573,8.556418329455015,-0.05565396064433625,0.0,0.0,0.0,0.0,2.9461699922433624,0.0,2,-8.661490023269913
mvad_One9__011.000,mvad_One9,11.0,13.0,Azimuth,4.402123301657799,2,1,7.300707767219266,0.5885263638463016,12.856263322774822,0.2754108799527428,7.457678857213355,0.579679349662158,0.0,0.0,0.0,0.0,11.902123301657797,0.32918696254731106,10.634041100552599,0.40065707351016644,8.411818878330378,0.5259032670675898,0.0,0.0,0.0,0.0,-0.9541400211170226,0.0,2,-5.0
mvad_One9__011.000,mvad_One9,11.0,13.0,Distance,1.3554104216862497,2,1,0.73513680722875,-0.31141444795285333,0.30180347389541656,0.4616111828207581,0.7612562449804171,-0.3580090514377021,0.0,0.0,0.0,0.0,0.631529859437917,-0.12658946448699804,0.5981965261045834,-0.06712595442748892,0.7315298594379168,-0.3049799946655234,0.0,0.0,0.0,0.0,0.02972638554250029,0.0,1,-0.11082084337249931
mvad_One9__011.000,mvad_One9,11.0,13.0,Elevation,12.748730798660494,2,1,9.832064131993826,-0.21303763357599736,4.666243599553498,0.42429900601719617,3.9987307986604943,0.506653854145382,0.0,0.0,0.0,0.0,6.001269201339507,0.2595893097608243,9.666243599553498,-0.19257941202970064,7.999576932886832,0.013046727319264928,0.0,0.0,0.0,0.0,-4.000846134226338,0.0,1,-10.0
mvad_One9__011.500,mvad_One9,11.5,13.5,Azimuth,0.992250116755784,2,1,3.2803610721925174,0.8151162679962723,8.835916627748075,0.5020007841027134,6.164083372251928,0.6525874093846775,0.0,0.0,0.0,0.0,8.941861150029705,0.4960296674378982,13.38630559447415,0.2455372803230511,7.275194483363038,0.5899643126059659,0.0,0.0,0.0,0.0,-1.1111111111111107,0.0,1,-5.0
mvad_One9__011.500,mvad_One9,11.5,13.5,Distance,1.368125924301367,2,1,0.8393753081004558,-0.49736606230803626,0.21520740903196636,0.6160903620444069,0.6272913585662109,-0.11902838031034002,0.0,0.0,0.0,0.0,0.4606246918995444,0.17828916998720234,0.33937530810045563,0.3945865885845923,0.5485407423652997,0.021455261449321306,0.0,0.0,0.0,0.0,0.07875061620091117,0.0,2,-0.10000000000000053
mvad_One9__011.500,mvad_One9,11.5,13.5,Elevation,12.572869940747312,2,1,9.656203274080646,-0.19134068001082682,10.392376686417563,-0.2821665780129434,3.822869940747312,0.5283508077105529,0.0,0.0,0.0,0.0,9.55904335308423,-0.17935350833846053,7.892376686417563,0.02627263101050492,10.44095664691577,-0.28816016384912646,0.0,0.0,0.0,0.0,-6.618086706168459,0.0,0,-10.0
mvad_One9__012.000,mvad_One9,12.0,14.0,Azimuth,-1.5216239199102404,2,1,4.770569804474364,0.7311269309003217,9.311709413423094,0.4751847282051678,3.6594586933632525,0.7937500276790335,0.0,0.0,0.0,0.0,19.86726496897865,-0.11973469119259383,7.451652417747859,0.5800190045338489,4.311709413423093,0.7569886637093708,0.0,0.0,0.0,0.0,-0.6522507200598402,0.0,0,-1.6666666666666679
mvad_One9__012.000,mvad_One9,12.0,14.0,Distance,1.3764045978929795,2,1,0.47546819929765977,0.15180975844261568,0.14026206877368716,0.7497857518752512,0.7402620687736873,-0.320557429195903,0.0,0.0,0.0,0.0,0.4088015326309932,0.2707367785616326,0.3069287354403539,0.4524682015777083,0.6402620687736872,-0.14216689901737722,0.0,0.0,0.0,0.0,0.10000000000000009,0.0,2,-0.2999999999999998
mvad_One9__012.000,mvad_One9,12.0,14.0,Elevation,12.383732665639137,2,1,6.288755778120287,0.22412045682197512,10.455422444786954,-0.2899448915504388,5.377910888546379,0.3364965677352658,0.0,0.0,0.0,0.0,8.03293400102753,0.008931276234201757,7.955422444786954,0.01849431747300956,10.37791088854638,-0.2803818503116311,0.0,0.0,0.0,0.0,-5.000000000000001,0.0,0,-10.232534668721726
mvad_One9__012.500,mvad_One9,12.5,14.5,Azimuth,-2.8296741547620656,2,1,0.3296741547620674,0.9814193051508056,15.109891384920688,0.14839462853765972,4.334553059523755,0.7557011778348844,0.0,0.0,0.0,0.0,5.665446940476246,0.6806909511567096,16.2210024960318,0.08577153175894792,2.6678863928570897,0.849635823002952,0.0,0.0,0.0,0.0,1.6666666666666656,0.0,2,-1.6666666666666679
mvad_One9__012.500,mvad_One9,12.5,14.5,Distance,1.378801597134396,2,1,0.7429338657114656,-0.3253236619184994,0.20453173619893725,0.6351347514113723,0.8903994676218682,-0.5883883309974205,0.0,0.0,0.0,0.0,0.7429338657114656,-0.3253236619184994,0.29039946762186797,0.48195485007373373,0.6378650695322706,-0.13789087936223887,0.0,0.0,0.0,0.0,0.25253439808959754,0.0,2,-0.442396805731208
mvad_One9__012.500,mvad_One9,12.5,14.5,Elevation,12.168583232870471,2,1,8.02713892237651,0.00964624802434133,9.914750100462863,-0.22323907146076838,5.085249899537138,0.37260381732007786,0.0,0.0,0.0,0.0,10.306194410956824,-0.271533780862963,6.360472255709843,0.215272387373307,10.52713892237651,-0.2987929609991071,0.0,0.0,0.0,0.0,-5.441889022839372,0.0,1,-10.662833534259057
mvad_One9__022.000,mvad_One9,22.0,24.0,Azimuth,-11.115418018569493,2,1,8.23930510492128,0.5356262791226627,6.393195796347271,0.6396744528280824,5.2820846852361605,0.7022975496067942,0.0,0.0,0.0,0.0,7.871806006189832,0.5563388175860167,10.837640240791716,0.3891820657132353,5.2820846852361605,0.7022975496067942,0.0,0.0,0.0,0.0,0.0,0.0,1,-1.6666666666666679
mvad_One9__022.000,mvad_One9,22.0,24.0,Distance,1.6173815971850654,2,1,0.7224605323950216,-0.2888011740700782,0.4673815971850653,0.1662354908247009,0.834048263851732,-0.4878631198298933,0.0,0.0,0.0,0.0,0.47753946760497823,0.14811481192777054,0.2775394676049782,0.5048958722848218,0.3108728009383116,0.44543236222531324,0.0,0.0,0.0,0.0,0.5231754629134204,0.0,3,0.034763194370130535
mvad_One9__022.000,mvad_One9,22.0,24.0,Elevation,10.335937918801031,2,1,8.63802069373299,-0.06572170812127287,5.914062081198968,0.2703485478237685,3.2526045854676977,0.5987076857569209,0.0,0.0,0.0,0.0,10.304687360399656,-0.27134784747023843,7.804687360399657,0.0370913615532098,11.747395414532305,-0.4493429398976114,0.0,0.0,0.0,0.0,-8.494790829064607,0.0,1,-14.32812416239794
mvad_One9__022.500,mvad_One9,22.5,24.5,Azimuth,-11.345223459751058,2,1,6.154776540248942,0.6531119497617812,4.956334570862169,0.7206570824511012,6.06744568197328,0.6580339856723895,0.0,0.0,0.0,0.0,8.84522345975106,0.50147624372561,24.400779015306615,-0.3752471111763547,5.511890126417725,0.6893455340617453,0.0,0.0,0.0,0.0,0.5555555555555545,0.0,2,-1.6666666666666679
mvad_One9__022.500,mvad_One9,22.5,24.5,Distance,1.653170654845502,2,1,0.3677235516151673,0.3440160066823986,0.396829345154498,0.2920940272749194,0.7343902182818342,-0.3100826039721958,0.0,0.0,0.0,0.0,0.7322764483848329,-0.30631183864618117,0.4301626784878314,0.23263051721541084,0.2698373215121687,0.5186357715349094,0.0,0.0,0.0,0.0,0.46455289676966544,0.0,2,-0.20634130969100384
mvad_One9__022.500,mvad_One9,22.5,24.5,Elevation,9.999204693130451,2,1,8.75026510228985,-0.07956993875830598,7.084128640202882,0.1259907862381865,3.7497348977101503,0.537373893641064,0.0,0.0,0.0,0.0,7.916401564376817,0.023308545268650116,8.74973489771015,-0.07950452440583278,12.084128640202882,-0.4908876318087103,0.0,0.0,0.0,0.0,-8.334393742492733,0.0,1,-15.001590613739097
mvad_One9__023.000,mvad_One9,23.0,25.0,Azimuth,-9.698791647896202,2,1,8.309902759007315,0.531647339770901,11.288486104854291,0.36377203795351,10.93373611736793,0.38376602647225466,0.0,0.0,0.0,0.0,11.087680536785093,0.37508959782412143,9.421013870118426,0.46902424299218914,3.3099027590073145,0.8134512752751039,0.0,0.0,0.0,0.0,7.623833358360615,0.0,3,3.9357500375409256
mvad_One9__023.000,mvad_One9,23.0,25.0,Distance,1.6651880328294548,2,1,0.7151880328294548,-0.2758277235378326,0.24852136616278808,0.5566614172952873,0.30506267760981826,0.4557970720350387,0.0,0.0,0.0,0.0,0.6616039890568487,-0.18023886376078724,0.4485213661627882,0.1998803569382357,0.0717293442764848,0.8720416424515989,0.0,0.0,0.0,0.0,0.23333333333333345,0.0,3,0.06962393434109052
mvad_One9__023.000,mvad_One9,23.0,25.0,Elevation,9.960923279099216,2,1,12.92969224030026,-0.5952096190059324,12.955743387567452,-0.5984236971088306,2.929692240300261,0.6385472170878612,0.0,0.0,0.0,0.0,12.92969224030026,-0.5952096190059324,12.096358906966927,-0.4923965493314495,12.122410054234118,-0.4956106274343477,0.0,0.0,0.0,0.0,-9.192717813933857,0.0,0,-15.078153441801568
mvad_One9__023.500,mvad_One9,23.5,25.5,Azimuth,-6.575119323085095,2,1,6.297341545307318,0.6450768738636559,5.8638491145271905,0.6695088484646804,11.9749602256383,0.3250818161817658,0.0,0.0,0.0,0.0,9.075119323085096,0.48851913191687635,7.408452656418429,0.5824537770849441,2.530515781193857,0.8573781388008157,0.0,0.0,0.0,0.0,9.444444444444443,0.0,2,-1.6666666666666679
mvad_One9__023.500,mvad_One9,23.5,25.5,Distance,1.654188418514445,2,1,0.8041884185144452,-0.4345959834222197,0.23193719382851832,0.5862460102481115,0.6347294728381483,-0.13229727179533368,0.0,0.0,0.0,0.0,0.5958115814855552,-0.06287143907714055,0.19860386049518505,0.64570952030762,0.32914491481888825,0.4128366413989286,0.0,0.0,0.0,0.0,0.30558455801926004,0.0,2,-0.10000000000000053
mvad_One9__023.500,mvad_One9,23.5,25.5,Elevation,10.06477941434566,2,1,8.77159313811522,-0.08220129975830637,7.061740195218113,0.12875297594313329,5.438259804781886,0.32905097893962487,0.0,0.0,0.0,0.0,7.104926471448554,0.1234248395906592,11.22840686188478,-0.3853123724292806,7.061740195218114,0.12875297594313317,0.0,0.0,0.0,0.0,-1.623480390436228,0.0,2,-9.870441171308682
mvad_One9__024.000,mvad_One9,24.0,26.0,Azimuth,-3.017218090933645,2,1,6.839072696977883,0.6145444797584578,16.28351714142233,0.0822481571394077,17.950183808088994,-0.011686488028659792,0.0,0.0,0.0,0.0,7.7394403131558684,0.5637990522305592,17.950183808088994,-0.011686488028659792,6.283517141422327,0.6458560281478138,0.0,0.0,0.0,0.0,11.666666666666668,0.0,3,1.6666666666666714
mvad_One9__024.000,mvad_One9,24.0,26.0,Distance,1.6253705671066334,2,1,0.8251235223688779,-0.4719422261815671,0.29179018903554454,0.4794739347705699,0.3748764776311222,0.331255864039259,0.0,0.0,0.0,0.0,0.541543144297789,0.03393831374171585,0.3415431442977889,0.39071937409876745,0.3579627662267,0.36142832348647347,0.0,0.0,0.0,0.0,0.016913711404422216,0.0,2,-0.09999999999999981
mvad_One9__024.000,mvad_One9,24.0,26.0,Elevation,10.229992343658337,2,1,7.31332567699167,0.09771344514312574,11.020007656341662,-0.35960097798174684,8.520007656341663,-0.051161768958298826,0.0,0.0,0.0,0.0,4.81332567699167,0.4061526541665741,16.853340989674994,-1.0792924657031264,5.493330781219446,0.322256559574605,0.0,0.0,0.0,0.0,3.0266768751222175,0.0,2,-5.459984687316673
mvad_One9__024.500,mvad_One9,24.5,26.5,Azimuth,0.3281391303619067,2,1,9.949638647415872,0.43923053446269855,19.612842512101587,-0.10539524126687305,7.27258357480635,0.5901114654672691,0.0,0.0,0.0,0.0,14.612842512101588,0.17640869423732985,4.276046376787302,0.7589986605245701,9.276046376787303,0.4771947250203671,0.0,0.0,0.0,0.0,-2.0034628019809526,0.0,1,-6.010388405942857
mvad_One9__024.500,mvad_One9,24.5,26.5,Distance,1.5661736717743886,2,1,0.8053912239247963,-0.43674167437076106,0.24950700510772195,0.5549031307557737,0.41617367177438863,0.2575855804582309,0.0,0.0,0.0,0.0,0.3720578905914628,0.33628395640285047,0.3946087760752037,0.29605531222845294,0.3171596615589447,0.43421719823258087,0.0,0.0,0.0,0.0,0.09901401021544393,0.0,1,-0.36765265645122264
mvad_One9__024.500,mvad_One9,24.5,26.5,Elevation,10.749849306075452,2,1,7.333283102025152,0.09525118418653689,6.333484027257882,0.21860207850797386,8.166616435358485,-0.007561885487945785,0.0,0.0,0.0,0.0,8.833484027257882,-0.0898371305154746,8.000150693924548,0.012975939159008298,2.3332831020251508,0.7121296022334338,0.0,0.0,0.0,0.0,5.833333333333334,0.0,3,1.4996986121509046
mvad_One9__025.000,mvad_One9,25.0,27.0,Azimuth,2.9835514435236967,2,1,9.516448556476305,0.46364546895233716,16.827850481174565,0.05156910166574247,8.261329221301473,0.5343849825882745,0.0,0.0,0.0,0.0,8.172149518825435,0.5394112208132428,11.27229492561901,0.3646845855593013,8.816884776857028,0.5030734341989187,0.0,0.0,0.0,0.0,-0.5555555555555554,0.0,1,-1.666666666666666
mvad_One9__025.000,mvad_One9,25.0,27.0,Distance,1.477881711746441,2,1,0.5573727627511865,0.00569977345746242,0.075960570582147,0.8644935354118748,0.6945483784131076,-0.23900853459749527,0.0,0.0,0.0,0.0,0.5240394294178531,0.0651632835169711,0.4240394294178531,0.24355381369549678,0.575960570582147,-0.027459115480753526,0.0,0.0,0.0,0.0,0.11858780783096057,0.0,1,-0.19999999999999996
mvad_One9__025.000,mvad_One9,25.0,27.0,Elevation,11.607766669740776,2,1,5.952588889913592,0.265595276461314,10.475566663592558,-0.2924301983163571,8.452588889913592,-0.04284393256213437,0.0,0.0,0.0,0.0,7.142233330259224,0.11882208038157416,6.785922223246925,0.1627822067868312,10.119255556580258,-0.24847007191109993,0.0,0.0,0.0,0.0,-1.666666666666666,0.0,1,-11.784466660518447
mvad_One9__025.500,mvad_One9,25.5,27.5,Azimuth,5.696738497369141,2,1,8.469928169297527,0.5226281816908096,16.065579499123047,0.09453129419829676,18.934420500876953,-0.06715884272771744,0.0,0.0,0.0,0.0,15.045531611988066,0.15202199599777366,15.510023943567495,0.12584284258765244,9.025483724853082,0.4913166333014537,0.0,0.0,0.0,0.0,9.908936776023872,0.0,3,3.3333333333333357
mvad_One9__025.500,mvad_One9,25.5,27.5,Distance,1.3547323808290466,2,1,0.20157746027634882,0.6404048998926144,0.26824412694301547,0.5214778797735973,0.30157746027634885,0.4620143697140887,0.0,0.0,0.0,0.0,0.30157746027634885,0.4620143697140887,0.43175587305698454,0.22978840897672304,0.6317558730569846,-0.12699265138032834,0.0,0.0,0.0,0.0,-0.3301784127806357,0.0,0,-0.8905352383419072
mvad_One9__025.500,mvad_One9,25.5,27.5,Elevation,13.015727018332829,2,1,8.234272981667171,-0.015909058139429666,6.567606315000504,0.1897170812095359,6.911424327222391,0.1472982989144428,0.0,0.0,0.0,0.0,8.578090993889058,-0.05832784043452288,11.911424327222392,-0.469580119132454,3.0885756727776097,0.6189448649917637,0.0,0.0,0.0,0.0,3.822848654444781,0.0,1,0.0
mvad_One9__026.000,mvad_One9,26.0,28.0,Azimuth,8.925292156799452,2,1,4.685818954311661,0.7359035555229569,10.475097385599817,0.40961526638963686,15.314181045688338,0.13688070246023132,0.0,0.0,0.0,0.0,13.41379150328907,0.2439881528680603,17.69731960782204,0.0025651373280104472,15.869736601243895,0.1055691540708753,0.0,0.0,0.0,0.0,-0.5555555555555571,0.0,1,-3.333333333333332
mvad_One9__026.000,mvad_One9,26.0,28.0,Distance,1.2187818457068147,2,1,0.397884820959852,0.29021115838984246,0.1895939485689381,0.6617823499614701,0.48959394856893823,0.12661075942589284,0.0,0.0,0.0,0.0,0.2895939485689382,0.4833918197829442,0.2895939485689382,0.4833918197829442,0.4229272819022716,0.24553777954490996,0.0,0.0,0.0,0.0,0.06666666666666665,0.0,2,0.0
mvad_One9__026.000,mvad_One9,26.0,28.0,Elevation,14.915015533478671,2,1,5.444994822173776,0.32822004156477946,1.1650155334786714,0.8562654121415232,5.331682200145338,0.34220006376910916,0.0,0.0,0.0,0.0,4.668317799854662,0.42404310013709734,5.388338511159557,0.33521005266694426,9.555005177826224,-0.17885529570546987,0.0,0.0,0.0,0.0,-4.223322977680886,0.0,0,-7.5
mvad_One9__026.500,mvad_One9,26.5,28.5,Azimuth,11.454895245834845,2,1,4.933993643054047,0.72191623472693,16.31829841527828,0.08028785716851639,16.73267302361262,0.056933378088190545,0.0,0.0,0.0,0.0,7.015034918055053,0.6046271104785365,8.540520637500503,0.5186495346194988,17.288228579168177,0.02562182969883464,0.0,0.0,0.0,0.0,-0.5555555555555571,0.0,0,-1.6666666666666714
mvad_One9__026.500,mvad_One9,26.5,28.5,Distance,1.1024165138511364,2,1,0.5142501528155303,0.082626425948497,0.3825278287162878,0.31760657827261163,0.8825278287162878,-0.5743460726200167,0.0,0.0,0.0,0.0,0.380916819482197,0.32048046618653125,0.5174721712837121,0.07687865012065753,0.6142501528155303,-0.09576410423002857,0.0,0.0,0.0,0.0,0.26827767590075746,0.0,1,-0.09516697229772736
mvad_One9__026.500,mvad_One9,26.5,28.5,Elevation,16.51846758746301,2,1,5.922822529154338,0.2692677215685504,2.768467587463011,0.6584384188463418,9.435134254129679,-0.1640661385495208,0.0,0.0,0.0,0.0,7.589489195821003,0.06364158221958494,10.268467587463013,-0.26687920822400346,10.922822529154338,-0.3476106964783465,0.0,0.0,0.0,0.0,-1.4876882750246594,0.0,0,-2.5
mvad_One9__033.000,mvad_One9,33.0,35.0,Azimuth,-7.517230809947296,2,1,6.683897476613964,0.6232902773167147,22.22796582553799,-0.25278564957790683,15.005743603315764,0.15426447948371969,2.6,2.6,0.0,0.0,7.239453032169519,0.5919787289273589,13.894632492204655,0.21688757626243138,10.017230809947298,0.4354209869805794,2.6,2.6,0.0,0.0,4.988512793368466,0.0,2,0.0
mvad_One9__033.000,mvad_One9,33.0,35.0,Distance,1.6263871457905998,2,1,0.7921290485968666,-0.4130832094900616,0.5587957152635332,0.0031613609264984355,0.44120428473646683,0.21293333728824482,2.6,2.6,0.0,0.0,0.9254623819302,-0.6509372497280959,0.5763871457905998,-0.028220085256722705,0.2078709514031335,0.6291779077048048,2.6,2.6,0.0,0.0,0.23333333333333334,0.0,3,0.15277429158119968
mvad_One9__033.000,mvad_One9,33.0,35.0,Elevation,10.138007749327262,2,1,7.870664083557579,0.028951438231294424,7.129335916442421,0.12041330762801528,7.037330750224246,0.1317645079057772,2.6,2.6,0.0,0.0,6.296002583109087,0.22322637730249817,4.537330750224246,0.44020371692922555,11.94532558400607,-0.47376270986335767,2.6,2.6,0.0,0.0,-4.907994833781824,0.0,1,-12.5
mvad_One9__033.500,mvad_One9,33.5,35.5,Azimuth,-4.515422797040733,2,1,3.682089463707401,0.7924745396497389,8.772636845430867,0.5055672824416811,15.206799425181487,0.14293281511216116,0.0,0.0,0.0,0.0,6.45986724148518,0.6359167977029594,9.793200574818512,0.4480475073668242,2.9845772029592657,0.8317868796779906,0.0,0.0,0.0,0.0,12.222222222222221,0.0,2,0.0
mvad_One9__033.500,mvad_One9,33.5,35.5,Distance,1.5524271891884025,2,1,0.6658576036038659,-0.1878269093029623,0.16747572972946748,0.7012391578152483,0.6024271891884025,-0.07467305673278113,0.0,0.0,0.0,0.0,0.5325242702705327,0.05002713093507172,0.5008090630628009,0.10660405722016253,0.06585760360386587,0.8825162717681918,0.0,0.0,0.0,0.0,0.5365695855845367,0.0,3,0.3000000000000001
mvad_One9__033.500,mvad_One9,33.5,35.5,Elevation,10.792805206943102,2,1,9.014268402314366,-0.11214152637396269,11.29052812639023,-0.3929766259043197,3.180935068981034,0.6075499613474167,0.0,0.0,0.0,0.0,7.6523982643523,0.05588013288430693,7.123861459723564,0.12108872246809421,11.290528126390234,-0.39297662590432014,0.0,0.0,0.0,0.0,-8.1095930574092,0.0,0,-13.414389586113796
mvad_One9__034.000,mvad_One9,34.0,36.0,Azimuth,-1.032035175556185,2,1,8.532035175556187,0.5191277819335947,16.309812953333964,0.08076610448261234,15.75425739777841,0.11207765287196814,0.0,0.0,0.0,0.0,5.066233947407619,0.7144630670871079,7.711543830370161,0.5653713199577066,5.912409268888259,0.6667719599431523,0.0,0.0,0.0,0.0,9.841848128890152,0.0,3,2.0640703511123757
mvad_One9__034.000,mvad_One9,34.0,36.0,Distance,1.4606243134205037,2,1,0.6035414378068347,-0.07666077075070898,0.043957646753837,0.9215837209018267,0.46312522885983215,0.1738284488464351,0.0,0.0,0.0,0.0,0.5368747711401679,0.04226624936830814,0.5368747711401678,0.04226624936830836,0.4297918955264988,0.23329195890594367,0.0,0.0,0.0,0.0,0.033333333333333326,0.0,1,-0.0787513731589928
mvad_One9__034.000,mvad_One9,34.0,36.0,Elevation,11.724726639166272,2,1,7.6582422130554235,0.055159131718080956,12.85860669416706,-0.5864393911570025,4.841757786944576,0.4026448231646773,0.0,0.0,0.0,0.0,4.3249088797220905,0.4664114104160121,2.8586066941670616,0.6473174449367908,2.9747266391662723,0.6329910673418295,0.0,0.0,0.0,0.0,1.8670311477783033,0.0,2,0.0
mvad_One9__034.500,mvad_One9,34.5,36.5,Azimuth,1.929229194547312,2,1,11.476409731515773,0.3531805144400244,12.792993027674916,0.278976843584676,18.143076398182433,-0.022558066232245766,0.0,0.0,0.0,0.0,9.984784750102866,0.4372496724517325,12.792993027674916,0.278976843584676,17.031965287071326,0.04006503054646571,0.0,0.0,0.0,0.0,1.1111111111111072,0.0,2,-6.666666666666668
mvad_One9__034.500,mvad_One9,34.5,36.5,Distance,1.3657654704975586,2,1,0.8175678628357748,-0.4584636450819801,0.47192182349918627,0.15813615703163553,0.10525515683251944,0.8122347676862298,0.0,0.0,0.0,0.0,0.3719218234991861,0.33652668721016143,0.1614115098341471,0.7120571518377019,0.5052551568325195,0.09867264697212708,0.0,0.0,0.0,0.0,-0.4000000000000001,0.0,0,-0.4684690590048831
mvad_One9__034.500,mvad_One9,34.5,36.5,Elevation,12.684587821329393,2,1,6.898745512003939,0.1488625564093763,7.144862607109797,0.11849769155273637,6.898745512003941,0.14886255640937596,0.0,0.0,0.0,0.0,7.02180405955687,0.1336801239810561,8.688470726223535,-0.07194601536790945,2.978195940443131,0.6325630399251503,0.0,0.0,0.0,0.0,3.9205495715608105,0.0,2,-2.869175642658785
mvad_One9__035.000,mvad_One9,35.0,37.0,Azimuth,4.2386980209511815,2,1,12.753767326349609,0.2811876349859528,16.087100659682942,0.09331834464981748,14.420433993016275,0.18725298981788518,0.0,0.0,0.0,0.0,14.975989548571832,0.15594144142852928,14.468454895872616,0.18454649393560874,16.135121562539283,0.09061184876754114,0.0,0.0,0.0,0.0,-1.714687569523008,0.0,2,-23.47739604190236
mvad_One9__035.000,mvad_One9,35.0,37.0,Distance,1.2552906238070054,2,1,0.3649031253976649,0.3490473799650953,0.7315697920643315,-0.3050512306894986,0.46843020793566853,0.16436486854719068,0.0,0.0,0.0,0.0,0.10176354126900167,0.8184634792017852,0.23156979206433145,0.5869014202031297,0.19470937619299464,0.6526569115020169,0.0,0.0,0.0,0.0,0.2737208317426739,0.0,3,0.09999999999999992
mvad_One9__035.000,mvad_One9,35.0,37.0,Elevation,13.85845978280758,2,1,10.724873550525752,-0.3231886059202662,5.941793116140914,0.26692721243061035,6.702819927602526,0.17303500932146765,0.0,0.0,0.0,0.0,5.7248735505257535,0.29368981212663037,8.297180072397474,-0.023670263462157948,8.297180072397474,-0.023670263462157948,0.0,0.0,0.0,0.0,-1.5943601447949476,0.0,1,-7.5
mvad_One9__035.500,mvad_One9,35.5,37.5,Azimuth,6.763879903410346,2,1,7.958342318811877,0.5514615628938337,11.912040032196552,0.3286280478086798,16.356484476641,0.0781356606938326,0.0,0.0,0.0,0.0,21.356484476641,-0.20366827481037042,9.199071078914558,0.48153311339579663,18.643515523359003,-0.05076320922325328,0.0,0.0,0.0,0.0,-2.2870310467180026,0.0,2,-15.194426473487354
mvad_One9__035.500,mvad_One9,35.5,37.5,Distance,1.1448307471101096,2,1,0.8051692528898905,-0.4363456990647496,0.23850258622322376,0.5745339719468958,0.2649435823700365,0.527365738736113,0.0,0.0,0.0,0.0,0.3017230842966302,0.4617545902522415,0.5017230842966302,0.10497352989519027,0.568389750963297,-0.013953490223827192,0.0,0.0,0.0,0.0,-0.3034461685932605,0.0,1,-0.8103385057797812
mvad_One9__035.500,mvad_One9,35.5,37.5,Elevation,15.361495395873977,2,1,6.129501534708674,0.2437685579705774,4.462834868042008,0.44939469731954296,6.370498465291326,0.21403539691218065,0.0,0.0,0.0,0.0,7.796168201375341,0.03814241862161183,8.037165131957993,0.008409257563214978,6.370498465291326,0.21403539691218065,0.0,0.0,0.0,0.0,0.0,0.0,2,-4.277009208252046
mvad_One9__036.000,mvad_One9,36.0,38.0,Azimuth,9.641346061841782,2,1,6.508440201608295,0.6331791874386029,19.602670909502816,-0.10482196173832925,16.269337576169484,0.08304732859780584,0.0,0.0,0.0,0.0,12.619551312719404,0.2887521551556883,9.286217979386073,0.4766214454918234,9.841773534941629,0.4453098971024676,0.0,0.0,0.0,0.0,6.427564041227855,0.0,2,-0.9493587903502245
mvad_One9__036.000,mvad_One9,36.0,38.0,Distance,1.0256240023375467,2,1,0.2243759976624534,0.599734468176593,0.6243759976624533,-0.11382765253750948,0.6414586658874845,-0.1443015149527811,0.0,0.0,0.0,0.0,0.3414586658874845,0.39087007558279585,0.7081253325541512,-0.26322853507179844,0.674791999220818,-0.20376502501229,0.0,0.0,0.0,0.0,-0.03333333333333355,0.0,2,-0.6487519953249068
mvad_One9__036.000,mvad_One9,36.0,38.0,Elevation,17.113723033826716,2,1,6.121241011275572,0.24478770569610775,9.454574344608906,-0.1664645730018235,3.621241011275572,0.5532269147195561,0.0,0.0,0.0,0.0,7.787907677942239,0.039161566347142074,10.863723033826716,-0.3403192558413317,9.19705636716005,-0.13469311649236615,0.0,0.0,0.0,0.0,-5.575815355884478,0.0,0,-12.5
mvad_One9__036.500,mvad_One9,36.5,38.5,Azimuth,10.576669215542626,2,1,6.923330784457376,0.6097956276285021,11.410002548875957,0.3569232755227537,15.298891437764846,0.1377424367972625,0.0,0.0,0.0,0.0,11.752221372596901,0.33763555325711747,15.298891437764846,0.1377424367972625,15.854446993320403,0.1064308884079066,0.0,0.0,0.0,0.0,-0.5555555555555571,0.0,1,-5.0
mvad_One9__036.500,mvad_One9,36.5,38.5,Distance,0.9240659407285576,2,1,0.5592673926047756,0.0023199332167240794,0.7592673926047757,-0.3544611271403273,1.2926007259381092,-1.3058772880924643,0.0,0.0,0.0,0.0,0.37531135309048086,0.33048008740169277,0.5580219802428525,0.0045416309320676085,0.9926007259381091,-0.7707056975568873,0.0,0.0,0.0,0.0,0.30000000000000004,0.0,2,-0.3000000000000004
mvad_One9__036.500,mvad_One9,36.5,38.5,Elevation,18.84994679548942,2,1,4.19998226516314,0.481824316888228,4.266613462156086,0.473603647409512,9.19998226516314,-0.13505410115866878,0.0,0.0,0.0,0.0,8.366648931829806,-0.03224103148418589,15.099946795489421,-0.8629662583587645,10.866648931829806,-0.34068024050763435,0.0,0.0,0.0,0.0,-1.666666666666666,0.0,1,-7.5
mvad_One9__037.000,mvad_One9,37.0,39.0,Azimuth,8.841204301854136,2,1,11.002623656173599,0.3798834705637275,16.341204301854134,0.07899686337185874,9.89151254506249,0.4425065673424392,0.0,0.0,0.0,0.0,6.775154121604178,0.6181469809768843,13.997376343826401,0.21109685191525773,13.0078709685208,0.26686615370799416,0.0,0.0,0.0,0.0,-3.11635842345831,0.0,0,-5.0
mvad_One9__037.000,mvad_One9,37.0,39.0,Distance,0.8632002454943455,2,1,0.4867997545056546,0.13159533702960136,0.9867997545056545,-0.7603573138630266,1.2867997545056546,-1.295528904398604,0.0,0.0,0.0,0.0,0.3955999181685515,0.29428720859330726,0.920133087838988,-0.6414302937440097,1.2867997545056546,-1.295528904398604,0.0,0.0,0.0,0.0,0.0,0.0,1,-0.2999999999999998
mvad_One9__037.000,mvad_One9,37.0,39.0,Elevation,20.020846186394227,2,1,9.59028206213141,-0.1832076054222309,6.270846186394228,0.2263300649443426,10.40971793786859,-0.2843060667653561,0.0,0.0,0.0,0.0,8.756948728798076,-0.08039453574774802,13.770846186394229,-0.6989875621260027,10.423615395464742,-0.2860206750967136,0.0,0.0,0.0,0.0,-0.013897457596151241,0.0,1,-5.0
mvad_One9__037.500,mvad_One9,37.5,39.5,Azimuth,5.080444767191653,2,1,9.13985174426945,0.48487076170798304,10.304592700174995,0.419225044664561,5.86014825573055,0.6697174317794081,0.0,0.0,0.0,0.0,10.86014825573055,0.3879134962752052,9.086221899475015,0.4878933819726933,9.802666989413874,0.4475139727892067,0.0,0.0,0.0,0.0,-3.9425187336833236,0.0,1,-10.0
mvad_One9__037.500,mvad_One9,37.5,39.5,Distance,0.8542381732741778,2,1,0.662428493392489,-0.18170970141648102,1.0290951600591556,-0.8358083120710749,1.1957618267258223,-1.133125862368618,0.0,0.0,0.0,0.0,0.6347460577580594,-0.1323268577218928,0.7652539422419409,-0.3651405647774668,0.9985872755752742,-0.7813851351940266,0.0,0.0,0.0,0.0,0.19717455115054816,0.0,1,-0.6
mvad_One9__037.500,mvad_One9,37.5,39.5,Elevation,20.02989505616653,2,1,7.946561722833198,0.019587515101326836,4.573368314611156,0.43575755778737346,10.446561722833197,-0.2888516939221213,0.0,0.0,0.0,0.0,15.446561722833197,-0.9057301119690182,10.446561722833197,-0.2888516939221213,8.759965018722177,-0.08076667257909809,0.0,0.0,0.0,0.0,1.68659670411102,0.0,1,-5.0
mvad_One9__038.000,mvad_One9,38.0,40.0,Azimuth,1.0432002696227485,2,1,15.069955645429806,0.15064543824882004,7.567910841488366,0.573466588264731,5.209866936289413,0.7063677987800838,0.0,0.0,0.0,0.0,4.51440008987425,0.7455648576465819,12.847733423207584,0.27589163180624343,5.765422491844969,0.6750562503907278,0.0,0.0,0.0,0.0,-0.5555555555555562,0.0,1,-5.0
mvad_One9__038.000,mvad_One9,38.0,40.0,Distance,0.886533747899558,2,1,0.7301329187671087,-0.30248798479658934,0.7634662521004422,-0.361951494856098,0.6121779159665194,-0.09206742992852313,0.0,0.0,0.0,0.0,0.2455112492998527,0.562031180726071,0.9967995854337754,-0.7781960652726578,0.7878220840334808,-0.40539999257083625,0.0,0.0,0.0,0.0,-0.17564416806696137,0.0,1,-1.4269325042008845
mvad_One9__038.000,mvad_One9,38.0,40.0,Elevation,19.27204797761128,2,1,8.507349325870427,-0.04960003878305663,3.5073493258704267,0.5672783792638403,12.188714644277946,-0.5037910015574447,0.0,0.0,0.0,0.0,11.355381310944614,-0.40097793188296205,13.02204797761128,-0.6066040712319276,12.674015992537093,-0.5636653871554704,0.0,0.0,0.0,0.0,-0.4853013482591475,0.0,1,-5.0
mvad_Three1__008.500,mvad_Three1,8.5,10.5,Separation-2,43.43707363800476,4,1,21.93707363800476,-0.3025678400073426,4.020975453998413,0.7612446674398987,13.979024546001588,0.1699609479019355,0.0,0.0,0.0,0.0,10.020975453998412,0.4049798725538436,4.020975453998413,0.7612446674398987,10.979024546001588,0.34809334534496306,0.0,0.0,0.0,0.0,3.0,0.0,1,-5.8741472760095235
mvad_Three1__009.000,mvad_Three1,9.0,11.0,Separation-2,43.54314555045185,4,1,18.014381850150617,-0.069648342473831,15.043145550451847,0.10677613933786645,21.014381850150617,-0.24778073991685856,0.0,0.0,0.0,0.0,5.985618149849384,0.6445891629296099,9.014381850150615,0.464748849855252,16.043145550451847,0.04739867352352389,0.0,0.0,0.0,0.0,4.97123629969877,0.0,2,-14.999999999999998
mvad_Three1__009.500,mvad_Three1,9.5,11.5,Separation-2,43.63182209209743,4,1,18.04394069736581,-0.07140347191386232,18.13182209209743,-0.07662164642525604,17.13182209209743,-0.017244180610913373,0.0,0.0,0.0,0.0,10.04394069736581,0.4036162546008778,12.04394069736581,0.2848613229721928,16.13182209209743,0.04213328520342918,7.175,7.175,0.0,0.0,1.0,-7.175,1,-12.0
mvad_Three1__010.000,mvad_Three1,10.0,12.0,Separation-2,43.6404496677271,4,1,11.953183444090968,0.29025025867592336,16.140449667727097,0.04162100162641791,15.140449667727097,0.10099846744076046,12.175,12.174999999999999,0.0,0.0,11.046816555909032,0.3440680275941983,1.0468165559090323,0.9378426857376236,26.140449667727097,-0.5521536565170075,19.675,19.675,0.0,0.0,-11.0,-7.5,1,-30.0
mvad_Three1__010.500,mvad_Three1,10.5,12.5,Separation-2,43.597107133033646,4,1,17.03236904434455,-0.011338910667834545,22.097107133033646,-0.31207022338757007,17.03236904434455,-0.011338910667834545,24.675,24.675,0.0,0.0,16.09710713303365,0.04419457149848505,12.097107133033646,0.2817044347558554,23.097107133033646,-0.3714476892019125,32.175,32.175,0.0,0.0,-6.064738088689097,-7.4999999999999964,1,-12.194214266067295
mvad_Three1__011.000,mvad_Three1,11.0,13.0,Separation-2,43.547263038371895,4,1,23.04726303837189,-0.36848807317508725,16.047263038371895,0.0471541875253102,17.015754346123966,-0.010352371992226272,37.175,37.175000000000004,0.0,0.0,19.015754346123963,-0.12910730362091116,21.047263038371895,-0.24973314154640236,16.015754346123966,0.049025093822116284,44.675,44.675,0.0,0.0,1.0,-7.5,2,-39.0
mvad_Three1__011.500,mvad_Three1,11.5,13.5,Separation-2,43.47148860518297,4,1,24.97148860518297,-0.4827437109874959,21.97148860518297,-0.30461131354446835,13.990496201727657,0.16927979005622695,48.0,48.0,0.0,0.0,20.97148860518297,-0.2452338477301259,16.97148860518297,-0.007723984472755685,15.97148860518297,0.05165348134158687,50.0,50.0,0.0,0.0,-1.9809924034553124,-2.0,1,-15.0
mvad_Three1__012.000,mvad_Three1,12.0,14.0,Separation-2,43.447647838341,4,1,20.982549279447,-0.24589060253812178,21.947647838341,-0.30319570922632155,15.947647838340998,0.05306908565973367,35.825,35.825,0.0,0.0,16.982549279447,-0.008380739280751781,22.947647838341,-0.362573175040664,15.947647838340998,0.05306908565973367,44.5,38.324999999999996,0.0,6.175,0.0,-8.674999999999997,1,-15.0
mvad_Three1__012.500,mvad_Three1,12.5,14.5,Separation-2,43.41950172968284,4,1,25.91950172968284,-0.539034327879035,21.91950172968284,-0.3015244646216648,15.919501729682842,0.05474033026439007,25.5,23.325000000000003,0.0,2.175,21.97316724322761,-0.3047109868175788,23.91950172968284,-0.42027939625034993,10.973167243227612,0.3484411371401891,39.0,25.825,0.0,13.175,4.94633448645523,-13.5,1,0.0
mvad_Three1__016.500,mvad_Three1,16.5,18.5,Separation-2,19.881976895019623,4,1,9.872674368326793,0.41378561519854007,8.872674368326793,0.4731630810128825,17.872674368326795,-0.06123411131620049,0.0,0.0,0.0,0.0,21.61802310498038,-0.2836234278896397,11.618023104980375,0.310151230253786,14.381976895019625,0.146034658573308,0.0,0.0,0.0,0.0,3.4906974733071703,0.0,1,-9.763953790039245
mvad_Three1__017.000,mvad_Three1,17.0,19.0,Separation-2,19.87194952244462,4,1,1.8760168258517933,0.8886068750558538,15.371949522444618,0.08725259273124553,15.876016825851792,0.05732235365505822,0.0,0.0,0.0,0.0,5.123983174148207,0.6957508642437484,11.628050477555382,0.3095558302815059,6.123983174148207,0.636373398429406,3.175,3.175,0.0,0.0,9.752033651703584,-3.175,2,-9.0
mvad_Three1__017.500,mvad_Three1,17.5,19.5,Separation-2,19.87879194710913,4,1,20.62120805289087,-0.2244350762109728,16.62120805289087,0.013074787046397418,13.873736017630291,0.17621271389594462,0.0,0.0,0.0,0.0,12.621208052890871,0.25058465030376753,17.87373601763029,-0.061297149361425385,13.873736017630291,0.17621271389594462,15.675,15.675,0.0,0.0,0.0,-15.675,2,-15.0
mvad_Three1__018.000,mvad_Three1,18.0,20.0,Separation-2,19.9333678238115,4,1,22.566632176188495,-0.33994943058647475,15.566632176188499,0.0756928301139228,13.566632176188499,0.19444776174260792,0.0,0.0,0.0,0.0,15.8555440587295,0.058537974684987226,16.8555440587295,-0.0008394911293554408,14.8555440587295,0.11791544049932978,25.475,25.474999999999998,0.0,0.0,-1.2889118825410009,-25.475,1,-15.0
mvad_Three1__018.500,mvad_Three1,18.5,20.5,Separation-2,19.985885372651506,4,1,2.161961790883835,0.8716281876698804,25.51411462734849,-0.514963469068602,9.161961790883835,0.4559859269694826,0.0,0.0,0.0,0.0,29.838038209116164,-0.7717070937288415,12.838038209116164,0.23770982511498173,12.838038209116164,0.23770982511498173,25.475,25.474999999999998,0.0,0.0,-3.676076418232329,-25.475,1,-14.999999999999996
mvad_Three1__019.000,mvad_Three1,19.0,21.0,Separation-2,20.036475181698616,4,1,2.8211749394337944,0.83248578147749,8.821174939433794,0.47622098659143475,11.463524818301385,0.31932494698944225,0.0,0.0,0.0,0.0,12.463524818301385,0.2599474811750997,15.821174939433794,0.060578725891036966,21.463524818301384,-0.274449711153983,22.3,22.3,0.0,0.0,-9.999999999999998,-22.3,1,-24.0
mvad_Three1__022.000,mvad_Three1,22.0,24.0,Separation-2,22.381589265244354,4,1,8.03947024491855,0.5226366303669248,12.118410734755647,0.28043948087288495,13.881589265244353,0.17574640795420904,12.8,12.8,0.0,0.0,18.11841073475565,-0.07582531401317039,9.03947024491855,0.4632591645525823,17.03947024491855,-0.011760561962158134,36.325,36.325,0.0,0.0,-3.1578809796741982,-23.525000000000002,1,-12.236821469511295
mvad_Three1__022.500,mvad_Three1,22.5,24.5,Separation-2,22.494345188001244,4,1,11.001884937332918,0.3467359532401846,2.001884937332919,0.8811331455692674,4.001884937332918,0.7623782139405824,0.3,0.3,0.0,0.0,14.00188493733292,0.1686035557971569,13.001884937332923,0.22798102161149925,9.99811506266708,0.4063372646586222,23.825,23.825,0.0,0.0,-5.996230125334162,-23.525,1,-12.011309623997512
mvad_Three1__023.000,mvad_Three1,23.0,25.0,Separation-2,22.584286637919348,4,1,12.971904454026884,0.22976118673410095,4.084286637919348,0.7574854097809679,24.915713362080652,-0.4794319183969016,0.0,0.0,0.0,0.0,8.028095545973116,0.5233120311647057,16.028095545973116,0.04829230464996537,18.971904454026884,-0.12650360815195416,11.325,11.325000000000001,0.0,0.0,5.943808908053768,-11.325,2,-5.9999999999999964
mvad_Three1__023.500,mvad_Three1,23.5,25.5,Separation-2,22.621983839594822,4,1,10.95933872013506,0.34926223979738,3.0406612798649406,0.8194532388018245,13.04066127986494,0.22567858065839907,0.0,0.0,0.0,0.0,4.959338720135059,0.7055270346834353,7.121983839594822,0.5771146480341585,14.878016160405176,0.11658110405030586,0.0,0.0,0.0,0.0,-1.8373548805402358,0.0,2,-9.0
mvad_Three1__024.000,mvad_Three1,24.0,26.0,Separation-2,22.62638080015491,4,1,8.042126933384969,0.5224788829383307,2.1263808001549087,0.8737408967305276,23.957873066615033,-0.422557788997292,0.0,0.0,0.0,0.0,4.95787306661503,0.7056140614752164,7.04212693338497,0.5818563487526731,24.873619199845095,-0.47693247371777625,7.675,7.675,0.0,0.0,-0.915746133230062,-7.675,1,-15.000000000000004
mvad_Three1__024.500,mvad_Three1,24.5,26.5,Separation-2,22.65428175141337,4,1,8.051427250471123,0.521926653678485,8.948572749528877,0.4686564274776919,13.051427250471123,0.22503932460677223,9.2,9.2,0.0,0.0,8.051427250471123,0.521926653678485,7.051427250471124,0.5813041194928275,20.948572749528875,-0.24387316229441836,20.175,20.175,0.0,0.0,-7.897145499057752,-10.975000000000001,1,-21.0
mvad_Three1__025.000,mvad_Three1,25.0,27.0,Separation-2,22.68846687383648,4,1,11.062822291278826,0.34311764758944496,2.062822291278826,0.8775148399185277,16.937177708721173,-0.005686690391035976,21.7,21.7,0.0,0.0,6.062822291278827,0.6400049766611575,7.062822291278825,0.5806275108468151,18.937177708721173,-0.12444162201972109,32.675,32.675,0.0,0.0,-2.0,-10.974999999999998,1,-8.62306625232704
mvad_Three1__025.500,mvad_Three1,25.5,27.5,Separation-2,22.65746400391144,4,1,10.947511998696186,0.3499644805453125,6.947511998696187,0.5874743438026826,11.052488001303814,0.34373127153915173,34.2,34.2,0.0,0.0,11.947511998696186,0.29058701473096993,8.15746400391144,0.5156304599760186,10.052488001303812,0.4031087373534943,45.175,45.175,0.0,0.0,1.0000000000000018,-10.974999999999994,1,-3.0
mvad_Three1__026.000,mvad_Three1,26.0,28.0,Separation-2,22.61204999785306,4,1,12.962650000715646,0.23031069271921945,6.037349999284353,0.6415174568082724,16.962650000715644,-0.007199170538150668,46.7,46.7,0.0,0.0,15.887950002146942,0.05661379188753646,10.037349999284354,0.4040075935509022,18.962650000715644,-0.12595410216683578,50.0,50.0,0.0,0.0,-2.0,-3.299999999999997,1,-15.0
mvad_Three1__026.500,mvad_Three1,26.5,28.5,Separation-2,22.534643572213724,4,1,17.988452142595428,-0.06810870214989673,9.011547857404576,0.46491712516264805,24.965356427786276,-0.4823795978337564,50.0,50.0,0.0,0.0,14.988452142595426,0.11002369529313094,6.988452142595425,0.5850434218078713,16.988452142595424,-0.00873123633555406,50.0,50.0,0.0,0.0,7.976904285190852,0.0,2,0.0
mvad_Three2__009.000,mvad_Three2,9.0,11.0,Separation-2,40.42940544287805,3,1,18.97646848095935,-0.12677460850511246,6.02353151904065,0.6423379631465491,12.97646848095935,0.22949018638094276,50.0,50.0,0.0,0.0,9.92940544287805,0.41041706775876186,8.92940544287805,0.4697945335731044,8.97646848095935,0.467000049638313,43.5,43.5,0.0,0.0,4.0,6.5,2,-11.8588108857561
mvad_Three2__009.500,mvad_Three2,9.5,11.5,Separation-2,40.55357230006796,3,1,27.05357230006796,-0.6063725644031295,7.053572300067962,0.5811767518837211,19.017857433355985,-0.1292321796111351,41.3,41.3,0.0,0.0,8.017857433355987,0.5239199443466327,8.017857433355987,0.5239199443466327,24.05357230006796,-0.4282401669601019,43.5,43.5,0.0,0.0,-5.035714866711974,-2.200000000000003,1,-15.107144600135921
mvad_Three2__010.000,mvad_Three2,10.0,12.0,Separation-2,40.63397133085233,3,1,19.133971330852333,-0.1361267285902945,13.044657110284112,0.22544131837428483,3.044657110284111,0.8192159765177103,28.8,28.799999999999997,0.0,0.0,20.133971330852333,-0.19550419440463718,23.04465711028411,-0.3683333397691404,7.044657110284111,0.58170611326034,40.325,40.325,0.0,0.0,-3.9999999999999996,-11.525000000000002,1,-8.999999999999998
mvad_Three2__010.500,mvad_Three2,10.5,12.5,Separation-2,40.69877913254644,3,1,9.198779132546441,0.45379980652353613,16.066259710848815,0.04602621325472567,27.06625971084881,-0.607125910703042,16.3,16.3,0.0,0.0,25.198779132546445,-0.49623964650594465,23.06625971084881,-0.369616047445672,7.801220867453559,0.5367832746326406,27.825,27.825,0.0,0.0,19.265038843395253,-11.524999999999999,2,-3.0
mvad_Three2__011.000,mvad_Three2,11.0,13.0,Separation-2,40.739029057422975,3,1,11.239029057422973,0.3326549363564649,18.239029057422975,-0.08298732434393297,25.23902905742297,-0.4986295850443305,9.525,9.525,0.0,0.0,22.23902905742297,-0.32049718760130297,16.079676352474326,0.0452295670752636,22.079676352474323,-0.3110352278107915,16.5,16.5,0.0,0.0,3.159352704948649,-6.975,2,-30.0
mvad_Three2__011.500,mvad_Three2,11.5,13.5,Separation-2,40.7489394724226,3,1,28.248939472422602,-0.6773504378152047,13.082979824140866,0.2231658127423426,18.082979824140867,-0.0737215163293703,18.225,18.224999999999998,0.0,0.0,21.082979824140867,-0.25185391377239785,8.917020175859134,0.4705299393421215,20.082979824140867,-0.19247644795805519,16.5,16.5,0.0,0.0,-2.0,1.7250000000000014,0,-3.0
mvad_Three2__012.000,mvad_Three2,12.0,14.0,Separation-2,40.75060890465125,3,1,32.25060890465125,-0.9149594277276607,15.083536301550417,0.1043778388952954,26.083536301550414,-0.5487742850624724,30.725,30.725,0.0,0.0,17.25060890465125,-0.024297440512522694,15.916463698449583,0.054920720860085925,17.083536301550417,-0.014377092733389718,26.175,26.174999999999997,0.0,0.0,8.999999999999996,4.550000000000001,1,-3.0
mvad_Three2__012.500,mvad_Three2,12.5,14.5,Separation-2,40.77223391852953,3,1,20.090744639509843,-0.19293750301718138,21.27223391852953,-0.263091342292185,16.27223391852953,0.033795986779527665,46.9,46.9,0.0,0.0,10.27223391852953,0.390060781665583,10.090744639509843,0.40083715512624407,13.27223391852953,0.21192838422255533,41.875,41.875,0.0,0.0,3.0,5.024999999999999,2,-15.0
mvad_Three2__015.000,mvad_Three2,15.0,17.0,Separation-2,20.97884309555892,3,1,13.492947698519638,0.19882295929643834,2.5070523014803605,0.8511375876740811,6.5070523014803605,0.613627724416711,50.0,50.0,0.0,0.0,6.4929476985196395,0.6144652199968361,13.507052301480362,0.1979854637163131,17.50705230148036,-0.03952439954105702,50.0,50.0,0.0,0.0,-11.0,0.0,0,-15.0
mvad_Three2__015.500,mvad_Three2,15.5,17.5,Separation-2,21.023952467768723,3,1,4.507984155922908,0.7323273248900897,6.492015844077092,0.6145205511521423,14.492015844077093,0.139500824637402,50.0,50.0,0.0,0.0,8.507984155922909,0.49481746163271956,12.492015844077093,0.2582557562660871,12.492015844077093,0.2582557562660871,50.0,50.0,0.0,0.0,2.0,0.0,1,-14.952095064462554
mvad_Three2__016.000,mvad_Three2,16.0,18.0,Separation-2,21.026835702515097,3,1,3.508945234171699,0.7916477243135698,3.491054765828301,0.7927100149860324,7.491054765828301,0.5552001517286622,50.0,50.0,0.0,0.0,5.4910547658282995,0.6739550833573476,22.4910547658283,-0.33546183548647557,13.4910547658283,0.1989353568426071,50.0,50.0,0.0,0.0,-5.999999999999999,0.0,1,-15.0
mvad_Three2__016.500,mvad_Three2,16.5,18.5,Separation-2,21.019684857970024,3,1,2.493438380676659,0.851945947791202,7.480315142029976,0.5558378433736062,13.50656161932334,0.1980145991793173,50.0,50.0,0.0,0.0,7.5065616193233415,0.5542793940653725,9.50656161932334,0.4355244624366875,13.49343838067666,0.19879382383343414,50.0,50.0,0.0,0.0,0.013123238646681301,0.0,2,-2.9606302840599525
mvad_Three2__017.000,mvad_Three2,17.0,19.0,Separation-2,21.016743702558124,3,1,2.494418765813959,0.8518877350062272,1.4944187658139587,0.9112652008205697,7.4944187658139585,0.5550004059345145,50.0,50.0,0.0,0.0,4.4944187658139585,0.7331328033775422,17.49441876581396,-0.038774252208911175,17.494418765813958,-0.03877425220891095,50.0,50.0,0.0,0.0,-10.0,0.0,0,-15.000000000000004
mvad_Three2__017.500,mvad_Three2,17.5,19.5,Separation-2,21.01353194928881,3,1,2.495489350237063,0.8518241664162429,14.486468050711188,0.139830238548331,24.49548935023706,-0.45448008149929287,50.0,50.0,0.0,0.0,4.5045106497629375,0.7325335728833593,6.5045106497629375,0.6137786412546742,17.49548935023706,-0.038837820798895084,50.0,50.0,0.0,0.0,7.0,0.0,1,0.0
mvad_Three2__018.000,mvad_Three2,18.0,20.0,Separation-2,21.11277216021285,3,1,2.4624092799290502,0.8537883771600929,13.387227839787151,0.20510033659422378,21.46240927992905,-0.2743834733124153,50.0,49.8,0.0,0.2,7.537590720070949,0.5524369646964816,6.537590720070949,0.6118144305108242,17.46240927992905,-0.03687361005504508,50.0,50.0,0.0,0.0,4.0,0.0,1,-9.0
mvad_Three2__018.500,mvad_Three2,18.5,20.5,Separation-2,21.217465806848896,3,1,3.427511397717035,0.7964830591537874,11.427511397717035,0.32146333263904703,18.427511397717037,-0.09417892806135075,50.0,37.3,0.0,12.7,10.717465806848898,0.36362404043744445,24.427511397717037,-0.4504437229474061,17.282534193151104,-0.026193083239035797,42.3,42.3,0.0,0.0,1.144977204565933,7.700000000000003,2,-24.0
mvad_Three2__019.000,mvad_Three2,19.0,21.0,Separation-2,21.327704044560868,3,1,3.3907653184797106,0.7986649482175127,13.39076531847971,0.20489029007408732,9.39076531847971,0.44240015333145744,50.0,25.0,0.0,25.0,12.827704044560868,0.23832344161758356,8.39076531847971,0.5017776191458001,11.390765318479708,0.32364522170277255,35.5,33.0,0.0,2.5,-1.9999999999999982,14.5,1,-14.999999999999996
mvad_Three2__019.500,mvad_Three2,19.5,21.5,Separation-2,21.45046829159605,3,1,8.04953170840395,0.5220392061627781,11.049531708403952,0.34390680871975043,28.349843902801314,-0.6833418871805323,50.0,25.0,0.0,25.0,7.650156097198683,0.545753117864201,15.049531708403947,0.10639694546238054,13.049531708403952,0.22515187709106532,35.5,33.0,0.0,2.5,15.300312194397362,14.5,3,0.9009365831920988
mvad_Three2__022.000,mvad_Three2,22.0,24.0,Separation-2,21.03617554801993,3,1,9.46382445198007,0.43806208712961436,11.536175548019932,0.3150111307691922,9.46382445198007,0.43806208712961436,0.0,0.0,0.0,0.0,10.46382445198007,0.3786846213152718,13.487941483993358,0.19912021562833182,6.487941483993357,0.6147624763287296,0.0,0.0,0.0,0.0,2.9758829679867134,0.0,2,-0.0723510960398599
mvad_Three2__022.500,mvad_Three2,22.5,24.5,Separation-2,21.08315359308037,3,1,4.472282135639876,0.7344472203789485,20.527717864360124,-0.21888386573751184,18.416846406919632,-0.09354566793486763,0.0,0.0,0.0,0.0,5.472282135639876,0.6750697545646058,10.527717864360124,0.3748907924059135,21.416846406919632,-0.2716780653778952,0.0,0.0,0.0,0.0,-3.0,0.0,1,-21.000000000000004
mvad_Three2__023.000,mvad_Three2,23.0,25.0,Separation-2,21.068747087244784,3,1,7.477084304251739,0.5560296823333353,10.477084304251738,0.3778972848903076,25.431252912755216,-0.510043350443022,0.0,0.0,0.0,0.0,7.477084304251739,0.5560296823333353,19.431252912755216,-0.15377855555696662,5.431252912755216,0.6775059658438288,0.0,0.0,0.0,0.0,20.0,0.0,3,15.0
mvad_Three2__023.500,mvad_Three2,23.5,25.5,Separation-2,21.007306798991195,3,1,15.497564400336268,0.07979389961346128,11.497564400336268,0.3173037628708315,3.4975644003362683,0.7923234893855717,0.0,0.0,0.0,0.0,9.492693201008803,0.436347933971058,21.492693201008805,-0.2761816558010526,12.492693201008805,0.2582155365280302,0.0,0.0,0.0,0.0,-8.995128800672537,0.0,0,-23.98538640201761
mvad_Three2__024.000,mvad_Three2,24.0,26.0,Separation-2,21.07332630770598,3,1,7.52444210256866,0.5532176962827298,19.42667369229402,-0.15350665305057576,13.426673692294022,0.20275814183547936,0.0,0.0,0.0,0.0,19.47555789743134,-0.15640927326997822,17.42667369229402,-0.03475172142189065,20.426673692294017,-0.21288411886491798,0.0,0.0,0.0,0.0,-6.999999999999995,0.0,1,-26.999999999999996
mvad_Three2__024.500,mvad_Three2,24.5,26.5,Separation-2,21.280438595353687,3,1,11.406520468215438,0.32270972083793936,14.780438595353687,0.12237501258339745,14.593479531784562,0.13347616798915463,0.0,0.0,0.0,0.0,9.406520468215438,0.4414646524666245,14.406520468215438,0.1445773233949117,15.780438595353687,0.06299754676905489,0.0,0.0,0.0,0.0,-1.186959063569125,0.0,0,-3.0000000000000018
mvad_Three2__025.000,mvad_Three2,25.0,27.0,Separation-2,21.471890269748204,3,1,3.0281097302517956,0.820198518009896,18.657296756582735,-0.10782300035203529,21.657296756582735,-0.28595539779506285,0.0,0.0,0.0,0.0,10.971890269748206,0.34851696058930837,16.0281097302518,0.04829146242344273,21.342703243417265,-0.2672756322216663,0.0,0.0,0.0,0.0,0.3145935131654696,0.0,2,-20.056219460503595
mvad_Three2__025.500,mvad_Three2,25.5,27.5,Separation-2,21.57711129126234,3,1,11.30762956957922,0.32858161179106105,9.69237043042078,0.4244916061077456,12.07711129126234,0.28289173716706006,0.0,0.0,0.0,0.0,4.30762956957922,0.7442238724914588,20.30762956957922,-0.20581558053802174,9.69237043042078,0.4244916061077456,0.0,0.0,0.0,0.0,2.3847408608415606,0.0,1,-4.845777417475318
mvad_Three2__026.000,mvad_Three2,26.0,28.0,Separation-2,21.647660725002524,3,1,14.284113091665825,0.15184556321140974,9.284113091665825,0.4487328922831225,15.284113091665825,0.0924680973970673,0.0,0.0,0.0,0.0,2.284113091665825,0.8643751529835202,12.715886908334175,0.2449628598013417,9.284113091665825,0.4487328922831225,0.0,0.0,0.0,0.0,6.0,0.0,2,0.0
mvad_Three2__026.500,mvad_Three2,26.5,28.5,Separation-2,21.633102231096487,3,1,7.288965922967837,0.5671996750870696,8.866897768903513,0.47350608084766155,20.288965922967837,-0.20470738049938353,0.0,0.0,0.0,0.0,4.133102231096487,0.7545868635658854,14.288965922967838,0.1515574143866717,15.866897768903513,0.05786382014726377,0.0,0.0,0.0,0.0,4.422068154064323,0.0,2,-12.000000000000005
mvad_Three2__027.000,mvad_Three2,27.0,29.0,Separation-2,21.566306893768417,3,1,21.933693106231583,-0.30236711259754645,14.933693106231582,0.11327514810285144,17.31123103541053,-0.027897029009274377,0.0,0.0,0.0,0.0,13.311231035410529,0.20961283424809585,22.31123103541053,-0.32478435808098705,22.933693106231583,-0.3617445784118889,0.0,0.0,0.0,0.0,-5.622462070821054,0.0,1,-18.0
mvad_Three3__008.500,mvad_Three3,8.5,10.5,Separation-2,43.60615593887737,2,1,21.10615593887737,-0.2532300527328739,6.035385312959124,0.6416341149033846,7.964614687040876,0.5270813636958198,52.675,52.675000000000004,0.0,0.0,21.10615593887737,-0.2532300527328739,9.035385312959123,0.46350171746035695,27.106155938877368,-0.6094948476189288,39.85,39.85,0.0,0.0,-19.141541251836493,12.824999999999996,0,-27.0
mvad_Three3__009.000,mvad_Three3,9.0,11.0,Separation-2,43.51982039413005,2,1,21.01982039413005,-0.2481036668760772,14.00660679804335,0.16832318367424315,15.00660679804335,0.10894571785990059,59.2,59.199999999999996,0.0,0.0,20.01982039413005,-0.18872620106173454,6.99339320195665,0.5847500342245635,14.00660679804335,0.16832318367424315,35.0,35.0,0.0,0.0,1.0,24.200000000000003,1,-6.039640788260101
mvad_Three3__009.500,mvad_Three3,9.5,11.5,Separation-2,43.095205384453465,2,1,21.865068461484487,-0.29829235510005425,13.865068461484489,0.17672737141468586,7.865068461484488,0.5329921663007411,71.675,71.675,0.0,0.0,19.595205384453465,-0.1635136378404065,8.865068461484489,0.47361470048639853,15.595205384453465,0.07399622541696371,24.325,24.325,0.0,0.0,-7.730136922968977,47.349999999999994,0,-9.0
mvad_Three3__010.000,mvad_Three3,10.0,12.0,Separation-2,42.51616469696928,2,1,19.67205489898976,-0.1680767672626342,19.016164696969277,-0.1291316692142006,13.672054898989758,0.18818802762342124,84.175,84.175,0.0,0.0,15.016164696969277,0.1083781940431695,16.01616469696928,0.04900072822882673,9.67205489898976,0.42569789088079124,17.175,17.175,0.0,0.0,3.9999999999999982,67.0,2,-9.000000000000004
mvad_Three3__010.500,mvad_Three3,10.5,12.5,Separation-2,42.33119463411964,2,1,23.83119463411964,-0.41503594470238236,30.610398211373212,-0.8175678733592249,15.610398211373214,0.07309411385591302,94.0,94.0,0.0,0.0,6.389601788626787,0.6206016382285511,11.83119463411964,0.2974936450697282,5.610398211373213,0.6668687719993385,16.475,16.475,0.0,0.0,10.0,77.525,2,-0.6623892682392807
mvad_Three3__011.000,mvad_Three3,11.0,13.0,Separation-2,42.099396622314806,2,1,29.59939662231481,-0.7575371610666637,9.599396622314806,0.4300121552201873,13.46686779256173,0.20037151802089526,100.0,100.0,0.0,0.0,30.59939662231481,-0.8169146268810061,10.599396622314806,0.37063468940584476,21.59939662231481,-0.28251743455192324,8.8,8.799999999999999,0.0,0.0,-8.13252882975308,91.2,0,-15.0
mvad_Three3__011.500,mvad_Three3,11.5,13.5,Separation-2,42.19837234854482,2,1,24.698372348544822,-0.4665267597956233,12.698372348544822,0.24600282997648726,13.433875883818393,0.20233049395445268,100.0,100.0,0.0,0.0,22.698372348544822,-0.3477718281669382,12.433875883818393,0.26170795976879524,12.698372348544822,0.24600282997648726,6.975,6.9750000000000005,0.0,0.0,0.7355035352735708,93.025,1,-3.3967446970896447
mvad_Three3__012.000,mvad_Three3,12.0,14.0,Separation-2,42.49096074286363,2,1,20.990960742863628,-0.24639005391959135,14.990960742863628,0.10987474096646388,4.336346419045458,0.7425187387439817,94.5,94.5,0.0,0.0,18.990960742863628,-0.12763512229090623,14.663653580954543,0.1293094107835101,15.663653580954543,0.06993194496916755,2.8,2.8000000000000003,0.0,0.0,-11.327307161909086,91.7,0,-18.981921485727256
mvad_Three3__012.500,mvad_Three3,12.5,14.5,Separation-2,42.542863985205656,2,1,16.680954661735218,0.009527184822219259,18.042863985205656,-0.07133953947438099,6.6809546617352185,0.6033018429656447,92.825,92.825,0.0,0.0,15.68095466173522,0.0689046506365617,11.68095466173522,0.30641451389393193,9.68095466173522,0.42516944552261693,11.675,11.675,0.0,0.0,-3.000000000000001,81.15,2,-13.085727970411313
mvad_Three3__015.000,mvad_Three3,15.0,17.0,Separation-2,20.972736238619365,2,1,13.509087920460212,0.19786459381992605,6.50908792046021,0.6135068545203239,16.527263761380635,0.018652961003999047,44.275,44.275,0.0,0.0,19.490912079539786,-0.15732096569322973,12.490912079539788,0.25832129500716794,14.490912079539788,0.13956636337848294,12.325,0.025,0.025,12.275,2.0363516818408467,31.95,1,-6.0
mvad_Three3__015.500,mvad_Three3,15.5,17.5,Separation-2,21.348806729651773,2,1,18.151193270348227,-0.07777185789962626,24.151193270348227,-0.4340366527856814,10.383731090116076,0.38344036217130695,41.475,41.475,0.0,0.0,20.383731090116076,-0.2103342959721184,7.383731090116075,0.5615727596143346,28.15119327034823,-0.6715465160430518,11.0,0.0,0.025,10.975,-17.767462180232155,30.475,0,-27.0
mvad_Three3__016.000,mvad_Three3,16.0,18.0,Separation-2,21.57116818001716,2,1,14.928831819982841,0.11356379896089974,12.309610606660948,0.2690865170151212,12.928831819982841,0.23231873058958485,37.825,37.824999999999996,0.0,0.0,9.690389393339052,0.4246092350693429,13.071168180017159,0.22386715823750913,23.30961060666095,-0.3840656069426469,0.0,0.0,0.0,0.0,-10.380778786678109,37.825,1,-33.0
mvad_Three3__016.500,mvad_Three3,16.5,18.5,Separation-2,21.786011216418405,2,1,9.713988783581597,0.42320796308197683,2.713988783581595,0.8388502237823747,12.713988783581597,0.24507556563894928,32.325,32.324999999999996,0.0,0.0,21.713988783581595,-0.2893216266901335,8.713988783581595,0.4825854288963195,18.237996261193867,-0.08292599952114599,0.0,0.0,0.0,0.0,-5.524007477612271,32.325,1,-24.0
mvad_Three3__017.000,mvad_Three3,17.0,19.0,Separation-2,21.040662752923343,2,1,14.459337247076656,0.1414411969136561,20.459337247076657,-0.21482359797239914,18.459337247076657,-0.09606866634371403,24.525,24.525,0.0,0.0,12.513554250974446,0.2569768602468441,18.459337247076657,-0.09606866634371403,27.459337247076657,-0.6304658586727969,0.0,0.0,0.0,0.0,-9.0,24.525,1,-21.0
mvad_Three3__017.500,mvad_Three3,17.5,19.5,Separation-2,20.07938491318217,2,1,15.420615086817826,0.08436295484633971,22.420615086817822,-0.33127930585405774,16.420615086817826,0.024985489031997266,14.825,14.825,0.0,0.0,16.193128304394058,0.038493077678579235,13.420615086817826,0.20311788647502482,19.806871695605942,-0.17608184699491058,0.0,0.0,0.0,0.0,-3.3862566087881163,14.825,1,-9.0
mvad_Three3__018.000,mvad_Three3,18.0,20.0,Separation-2,19.944423876285672,2,1,19.55557612371433,-0.1611605527656208,9.851858707904777,0.4150215963636513,19.55557612371433,-0.1611605527656208,6.0,6.0,0.0,0.0,29.55557612371433,-0.7549352109090464,17.55557612371433,-0.04240562113693591,11.555576123714326,0.31385917374911976,0.0,0.0,0.0,0.0,8.000000000000005,6.0,1,-3.0
mvad_Three3__018.500,mvad_Three3,18.5,20.5,Separation-2,20.13402570189794,2,1,9.211341900632647,0.453053861190964,22.36597429810206,-0.328034874290019,18.788658099367353,-0.11562290399255515,0.0,0.0,0.0,0.0,22.36597429810206,-0.328034874290019,27.36597429810206,-0.6249222033617317,15.788658099367353,0.06250949345047252,0.0,0.0,0.0,0.0,3.0,0.0,2,-18.0
mvad_Three3__019.000,mvad_Three3,19.0,21.0,Separation-2,20.63122862698412,2,1,18.622923791005295,-0.10578202076352317,18.86877137301588,-0.12037982715989548,21.86877137301588,-0.29851222460292304,0.0,0.0,0.0,0.0,12.86877137301588,0.23588496772615963,16.37707620899471,0.02757071726153415,16.37707620899471,0.02757071726153415,0.0,0.0,0.0,0.0,5.49169516402117,0.0,2,-21.0
mvad_Three3__019.500,mvad_Three3,19.5,21.5,Separation-2,20.868891815596456,2,1,28.54370272813451,-0.6948527329545626,18.631108184403544,-0.10626798930273895,15.456297271865486,0.08224423712349127,0.0,0.0,0.0,0.0,9.456297271865486,0.4385090320095465,9.543702728134514,0.4333191175179453,29.631108184403544,-0.759420113260507,0.0,0.0,0.0,0.0,-14.174810912538058,0.0,0,-18.26221636880709
mvad_Three3__022.000,mvad_Three3,22.0,24.0,Separation-2,23.464683054203984,2,1,3.3215610180679946,0.8027741241994149,16.035316945796016,0.047863516228849434,24.035316945796012,-0.42715621028589057,0.0,0.0,0.0,0.0,13.035316945796017,0.225995913671877,13.678438981932004,0.18780895695676203,6.035316945796016,0.6416381743722749,0.0,0.0,0.0,0.0,17.999999999999996,0.0,3,9.0
mvad_Three3__022.500,mvad_Three3,22.5,24.5,Separation-2,22.993584222476496,2,1,11.164528074158833,0.3370786159433664,10.835471925841167,0.3566171361410978,19.5064157775235,-0.1582415359902536,0.0,0.0,0.0,0.0,15.164528074158833,0.09956875268599619,5.493584222476496,0.6738048906316902,8.835471925841167,0.4753720677697828,0.0,0.0,0.0,0.0,10.670943851682333,0.0,2,0.0
mvad_Three3__023.000,mvad_Three3,23.0,25.0,Separation-2,22.65244651817672,2,1,1.1524465181767205,0.9315706462641037,21.050815506058907,-0.2499440780750446,10.949184493941095,0.34986517201608325,8.7,8.7,0.0,0.0,15.050815506058905,0.10632071681101074,13.847553481823278,0.1777673665207583,17.949184493941093,-0.06577708868431453,0.0,0.0,0.0,0.0,-6.999999999999998,8.7,1,-21.0
mvad_Three3__023.500,mvad_Three3,23.5,25.5,Separation-2,21.93893204188131,2,1,0.5610679581186915,0.9666852064972844,14.187022652706231,0.1576105474316326,8.561067958118691,0.49166547998254406,9.5,9.5,0.0,0.0,18.81297734729377,-0.11706691930493651,18.18702265270623,-0.0798993158257375,13.812977347293769,0.17982040976677638,0.0,0.0,0.0,0.0,-5.251909389175077,9.5,1,-15.0
mvad_Three3__024.000,mvad_Three3,24.0,26.0,Separation-2,21.69238914157001,2,1,7.269203619476663,0.5683731105870293,11.807610858429989,0.29889398990451355,10.730796380523337,0.3628325047548049,9.5,9.5,0.0,0.0,5.269203619476663,0.6871280422157144,23.269203619476666,-0.38166634244245135,22.269203619476666,-0.3222888766281089,0.0,0.0,0.0,0.0,-11.53840723895333,9.5,1,-33.0
mvad_Three3__024.500,mvad_Three3,24.5,26.5,Separation-2,22.442926455489687,2,1,17.019024514836772,-0.010546546323177974,18.057073544510317,-0.07218326709623035,20.01902451483677,-0.18867894376620553,9.5,9.5,0.0,0.0,8.98097548516323,0.46673243515027196,33.05707354451032,-0.9628452543113684,9.01902451483677,0.46447318019156236,0.0,0.0,0.0,0.0,10.999999999999998,9.5,3,3.0
mvad_Three3__025.000,mvad_Three3,25.0,27.0,Separation-2,22.85960085995914,2,1,17.880133046680285,-0.061676988735154925,15.880133046680285,0.05707794289353019,7.880133046680286,0.5320976694082704,0.8,0.8,0.0,0.0,15.119866953319715,0.10222061686185113,8.880133046680287,0.47272020359392786,7.640399140040859,0.5463324612542917,0.0,0.0,0.0,0.0,0.23973390663942684,0.8,1,-2.280798280081719
mvad_Three3__025.500,mvad_Three3,25.5,27.5,Separation-2,22.541519582415702,2,1,20.958480417584298,-0.24446145451567913,19.986160139194766,-0.18672754042501283,5.986160139194766,0.6445569809757827,0.0,0.0,0.0,0.0,11.986160139194766,0.2882921860897276,5.958480417584298,0.6462005326994589,4.958480417584298,0.7055779985138014,0.0,0.0,0.0,0.0,1.0276797216104683,0.0,1,-5.916960835168595
mvad_Three3__026.000,mvad_Three3,26.0,28.0,Separation-2,21.66593156126436,2,1,9.72197718708812,0.4227336319258571,26.278022812911882,-0.5603224012421886,18.834068438735642,-0.11831925486601325,0.0,0.0,0.0,0.0,9.72197718708812,0.4227336319258571,5.834068438735638,0.6535878007204399,7.278022812911879,0.5678494492303198,0.0,0.0,0.0,0.0,11.556045625823764,0.0,2,0.0
mvad_Three3__026.500,mvad_Three3,26.5,28.5,Separation-2,20.693434701849608,2,1,5.6021884327167975,0.6673562478508532,20.602188432716797,-0.223305739364285,15.602188432716796,0.0735815897074279,0.0,0.0,0.0,0.0,12.397811567283204,0.2638493674909811,12.806565298150394,0.23957860680992948,7.3978115672832025,0.5607366965626939,0.0,0.0,0.0,0.0,8.204376865433593,0.0,2,-3.0
mvad_Three4__001.500,mvad_Three4,1.5,3.5,Separation-2,9.39362728229992,1,0,8.368790905900026,0.5030824040775406,17.10637271770008,-0.015733061252638292,16.10637271770008,0.043644404561704264,0.0,0.0,0.0,0.0,12.106372717700078,0.2811542678190745,34.10637271770008,-1.0251499800964616,28.106372717700083,-0.6688851852104065,0.0,0.0,0.0,0.0,-12.000000000000004,0.0,0,-24.0
mvad_Three4__002.000,mvad_Three4,2.0,4.0,Separation-2,9.453271259469348,1,0,13.046728740530654,0.22531831022014082,18.046728740530654,-0.07156901885157185,25.046728740530654,-0.48721127955196963,0.0,0.0,0.0,0.0,10.046728740530652,0.4034507076631686,18.046728740530654,-0.07156901885157185,11.046728740530654,0.34407324184882593,0.0,0.0,0.0,0.0,14.0,0.0,3,3.0000000000000018
mvad_Three4__002.500,mvad_Three4,2.5,4.5,Separation-2,9.48062650911731,1,0,13.019373490882693,0.22694259562095542,15.019373490882693,0.10818766399227031,18.339791163627563,-0.08897032286047701,0.0,0.0,0.0,0.0,14.019373490882693,0.16756512980661287,18.019373490882693,-0.06994473345075725,22.01937349088269,-0.30745459670812725,0.0,0.0,0.0,0.0,-3.679582327255126,0.0,1,-11.038746981765382
mvad_Three4__003.000,mvad_Three4,3.0,5.0,Separation-2,9.456608615544052,1,0,14.04339138445595,0.1661390081520343,28.043391384455944,-0.6651455132487609,20.043391384455944,-0.1901257867340207,0.0,0.0,0.0,0.0,13.04339138445595,0.22551647396637686,15.04339138445595,0.10676154233769175,28.043391384455944,-0.6651455132487609,0.0,0.0,0.0,0.0,-8.0,0.0,0,-24.0
mvad_Three4__003.500,mvad_Three4,3.5,5.5,Separation-2,9.43916826132444,1,0,11.06083173867556,0.343235841558597,18.06083173867556,-0.07240641914180079,13.35361057955852,0.20709644431422114,0.0,0.0,0.0,0.0,13.06083173867556,0.22448090992991188,21.35361057955852,-0.2679232822005191,21.06083173867556,-0.25053881658482835,0.0,0.0,0.0,0.0,-7.70722115911704,0.0,1,-32.12166347735112
mvad_Three4__004.000,mvad_Three4,4.0,6.0,Separation-2,9.448413535490348,1,0,11.051586464509652,0.3437848025093274,16.05158646450965,0.046897473437614856,11.350528821503218,0.3260343629264829,0.0,0.0,0.0,0.0,13.051586464509654,0.2250298708806422,34.05158646450965,-1.0218969112205505,35.051586464509654,-1.0812743770348936,0.0,0.0,0.0,0.0,-23.701057643006436,0.0,0,-32.1031729290193
mvad_Three4__004.500,mvad_Three4,4.5,6.5,Separation-2,9.46134815579112,1,0,8.03865184420888,0.5226852249270856,31.038651844208875,-0.8429964888027925,24.038651844208875,-0.42735422810239476,0.0,0.0,0.0,0.0,12.038651844208879,0.2851753616697156,26.038651844208875,-0.5461091597310799,16.34621728140296,0.029403042179680483,0.0,0.0,0.0,0.0,7.692434562805914,0.0,2,0.0
mvad_Three4__005.000,mvad_Three4,5.0,7.0,Separation-2,9.52339148092739,1,0,24.976608519072613,-0.4830477184994506,20.325536173024204,-0.20687882927192747,23.976608519072613,-0.42367025268510816,0.0,0.0,0.0,0.0,13.976608519072608,0.1701044054583175,20.97660851907261,-0.24553785524208038,18.325536173024204,-0.08812389764324235,0.0,0.0,0.0,0.0,5.651072346048409,0.0,1,0.0
mvad_Three4__005.500,mvad_Three4,5.5,7.5,Separation-2,9.5817104446136,1,0,21.918289555386398,-0.30145248878381703,24.30609651846213,-0.4432344151050953,26.918289555386405,-0.5983398178555301,0.0,0.0,0.0,0.0,12.9182895553864,0.23294470354526575,15.306096518462134,0.09116277722398725,16.9182895553864,-0.004565159712104583,0.0,0.0,0.0,0.0,10.000000000000004,0.0,3,9.000000000000002
mvad_Three4__006.000,mvad_Three4,6.0,8.0,Separation-2,9.61577439550418,1,0,22.88422560449582,-0.35880732351865285,20.29474186816527,-0.2050503414878897,24.88422560449582,-0.47756225514733797,0.0,0.0,0.0,0.0,9.88422560449582,0.41309973206780026,27.88422560449582,-0.6556946525903655,12.705258131834727,0.2455939696145859,0.0,0.0,0.0,0.0,12.178967472661094,0.0,2,-21.0
mvad_Three4__006.500,mvad_Three4,6.5,8.5,Separation-2,9.625053755388702,1,0,11.291648748203764,0.3295305124659673,31.874946244611294,-0.8926535309734132,9.708351251796232,0.4235427054328397,4.7,4.7,0.0,0.0,11.8749462446113,0.2948957853134373,14.291648748203764,0.15139811502293965,1.708351251796234,0.8985624319475798,3.175,3.175,0.0,0.0,7.999999999999998,1.5250000000000004,2,0.0
mvad_Three4__012.500,mvad_Three4,12.5,14.5,Separation-2,8.52703163471078,1,0,16.97296836528922,-0.007811848877878003,8.342343878236926,0.5046527615584971,24.97296836528922,-0.48283157539261823,0.0,0.0,0.0,0.0,26.97296836528922,-0.6015865070213033,9.657656121763074,0.4265528537833372,21.97296836528922,-0.30469917794959067,0.0,0.0,0.0,0.0,3.0,0.0,1,-15.0
mvad_Three4__013.000,mvad_Three4,13.0,15.0,Separation-2,8.475873974048616,1,0,22.024126025951386,-0.3077367901967003,16.674708675317127,0.009898055667236338,32.02412602595138,-0.9015114483401254,0.0,0.0,0.0,0.0,32.02412602595138,-0.9015114483401254,9.674708675317127,0.4255403163676341,12.674708675317127,0.24740791892460645,0.0,0.0,0.0,0.0,19.349417350634255,0.0,3,10.048252051902766
mvad_Three4__013.500,mvad_Three4,13.5,15.5,Separation-2,8.465730776915496,1,0,12.034269223084507,0.2854355906057051,3.965730776915496,0.764524956364814,33.0342692230845,-0.9614911914954878,0.0,0.0,0.0,0.0,22.034269223084507,-0.3083390675377202,21.67808974102817,-0.2871900325181498,26.67808974102817,-0.5840773615898627,0.0,0.0,0.0,0.0,6.35617948205633,0.0,1,-18.000000000000004
mvad_Three4__014.000,mvad_Three4,14.0,16.0,Separation-2,8.459686542779924,1,0,21.680104485740028,-0.2873096629534029,23.68010448574003,-0.4060645945820882,28.04031345722008,-0.6649627537295344,0.0,0.0,0.0,0.0,22.04031345722008,-0.30869795884347906,20.680104485740028,-0.2279321971390602,29.04031345722008,-0.7243402195438768,0.0,0.0,0.0,0.0,-1.0,0.0,1,-12.0
mvad_Three4__014.500,mvad_Three4,14.5,16.5,Separation-2,8.421146361937206,1,0,21.0788536380628,-0.25160891129960383,9.307048787312404,0.44737102879893953,7.078853638062796,0.579675610101192,0.0,0.0,0.0,0.0,12.078853638062794,0.2827882810294794,36.0788536380628,-1.142270898514742,16.6929512126876,0.008814860028154237,0.0,0.0,0.0,0.0,-9.614097574624804,0.0,0,-15.000000000000007
mvad_Three4__015.000,mvad_Three4,15.0,17.0,Separation-2,8.434450169871342,1,0,39.06554983012866,-1.3196133495569593,22.688516610042885,-0.3471866193909643,36.06554983012866,-1.1414809521139317,0.0,0.0,0.0,0.0,22.06554983012866,-0.3101964307131364,35.06554983012866,-1.0821034862995895,28.06554983012866,-0.6664612255991915,0.0,0.0,0.0,0.0,8.0,0.0,2,-9.0
mvad_Three4__015.500,mvad_Three4,15.5,17.5,Separation-2,8.399016547118903,1,0,8.100983452881096,0.5189841319639982,18.70032781762703,-0.11037807570814784,27.100983452881096,-0.6091877185085102,0.0,0.0,0.0,0.0,18.29967218237297,-0.08658815942252618,22.70032781762703,-0.34788793896551806,30.100983452881096,-0.7873201159515377,0.0,0.0,0.0,0.0,-3.0,0.0,0,-6.0
mvad_Three4__016.000,mvad_Three4,16.0,18.0,Separation-2,8.35482749062905,1,0,9.715057503123651,0.42314450522390346,38.14517250937095,-1.2649636766573726,24.71505750312365,-0.46751748199123444,0.0,0.0,0.0,0.0,24.71505750312365,-0.46751748199123444,36.14517250937095,-1.1462087450286873,10.284942496876349,0.38930617848924576,0.0,0.0,0.0,0.0,14.4301150062473,0.0,1,0.0
mvad_Three4__016.500,mvad_Three4,16.5,18.5,Separation-2,8.342834571344307,1,0,21.15716542865569,-0.2562588669683932,37.157165428655695,-1.2062983199978738,39.157165428655695,-1.3250532516265592,0.0,0.0,0.0,0.0,27.15716542865569,-0.6125236618544483,29.15716542865569,-0.7312785934831334,19.15716542865569,-0.13750393533970806,0.0,0.0,0.0,0.0,20.000000000000004,0.0,3,6.0
mvad_Three4__017.000,mvad_Three4,17.0,19.0,Separation-2,8.29010374930745,1,0,15.209896250692552,0.09687490533480625,19.736632083564185,-0.17191119683208855,33.20989625069255,-0.9719194793233594,0.0,0.0,0.0,0.0,37.20989625069255,-1.2094293425807296,19.736632083564185,-0.17191119683208855,31.20989625069255,-0.8531645476946743,0.0,0.0,0.0,0.0,2.0,0.0,1,-3.0
mvad_Three4__020.000,mvad_Three4,20.0,22.0,Separation-2,8.239646213703168,1,0,11.260353786296832,0.3313887279967572,7.246548737901056,0.569718300043313,18.246548737901055,-0.08343382391445497,0.0,0.0,0.0,0.0,9.260353786296832,0.45014365962544234,30.260353786296832,-0.7967831224757509,34.26035378629683,-1.0342929857331211,0.0,0.0,0.0,0.0,-16.013805048395778,0.0,1,-31.520707572593665
mvad_Three4__020.500,mvad_Three4,20.5,22.5,Separation-2,8.244157070683674,1,0,28.25584292931633,-0.6777603475909126,15.751947643105444,0.06468926731219293,23.751947643105442,-0.4103304592025472,0.0,0.0,0.0,0.0,23.751947643105442,-0.4103304592025472,22.255842929316326,-0.3214955527048573,17.751947643105442,-0.05406566431649207,0.0,0.0,0.0,0.0,6.0,0.0,2,-25.511685858632653
mvad_Three4__056.000,mvad_Three4,56.0,58.0,Separation-2,18.16374559289667,1,0,15.336254407103327,0.08937207822216209,16.33625440710333,0.02999461240781942,19.445418135701107,-0.15461965059818894,0.0,0.0,0.0,0.0,21.445418135701107,-0.27337458222687405,12.33625440710333,0.26750447566518953,13.44541813570111,0.20164514428786606,0.0,0.0,0.0,0.0,5.9999999999999964,0.0,2,-6.000000000000002
mvad_Three4__056.500,mvad_Three4,56.5,58.5,Separation-2,18.175889213605707,1,0,31.32411078639429,-0.8599463173838053,19.324110786394293,-0.1474167276116951,22.441370262131432,-0.33251169556671245,0.0,0.0,0.0,0.0,13.55862973786857,0.19492292625038088,10.44137026213143,0.3800178942053982,9.675889213605707,0.42547021899576143,0.0,0.0,0.0,0.0,12.765481048525725,0.0,3,3.0
mvad_Three4__057.000,mvad_Three4,57.0,59.0,Separation-2,18.173401851190743,1,0,4.326598148809257,0.7430975663266806,10.557800617063583,0.3731045547856625,14.442199382936417,0.14245879985577403,0.0,0.0,0.0,0.0,25.44219938293642,-0.510693324101994,14.442199382936417,0.14245879985577403,19.55780061706358,-0.16129263754342027,0.0,0.0,0.0,0.0,-5.115601234127164,0.0,1,-36.0
mvad_Three4__057.500,mvad_Three4,57.5,59.5,Separation-2,18.17363284903185,1,0,3.44212238365605,0.7956154958356796,28.32636715096815,-0.6819478971511268,21.326367150968153,-0.26630563645072924,0.0,0.0,0.0,0.0,21.442122383656052,-0.2731788888224862,13.326367150968148,0.20871409006401143,6.5578776163439505,0.610609846020895,0.0,0.0,0.0,0.0,14.768489534624202,0.0,3,2.6527343019362988
mvad_Three4__058.000,mvad_Three4,58.0,60.0,Separation-2,18.220201258018577,1,0,4.279798741981423,0.7458763965057318,9.279798741981423,0.4489890674340191,21.279798741981423,-0.26354052233809133,0.175,0.0,0.0,0.17500000000000002,21.426599580660476,-0.2722571841182735,19.426599580660476,-0.1535022524895886,22.426599580660476,-0.33163464993261615,0.2,0.025,0.0,0.17500000000000002,-1.1468008386790522,-0.025000000000000022,1,-18.0
mvad_Three5__008.000,mvad_Three5,8.0,10.0,Separation-2,46.8454116403497,4,0,4.6545883596502975,0.7236223387950278,24.345411640349706,-0.4455688474109616,24.345411640349706,-0.4455688474109616,0.0,0.0,0.0,0.0,11.345411640349703,0.32633820817549164,7.884862786550099,0.5318168294408399,27.3454116403497,-0.6237012448539887,0.0,0.0,0.0,0.0,-2.999999999999993,0.0,1,-18.0
mvad_Three5__008.500,mvad_Three5,8.5,10.5,Separation-2,46.290462400732615,4,0,3.209537599267385,0.8094257909196538,24.930154133577542,-0.48028937481279077,25.930154133577535,-0.539666840627133,0.0,0.0,0.0,0.0,7.069845866422462,0.5802104687538294,22.79046240073261,-0.3532399020925596,12.930154133577538,0.2322402149593199,0.0,0.0,0.0,0.0,12.999999999999996,0.0,3,5.999999999999998
mvad_Three5__009.000,mvad_Three5,9.0,11.0,Separation-2,45.97017029049661,4,0,1.5298297095033888,0.9091625887221969,9.823390096832204,0.41671199034439477,28.47017029049661,-0.690486563152473,0.0,0.0,0.0,0.0,15.470170290496611,0.08142049243397986,11.823390096832204,0.29795705871570966,28.47017029049661,-0.690486563152473,0.0,0.0,0.0,0.0,0.0,0.0,0,0.0
mvad_Three5__009.500,mvad_Three5,9.5,11.5,Separation-2,46.02744069503239,4,0,14.157519768322537,0.15936235394054987,16.52744069503239,0.01864245513214058,16.52744069503239,0.01864245513214058,0.0,0.0,0.0,0.0,12.842480231677463,0.23744606907220156,21.527440695032386,-0.27824487393957176,31.527440695032386,-0.8720195320829973,0.0,0.0,0.0,0.0,-14.999999999999996,0.0,1,-33.0
mvad_Three5__010.000,mvad_Three5,10.0,12.0,Separation-2,46.02664255374378,4,0,23.842214184581263,-0.41569025768320667,30.526642553743773,-0.8125946746615751,23.526642553743773,-0.3969524139611773,0.0,0.0,0.0,0.0,12.842214184581259,0.23746186627456145,3.842214184581259,0.7718590586036443,25.526642553743773,-0.5157073455898624,0.0,0.0,0.0,0.0,-2.0,0.0,1,-18.0
mvad_Three5__010.500,mvad_Three5,10.5,12.5,Separation-2,46.04929364584919,4,0,16.54929364584919,0.017344882292073538,8.849764548616397,0.4745234080495494,18.54929364584919,-0.10141004933661146,0.0,0.0,0.0,0.0,15.54929364584919,0.0767223481064161,24.54929364584919,-0.4576748442226668,10.849764548616397,0.3557684764208643,0.0,0.0,0.0,0.0,7.6995290972327926,0.0,1,-6.0
mvad_Three5__011.000,mvad_Three5,11.0,13.0,Separation-2,46.10782205466166,4,0,26.607822054661664,-0.5799050444447824,23.86927401822055,-0.41729700203006526,20.60782205466166,-0.22364024955872708,0.0,0.0,0.0,0.0,12.869274018220553,0.23585512192770253,34.60782205466166,-1.0549247709595226,7.130725981779446,0.5765955617854468,0.0,0.0,0.0,0.0,13.477096072882215,0.0,2,-3.7843558906766788
mvad_Three5__011.500,mvad_Three5,11.5,13.5,Separation-2,46.29205894885293,4,0,30.79205894885293,-0.8283544275887351,17.930686316284312,-0.06467871377287127,19.792058948852933,-0.17520230363096734,0.0,0.0,0.0,0.0,12.93068631628431,0.23220861529884151,29.79205894885293,-0.7689769617743925,14.93068631628431,0.1134536836701564,0.0,0.0,0.0,0.0,4.861372632568623,0.0,2,-18.0
mvad_Three5__012.000,mvad_Three5,12.0,14.0,Separation-2,46.49878657736112,4,0,18.99959552578704,-0.12814783381875539,9.998786577361123,0.40629739181783286,14.999595525787042,0.10936202943861462,0.675,0.0,0.0,0.675,12.999595525787042,0.22811696106729973,7.999595525787041,0.5250042901390124,21.999595525787043,-0.30628023126178316,0.0,0.0,0.0,0.0,-7.000000000000002,0.675,2,-32.99757315472225
mvad_Three5__012.500,mvad_Three5,12.5,14.5,Separation-2,46.81882534712315,4,0,19.106275115707717,-0.13448219752235846,9.318825347123152,0.4466717665213663,8.106275115707717,0.5186699264354094,13.175,0.0,0.0,13.175,17.106275115707717,-0.015727265893673348,24.318825347123152,-0.4439902206937718,20.106275115707717,-0.19385966333670113,0.2,0.0,0.025,0.17500000000000002,-12.0,12.975000000000001,1,-21.637650694246304
mvad_Three5__015.000,mvad_Three5,15.0,17.0,Separation-2,24.90219060398305,4,0,12.199269798672317,0.27563827456939316,11.199269798672317,0.3350157403837356,21.597809396016952,-0.2824231890766826,0.0,0.0,0.0,0.0,7.402190603983051,0.5604766804607488,16.59780939601695,0.014464139995030267,7.800730201327684,0.536812409143756,0.0,0.0,0.0,0.0,13.797079194689267,0.0,2,-1.8043812079661024
mvad_Three5__015.500,mvad_Three5,15.5,17.5,Separation-2,24.952690513291014,4,0,3.5473094867089863,0.7893697522200442,25.18243649556966,-0.4952692621375394,27.18243649556966,-0.6140241937662245,0.0,0.0,0.0,0.0,8.452690513291014,0.4981006580078453,12.547309486708984,0.25497255989096146,14.817563504430337,0.12017062956383806,0.7,0.7000000000000001,0.0,0.0,12.364872991139324,-0.7,3,10.094618973417969
mvad_Three5__016.000,mvad_Three5,16.0,18.0,Separation-2,25.017940149868256,4,0,3.482059850131744,0.7932441102853076,18.517940149868256,-0.0995483582008434,24.16068661671058,-0.43460034363477584,10.675,10.674999999999999,0.0,0.0,13.839313383289417,0.1782566426897595,13.160686616710583,0.21855178032299194,14.160686616710583,0.1591743145086495,13.225,13.225000000000001,0.0,0.0,9.999999999999998,-2.549999999999999,2,-0.9641197002634883
mvad_Three5__016.500,mvad_Three5,16.5,18.5,Separation-2,25.133073419991145,4,0,7.87769113999705,0.5322426636388761,6.87769113999705,0.5916201294532186,23.87769113999705,-0.4177967893906047,23.175,23.175,0.0,0.0,6.122308860002953,0.6364728149603283,16.87769113999705,-0.002154528690206936,18.122308860002953,-0.07605677481178219,25.725,25.724999999999998,0.0,0.0,5.755382279994098,-2.5500000000000007,1,-3.7338531600177056
mvad_Three5__017.000,mvad_Three5,17.0,19.0,Separation-2,25.161046008606817,4,0,6.661046008606817,0.6044839683361859,4.887015336202272,0.7098214139404819,15.887015336202273,0.05666928998271392,24.475,24.474999999999998,0.0,0.0,12.887015336202273,0.23480168742574148,16.88701533620227,-0.002708175831628523,18.11298466379773,-0.07550312767036038,29.05,29.049999999999997,0.0,0.0,-2.2259693275954557,-4.574999999999999,1,-15.0
mvad_Three5__017.500,mvad_Three5,17.5,19.5,Separation-2,25.169803498089337,4,0,6.669803498089337,0.6039639708038181,8.889934499363113,0.4721382181723224,8.669803498089337,0.48520903917513303,24.475,24.474999999999998,0.0,0.0,4.669803498089337,0.7227189024325031,24.330196501910663,-0.44466541104843693,13.889934499363113,0.1752508891006097,28.35,28.349999999999998,0.0,0.0,-5.220131001273776,-3.875,1,-21.0
mvad_Three5__018.000,mvad_Three5,18.0,20.0,Separation-2,25.172304584084724,4,0,6.672304584084724,0.6038154626556282,12.327695415915278,0.2680126868718634,18.327695415915276,-0.08825210801419181,13.8,13.8,0.0,0.0,9.672304584084724,0.4256830652126007,18.32769541591528,-0.08825210801419203,14.890768194694909,0.11582392057020385,15.825,15.825,0.0,0.0,3.436927221220367,-2.0249999999999986,1,-2.3446091681694483
mvad_Three5__018.500,mvad_Three5,18.5,20.5,Separation-2,25.053759267438043,4,0,5.553759267438043,0.6702318489566095,11.148746910853987,0.3380156614280104,24.851253089146013,-0.4756044307443419,1.3,1.3,0.0,0.0,3.5537592674380427,0.7889867805852946,19.446240732561957,-0.15466849431517304,12.148746910853987,0.27863819561366787,3.325,3.325,0.0,0.0,12.702506178292026,-2.0250000000000004,2,-9.892481465123918
mvad_Three5__019.000,mvad_Three5,19.0,21.0,Separation-2,24.98148854706256,4,0,5.481488547062561,0.6745231011850826,13.827162849020853,0.17897811062291713,21.82716284902085,-0.2960416158918231,0.0,0.0,0.0,0.0,3.481488547062561,0.7932780328137676,20.172837150979145,-0.19781194831056337,15.172837150979147,0.0990753807611493,0.0,0.0,0.0,0.0,6.6543256980417045,0.0,2,0.0
mvad_Three5__019.500,mvad_Three5,19.5,21.5,Separation-2,24.81603760204128,4,0,8.77201253401376,0.47914012563861375,16.683962397958723,0.009348593067429523,22.227987465986242,-0.31984156588323254,0.0,0.0,0.0,0.0,10.316037602041277,0.3874598299453219,13.22798746598624,0.21455562644585047,10.77201253401376,0.36038519400992863,0.0,0.0,0.0,0.0,11.455974931972483,0.0,2,0.0
mvad_Three5__022.000,mvad_Three5,22.0,24.0,Separation-2,22.80104011607376,4,0,8.10034670535792,0.5190219404182879,13.301040116073757,0.21021794521263182,14.89965329464208,0.11529634585183368,0.0,0.0,0.0,0.0,2.1003467053579192,0.8752867353043432,23.899653294642082,-0.4191008464772492,14.10034670535792,0.16275714553223264,0.0,0.0,0.0,0.0,0.7993065892841607,0.0,2,-20.397919767852486
mvad_Three5__022.500,mvad_Three5,22.5,24.5,Separation-2,22.94475485636448,4,0,7.1482516187881595,0.5755549338730874,10.85174838121184,0.355650681468747,13.85174838121184,0.17751828402571934,0.0,0.0,0.0,0.0,3.14825161878816,0.8130647971304574,17.148251618788162,-0.018219724270338133,14.85174838121184,0.1181408182113769,0.0,0.0,0.0,0.0,-1.0,0.0,1,-11.110490287271041
mvad_Three5__023.000,mvad_Three5,23.0,25.0,Separation-2,23.37920918445892,4,0,7.293069728152973,0.5669560015349804,7.293069728152973,0.5669560015349804,17.70693027184703,-0.05139264689354395,0.0,0.0,0.0,0.0,2.293069728152973,0.863843330606693,23.29306972815297,-0.38308345149450007,12.706930271847027,0.24549468217816883,0.0,0.0,0.0,0.0,5.000000000000002,0.0,2,-7.241581631082161
mvad_Three5__023.500,mvad_Three5,23.5,25.5,Separation-2,23.60792099869892,4,0,4.107920998698919,0.7560820613317351,12.369306999566305,0.2655418964861438,17.630693000433695,-0.04686587091642003,0.0,0.0,0.0,0.0,3.3693069995663065,0.7999390888152266,18.369306999566305,-0.09072289839991132,16.369306999566305,0.02803203322877368,0.0,0.0,0.0,0.0,1.2613860008673896,0.0,1,-3.0
mvad_Three5__024.000,mvad_Three5,24.0,26.0,Separation-2,23.588016244273177,4,0,12.637327918575608,0.24962749353014035,4.9119837557268236,0.7083388524637246,18.637327918575608,-0.10663730135591498,0.0,0.0,0.0,0.0,3.3626720814243924,0.8003330534403791,13.637327918575608,0.1902500277157978,14.637327918575608,0.13087256190145524,0.0,0.0,0.0,0.0,4.0,0.0,2,-3.823967511453647
mvad_Three5__024.500,mvad_Three5,24.5,26.5,Separation-2,23.719107720659352,4,0,3.219107720659352,0.8088575413638632,5.219107720659352,0.6901026097351781,23.593630759780215,-0.4009300038750703,0.0,0.0,0.0,0.0,4.593630759780216,0.727241846597438,12.593630759780217,0.2522221200826975,18.593630759780215,-0.1040426748033576,0.175,0.17500000000000002,0.0,0.0,5.0,-0.175,2,-6.561784558681296
mvad_Three5__025.000,mvad_Three5,25.0,27.0,Separation-2,23.90377123012838,4,0,6.4679237433761285,0.6159510790379095,4.532076256623873,0.7308967970043225,16.40377123012838,0.0259856345567564,6.175,6.175,0.0,0.0,6.467923743376126,0.6159510790379097,18.46792374337613,-0.09657851073420098,13.532076256623874,0.19649960467523953,12.7,12.7,0.0,0.0,2.871694973504507,-6.5249999999999995,2,-9.19245753974324
mvad_Three5__025.500,mvad_Three5,25.5,27.5,Separation-2,24.257197210864543,4,0,8.585732403621515,0.4902009677128705,10.414267596378485,0.3816271818146213,21.585732403621517,-0.28170608787358264,9.975,9.975000000000001,0.0,0.0,19.414267596378483,-0.15277001051446137,18.585732403621517,-0.10357369043055509,23.414267596378483,-0.3902798737718316,23.5,23.5,0.0,0.0,-1.8285351927569664,-13.525,1,-6.0
mvad_Three5__026.000,mvad_Three5,26.0,28.0,Separation-2,24.46089180996898,4,0,7.653630603322994,0.5455468104955831,4.346369396677007,0.7419235997323064,21.346369396677005,-0.26749331911151675,9.975,9.975000000000001,0.0,0.0,3.6536306033229935,0.7830566737529532,11.653630603322995,0.30803694723821284,18.34636939667701,-0.08936092166848919,23.5,23.5,0.0,0.0,2.9999999999999964,-13.525,1,-5.078216380062038
mvad_Three5__026.500,mvad_Three5,26.5,28.5,Separation-2,24.4446029958174,4,0,8.6482009986058,0.48649174084972113,2.6482009986058004,0.8427565357357762,15.9446029958174,0.053249880692588736,9.975,9.975000000000001,0.0,0.0,3.6482009986058004,0.7833790699214338,12.648200998605802,0.2489818775923508,18.3517990013942,-0.08968331783696959,23.325,23.325000000000003,0.0,0.0,-2.4071960055767985,-13.35,1,-5.110794008365197
mvad_Three6__008.000,mvad_Three6,8.0,10.0,Separation-2,40.09058328953501,3,0,11.863527763178338,0.29557378580437466,7.863527763178337,0.5330836490617448,8.863527763178338,0.4737061832474022,5.825,5.825,0.0,0.0,11.863527763178338,0.29557378580437466,21.590583289535015,-0.2819941211860806,12.863527763178338,0.2361963199900321,4.8,4.8,0.0,0.0,-4.0,1.0250000000000004,1,-14.181166579070023
mvad_Three6__008.500,mvad_Three6,8.5,10.5,Separation-2,40.017638363144,3,0,28.517638363144002,-0.6933050970133663,18.517638363144,-0.09953043886994073,15.517638363144002,0.07860195857308672,0.0,0.0,0.0,0.0,17.83921278771467,-0.059247247457310026,10.160787212285333,0.3966782046557188,5.160787212285332,0.6935655337274316,0.0,0.0,0.0,0.0,10.35685115085867,0.0,2,-3.0
mvad_Three6__009.000,mvad_Three6,9.0,11.0,Separation-2,39.8113631275345,3,0,24.77045437584483,-0.4708068079074581,20.3113631275345,-0.20603726974787717,31.311363127534502,-0.8591893937056454,0.0,0.0,0.0,0.0,18.3113631275345,-0.08728233811919206,24.311363127534502,-0.4435471330052476,25.77045437584483,-0.5301842737218005,0.0,0.0,0.0,0.0,5.5409087516896705,0.0,2,-6.0
mvad_Three6__009.500,mvad_Three6,9.5,11.5,Separation-2,39.8830617825403,3,0,20.383061782540302,-0.21029455418441878,19.383061782540302,-0.1509170883700761,4.205646072486566,0.7502793941037049,0.0,0.0,0.0,0.0,21.79435392751343,-0.2940935052766107,8.205646072486566,0.5127695308463348,12.794353927513434,0.24030368705247185,0.0,0.0,0.0,0.0,-8.588707855026868,0.0,0,-24.0
mvad_Three6__010.000,mvad_Three6,10.0,12.0,Separation-2,39.93176046595352,3,0,13.810586821984508,0.17996235310160535,15.431760465953523,0.08370117047772196,15.810586821984508,0.06120742147292024,0.0,0.0,0.0,0.0,23.431760465953527,-0.3913185560370185,11.189413178015492,0.3356010015398312,12.810586821984508,0.2393398189159479,0.0,0.0,0.0,0.0,3.0,0.0,2,-12.0
mvad_Three6__010.500,mvad_Three6,10.5,12.5,Separation-2,39.887142718705896,3,0,22.3871427187059,-0.3292918014607671,8.204285760431368,0.5128503027288891,18.795714239568632,-0.11604187971613777,0.0,0.0,0.0,0.0,23.3871427187059,-0.38866926727510953,5.204285760431368,0.6909827001719168,12.795714239568632,0.24022291516991756,0.0,0.0,0.0,0.0,6.0,0.0,2,-3.0
mvad_Three6__011.000,mvad_Three6,11.0,13.0,Separation-2,39.8509676098648,3,0,19.783655869954934,-0.17470335010096627,9.783655869954934,0.4190713080424592,8.216344130045066,0.5121343072993751,0.0,0.0,0.0,0.0,15.783655869954934,0.06280651315640395,14.783655869954934,0.12218397897074651,11.216344130045066,0.3340019098563475,0.0,0.0,0.0,0.0,-3.0,0.0,1,-22.701935219729606
mvad_Three6__011.500,mvad_Three6,11.5,13.5,Separation-2,39.79694734779,3,0,17.76564911593,-0.054879223050738224,4.2343508840699995,0.7485749751352024,15.234350884069997,0.09542285117743476,0.0,0.0,0.0,0.0,8.765649115930001,0.47951796927834445,9.76564911593,0.420140503464002,20.29694734779,-0.2051812972789111,0.0,0.0,0.0,0.0,-5.062596463720002,0.0,1,-15.000000000000004
mvad_Three6__012.000,mvad_Three6,12.0,14.0,Separation-2,39.7874910601945,3,0,22.76249702006483,-0.35157938865797345,14.287491060194498,0.15164498800057657,13.712508939805502,0.1857859691978323,0.0,0.0,0.0,0.0,22.287491060194498,-0.32337473851416365,12.237502979935167,0.27336808515598465,12.762497020064833,0.2421952694854519,0.0,0.0,0.0,0.0,0.9500119197406693,0.0,2,-13.574982120388995
mvad_Three6__012.500,mvad_Three6,12.5,14.5,Separation-2,39.86347470401766,3,0,28.363474704017666,-0.6841512496137783,14.363474704017662,0.1471332717870174,26.78782490133922,-0.5905931573198633,0.0,0.0,0.0,0.0,12.78782490133922,0.24069136408093217,12.21217509866078,0.2748719905605044,16.363474704017662,0.028378340158332405,0.0,0.0,0.0,0.0,10.424350197321559,0.0,2,-1.726949408035324
mvad_Three6__015.500,mvad_Three6,15.5,17.5,Separation-2,18.46093571904303,3,0,10.039064280956971,0.40390580384949015,16.03906428095697,0.04764100896343493,16.34635476031899,0.029394879030043675,1.175,1.175,0.0,0.0,15.34635476031899,0.08877234484438634,17.03906428095697,-0.011736456850907517,13.039064280956971,0.2257734064064626,3.2,3.2,0.0,0.0,3.3072904793620204,-2.0250000000000004,1,-18.0
mvad_Three6__016.000,mvad_Three6,16.0,18.0,Separation-2,18.452086283196014,3,0,2.3493045722679953,0.8605042480726786,11.047913716803984,0.34400288096066545,12.650695427732003,0.24883376471218355,6.975,6.9750000000000005,0.0,0.0,17.349304572267997,-0.030157739142459672,14.047913716803984,0.16587048351763778,10.047913716803984,0.4033803467750079,15.025,15.024999999999999,0.0,0.0,2.602781710928019,-8.05,2,-2.095827433607969
mvad_Three6__016.500,mvad_Three6,16.5,18.5,Separation-2,18.347781961314432,3,0,11.384072679561855,0.32404261364132503,5.384072679561856,0.6803074085273803,25.384072679561854,-0.5072419077594703,6.975,6.9750000000000005,0.0,0.0,5.384072679561856,0.6803074085273803,6.384072679561856,0.6209299427130377,20.384072679561857,-0.21035457868775786,15.2,15.2,0.0,0.0,4.9999999999999964,-8.225,2,-17.304436077371136
mvad_Three6__017.000,mvad_Three6,17.0,19.0,Separation-2,18.30498193428941,3,0,3.601660644763136,0.786142518190714,20.19501806571059,-0.19912899481676072,8.195018065710592,0.5134005949553498,18.15,18.15,0.0,0.0,5.398339355236864,0.6794602894802031,23.195018065710588,-0.37726139225978805,6.398339355236864,0.6200828236658606,27.7,27.700000000000003,0.0,0.0,1.7966787104737278,-9.55,2,-6.0
mvad_Three6__017.500,mvad_Three6,17.5,19.5,Separation-2,18.264147647120502,3,0,3.588049215706834,0.7869507303541889,21.235852352879498,-0.26093109712152796,25.235852352879494,-0.49844096037889796,21.275,21.275,0.0,0.0,4.235852352879498,0.7484858217222952,10.235852352879498,0.39222102683623994,6.411950784293166,0.6192746115023857,37.0,37.0,0.0,0.0,18.82390156858633,-15.725000000000001,3,3.0
mvad_Three6__018.000,mvad_Three6,18.0,20.0,Separation-2,18.327594661879484,3,0,7.609198220626495,0.5481850927801942,2.3908017793735055,0.8580402490763803,26.172405338120512,-0.5540511032433668,15.475,15.475,0.0,0.0,4.609198220626495,0.7263174902232219,1.172405338120516,0.9303855421151963,21.172405338120516,-0.25716377417165437,37.675,37.675,0.0,0.0,4.9999999999999964,-22.199999999999996,2,-6.0000000000000036
mvad_Three6__018.500,mvad_Three6,18.5,20.5,Separation-2,18.39654824510226,3,0,10.63218274836742,0.36868793232697106,20.10345175489774,-0.19369201932672508,20.36781725163258,-0.20938937257158963,25.175,25.174999999999997,0.0,0.0,3.36781725163258,0.8000275462722335,3.1034517548977405,0.815724899517098,6.36781725163258,0.6218951488292058,50.0,50.0,0.0,0.0,14.0,-24.825,2,-5.206903509795481
mvad_Three6__019.000,mvad_Three6,19.0,21.0,Separation-2,18.3913995304516,3,0,7.630466510150534,0.546922235646051,18.1086004695484,-0.07524280532619732,17.369533489849466,-0.03135888100461459,26.5,26.5,0.0,0.0,11.630466510150534,0.3094123723886809,4.108600469548399,0.7560417160745982,11.369533489849466,0.32490591388144063,50.0,50.0,0.0,0.0,6.0,-23.5,2,0.0
mvad_Three6__019.500,mvad_Three6,19.5,21.5,Separation-2,18.405363008671262,3,0,7.635121002890421,0.5466458636625053,19.094636991328738,-0.1337911551899027,13.094636991328736,0.22247363969615275,34.7,34.699999999999996,0.0,0.0,22.36487899710958,-0.3279698380927816,11.094636991328736,0.34122857132483786,16.36487899710958,0.02829495679327365,50.0,50.0,0.0,0.0,-3.2702420057808457,-15.299999999999997,1,-12.810726017342525
mvad_Three6__022.500,mvad_Three6,22.5,24.5,Separation-2,21.615384234537544,3,0,13.29487192182082,0.21058419695602182,20.884615765462456,-0.2400755586594263,17.705128078179182,-0.05128563720064072,0.0,0.0,0.0,0.0,18.705128078179182,-0.11066310301498317,14.70512807817918,0.12684676024238706,15.884615765462456,0.056811770412286466,0.0,0.0,0.0,0.0,1.8205123127167262,0.0,1,-7.7692315309249125
mvad_Three6__023.000,mvad_Three6,23.0,25.0,Separation-2,21.448534315100822,3,0,16.64951143836694,0.01139420374286193,3.350488561633059,0.8010564799702873,4.3504885616330595,0.7416790141559448,0.0,0.0,0.0,0.0,12.350488561633059,0.2666592876412045,12.649511438366941,0.24890406700023204,23.05146568489918,-0.36873761567559127,0.0,0.0,0.0,0.0,-18.70097712326612,0.0,0,-24.0
mvad_Three6__023.500,mvad_Three6,23.5,25.5,Separation-2,21.37816939908292,3,0,9.626056466360973,0.42842916124172037,13.373943533639027,0.20588912502840118,16.87816939908292,-0.002182926502728444,0.0,0.0,0.0,0.0,14.373943533639027,0.14651165921405873,13.626056466360973,0.19091929798435026,11.121830600917079,0.33961388370113743,0.0,0.0,0.0,0.0,5.756338798165842,0.0,2,-2.2436612018341595
mvad_Three6__024.000,mvad_Three6,24.0,26.0,Separation-2,21.43146223782016,3,0,11.643820745940053,0.30861943170961204,14.068537762179838,0.16464587996837954,11.356179254059947,0.3256988545605095,0.0,0.0,0.0,0.0,10.643820745940053,0.3679968975239546,1.6438207459400533,0.9023940898530374,11.068537762179838,0.3427782774114072,0.0,0.0,0.0,0.0,0.2876414918801089,0.0,2,-14.13707552435968
mvad_Three6__024.500,mvad_Three6,24.5,26.5,Separation-2,21.41061945936701,3,0,10.363126846877664,0.3846637899198261,10.089380540632991,0.4009181518606717,13.089380540632993,0.22278575441764403,0.0,0.0,0.0,0.0,15.363126846877663,0.08777646084811352,16.636873153122334,0.012144633092925461,19.363126846877663,-0.1497334024092567,0.0,0.0,0.0,0.0,-6.27374630624467,0.0,1,-21.0
mvad_Three6__025.000,mvad_Three6,25.0,27.0,Separation-2,21.43774649345581,3,0,2.645915497818603,0.8428922429806368,18.354084502181397,-0.08981902508183004,15.062253506544195,0.10564155732821101,0.0,0.0,0.0,0.0,12.354084502181399,0.2664457698042251,16.645915497818603,0.011607721579841246,23.06225350654419,-0.369378169186529,0.0,0.0,0.0,0.0,-7.9999999999999964,0.0,1,-15.0
mvad_Three6__025.500,mvad_Three6,25.5,27.5,Separation-2,21.410865839944027,3,0,11.910865839944028,0.2927629707695031,13.089134160055972,0.22280038387193346,23.089134160055973,-0.3709742742714921,0.0,0.0,0.0,0.0,6.9108658399440275,0.5896502998412159,13.636955279981343,0.1902721540511898,18.36304472001866,-0.09035106011015115,0.0,0.0,0.0,0.0,4.726089440037313,0.0,2,-21.0
mvad_Three6__026.000,mvad_Three6,26.0,28.0,Separation-2,21.301786957621644,3,0,16.600595652540548,0.014298699143550198,10.399404347459452,0.38250972386920123,8.600595652540548,0.48931842565829053,0.0,0.0,0.0,0.0,8.600595652540548,0.48931842565829053,16.198213042378356,0.03819115882274171,5.600595652540548,0.6674508231013181,0.0,0.0,0.0,0.0,3.0,0.0,2,0.0
mvad_Three6__026.500,mvad_Three6,26.5,28.5,Separation-2,21.33764869054456,3,0,16.612549563514854,0.013588906203325646,16.16235130945544,0.040320537643415366,23.162351309455442,-0.3753217230569825,0.0,0.0,0.0,0.0,16.387450436485146,0.02695472192337056,7.162351309455438,0.5747177299724981,16.16235130945544,0.040320537643415366,0.0,0.0,0.0,0.0,7.0000000000000036,0.0,2,-18.0
mvad_Three7__008.000,mvad_Three7,8.0,10.0,Separation-2,40.9889670943232,0,0,18.4889670943232,-0.09782801158568,19.162989031441068,-0.13784972611501312,23.162989031441068,-0.3753595893723831,18.325,18.325,0.0,0.0,18.4889670943232,-0.09782801158568,15.162989031441066,0.09966013714235722,8.4889670943232,0.49594664655774545,20.3,20.3,0.0,0.0,14.674021937117868,-1.9750000000000014,2,-3.0
mvad_Three7__008.500,mvad_Three7,8.5,10.5,Separation-2,41.08190197052885,0,0,22.581901970528847,-0.340856112277911,19.193967323509614,-0.1396891385932999,14.806032676490384,0.12085530090565366,5.825,5.825,0.0,0.0,21.581901970528847,-0.28147864646356857,6.581901970528847,0.6091833407515697,6.193967323509615,0.632217916993153,7.8,7.8,0.0,0.0,8.612065352980768,-1.9749999999999996,2,-1.1638039410576972
mvad_Three7__009.000,mvad_Three7,9.0,11.0,Separation-2,41.17758475711477,0,0,18.67758475711477,-0.10902765041006757,26.225861585704923,-0.5572251997568733,17.225861585704923,-0.022828007427790453,0.0,0.0,0.0,0.0,20.67758475711477,-0.22778258203875246,9.67758475711477,0.4253695419190153,10.677584757114772,0.36599207610467266,0.0,0.0,0.0,0.0,6.548276828590151,0.0,2,-10.35516951422954
mvad_Three7__009.500,mvad_Three7,9.5,11.5,Separation-2,41.19319179439745,0,0,13.69319179439745,0.1869329723389297,13.768936068534183,0.1824354692907436,16.768936068534185,0.004303071847715834,4.475,4.475,0.0,0.0,20.69319179439745,-0.2287092883614681,14.69319179439745,0.12755550652458714,13.69319179439745,0.1869329723389297,7.525,7.5249999999999995,0.0,0.0,3.075744274136735,-3.0500000000000007,2,-7.386383588794899
mvad_Three7__010.000,mvad_Three7,10.0,12.0,Separation-2,41.29252302592994,0,0,19.79252302592994,-0.1752298593517425,18.264174341976645,-0.08448038761791032,32.79252302592994,-0.9471369149381954,4.475,4.475,0.0,0.0,23.79252302592994,-0.4127397226091125,22.79252302592994,-0.35336225679477007,30.79252302592994,-0.8283819833095103,7.525,7.5249999999999995,0.0,0.0,2.0,-3.0500000000000007,1,-9.0
mvad_Three7__010.500,mvad_Three7,10.5,12.5,Separation-2,41.4423308385361,0,0,19.9423308385361,-0.18412506762348624,16.314110279512033,0.031309474586860064,23.942330838536105,-0.4216349308808567,5.675,5.675,0.0,0.0,14.942330838536101,0.11276226144822643,28.942330838536098,-0.7185222599525689,11.314110279512034,0.32819680365857273,7.525,7.5249999999999995,0.0,0.0,12.62822055902407,-1.8500000000000005,2,-15.0
mvad_Three7__011.000,mvad_Three7,11.0,13.0,Separation-2,41.48523491290044,0,0,10.985234912900438,0.34772458949673213,22.985234912900438,-0.36480500027537843,26.32841163763348,-0.5633143619595202,14.975,14.975,0.0,0.0,14.985234912900438,0.1102147262393619,18.32841163763348,-0.08829463544477978,24.32841163763348,-0.4445594303308351,7.525,7.5249999999999995,0.0,0.0,2.0,7.449999999999999,1,-3.0
mvad_Three7__011.500,mvad_Three7,11.5,13.5,Separation-2,41.48568905616967,0,0,18.328563018723223,-0.08830362407026104,12.671436981276777,0.24760218382564236,12.671436981276777,0.24760218382564236,10.5,10.5,0.0,0.0,24.985689056169672,-0.4835868977805071,7.671436981276777,0.544489512897355,6.671436981276777,0.6038669787116976,0.0,0.0,0.0,0.0,6.0,10.5,3,1.9713781123393375
mvad_Three7__012.000,mvad_Three7,12.0,14.0,Separation-2,41.45145787759961,0,0,20.95145787759961,-0.24404447388780848,20.317152625866537,-0.20638103548717002,27.95145787759961,-0.6596867345882063,15.2,15.2,0.0,0.0,25.95145787759961,-0.5409318029595211,9.682847374133464,0.4250570610568938,8.951457877599609,0.468485115884302,4.675,4.675,0.0,0.0,19.0,10.524999999999999,2,0.0
mvad_Three7__012.500,mvad_Three7,12.5,14.5,Separation-2,41.33581137075559,0,0,19.835811370755597,-0.17780021156678738,20.835811370755597,-0.23717767738113005,12.835811370755593,0.2378420491336105,26.5,26.5,0.0,0.0,19.835811370755597,-0.17780021156678738,12.721396209748136,0.2446357314449733,8.835811370755595,0.4753519123909806,17.175,17.175,0.0,0.0,3.9999999999999982,9.325,2,-3.0
mvad_Three7__015.000,mvad_Three7,15.0,17.0,Separation-2,20.86117435276828,0,0,5.3611743527682805,0.6816670531437714,15.546275215743906,0.0769015748368056,4.453724784256093,0.7355491088763437,0.0,0.0,0.0,0.0,4.3611743527682805,0.741044518958114,19.63882564723172,-0.16610369850233497,15.63882564723172,0.07140616475503525,0.0,0.0,0.0,0.0,-11.185100862975627,0.0,0,-15.277651294463439
mvad_Three7__015.500,mvad_Three7,15.5,17.5,Separation-2,20.886384656976407,0,0,3.386384656976407,0.7989250607961693,5.537871781007865,0.6711752076389933,11.537871781007865,0.31491041275293796,0.0,0.0,0.0,0.0,5.386384656976407,0.6801701291674842,18.53787178100787,-0.10073184794745993,16.613615343023596,0.013525622916979674,0.0,0.0,0.0,0.0,-5.075743562015731,0.0,1,-12.000000000000004
mvad_Three7__016.000,mvad_Three7,16.0,18.0,Separation-2,20.70707302548293,0,0,13.207073025482932,0.2157974729218617,7.597642324839022,0.548871252587269,11.597642324839022,0.3113613893298989,0.0,0.0,0.0,0.0,13.402357675160978,0.20420196531153767,6.792926974517066,0.5966532107912876,12.597642324839022,0.2519839235155563,0.0,0.0,0.0,0.0,-1.0,0.0,0,-3.0
mvad_Three7__016.500,mvad_Three7,16.5,18.5,Separation-2,20.571698043423574,0,0,4.071698043423574,0.7582328886202914,9.642767318858807,0.4274369131688017,19.64276731885881,-0.16633774497462372,0.0,0.0,0.0,0.0,10.642767318858809,0.36805944735445906,11.928301956576425,0.2917276583502282,12.642767318858809,0.24930451572577406,0.0,0.0,0.0,0.0,7.0,0.0,2,0.0
mvad_Three7__017.000,mvad_Three7,17.0,19.0,Separation-2,20.52338636387269,0,0,3.0233863638726888,0.8204789795356,21.97661363612731,-0.3049156248941636,15.976613636127311,0.05134916999189176,3.175,3.175,0.0,0.0,10.341128787957564,0.38596997891133633,16.34112878795756,0.029705184025281106,8.976613636127311,0.46699143069228954,0.675,0.675,0.0,0.0,7.0,2.5,2,0.0
mvad_Three7__017.500,mvad_Three7,17.5,19.5,Separation-2,20.53424907795161,0,0,4.0342490779516105,0.7604565132873853,16.655250307349462,0.011053444246039268,4.344749692650537,0.7420197736527675,8.5,8.5,0.0,0.0,5.0342490779516105,0.7010790474730428,2.3447496926505367,0.8607747052814526,15.655250307349462,0.07043091006038182,0.975,0.975,0.0,0.0,-11.310500614698924,7.525,1,-21.0
mvad_Three7__018.000,mvad_Three7,18.0,20.0,Separation-2,20.624219533860217,0,0,2.374739844620072,0.8589939660581145,7.3747398446200725,0.5621066369864018,12.875780466139785,0.23546878553880546,8.5,8.5,0.0,0.0,4.124219533860217,0.7551142956173713,12.374739844620072,0.2652193079146892,11.875780466139782,0.29484625135314824,0.975,0.975,0.0,0.0,1.0000000000000036,7.525,1,-9.0
mvad_Three7__018.500,mvad_Three7,18.5,20.5,Separation-2,20.604323719019305,0,0,3.3681079063397683,0.8000102879322936,5.895676280980695,0.6499296831736386,24.63189209366023,-0.4625793307338846,8.5,8.5,0.0,0.0,4.104323719019305,0.7562956586829359,12.631892093660229,0.24995025903822599,11.895676280980695,0.2936648882875834,0.975,0.975,0.0,0.0,12.736215812679536,7.525,2,-12.791352561961387
mvad_Three7__019.000,mvad_Three7,19.0,21.0,Separation-2,20.5578443190698,0,0,2.352614773023266,0.8603076967404938,1.6473852269767342,0.9021824400021361,1.3526147730232658,0.9196851625548363,5.325,5.325,0.0,0.0,2.352614773023266,0.8603076967404938,21.942155680930203,-0.30286959883741504,13.647385226976732,0.18965285023002565,0.3,0.3,0.0,0.0,-12.294770453953467,5.025,0,-18.884311361860405
mvad_Three7__022.500,mvad_Three7,22.5,24.5,Separation-2,20.23581431668769,0,0,7.754728561104103,0.5395438699635354,9.26418568331231,0.44991613129140173,17.26418568331231,-0.025103595223338493,0.0,0.0,0.0,0.0,2.7358143166876907,0.8375542789364878,15.754728561104102,0.0645241434487952,16.26418568331231,0.03427387059100406,0.0,0.0,0.0,0.0,1.0,0.0,2,-15.0
mvad_Three7__023.000,mvad_Three7,23.0,25.0,Separation-2,20.280146829706595,0,0,3.2600489432355317,0.8064265553199487,11.219853170293405,0.33379355193896065,22.219853170293405,-0.31935857201880724,0.0,0.0,0.0,0.0,3.7399510567644683,0.7779311839796536,12.260048943235532,0.2720293629908659,11.739951056764468,0.3029114574649132,0.0,0.0,0.0,0.0,10.479902113528937,0.0,3,6.0
mvad_Three7__023.500,mvad_Three7,23.5,25.5,Separation-2,20.294083885535795,0,0,3.7353053714880686,0.7782070329983372,12.735305371488069,0.24380984066925426,24.205916114464202,-0.4372859565914413,0.0,0.0,0.0,0.0,3.2646946285119314,0.8061507063012651,20.205916114464202,-0.1997760933340711,16.735305371488067,0.006299977411884261,0.0,0.0,0.0,0.0,7.470610742976135,0.0,2,0.0
mvad_Three7__024.000,mvad_Three7,24.0,26.0,Separation-2,20.2283318981782,0,0,2.271668101821799,0.8651141049425437,23.271668101821803,-0.38181267715864986,9.757222700607267,0.42064084265176505,0.0,0.0,0.0,0.0,4.242777299392734,0.7480746359474394,18.2716681018218,-0.08492534808693697,12.242777299392733,0.27305490943269917,0.0,0.0,0.0,0.0,-2.485554598785466,0.0,1,-7.5433362036436
mvad_Three7__024.500,mvad_Three7,24.5,26.5,Separation-2,20.212762645355006,0,0,1.7624124515483313,0.8953524149074173,22.287237354644997,-0.3233596741215714,15.76241245154833,0.06406789350662179,0.0,0.0,0.0,0.0,2.237587548451669,0.8671377218352125,9.23758754845167,0.45149546113481465,8.23758754845167,0.5108729269491572,0.0,0.0,0.0,0.0,7.524824903096661,0.0,2,-1.4255252907100129
mvad_Three7__025.000,mvad_Three7,25.0,27.0,Separation-2,20.243450351170388,0,0,3.247816783723463,0.8071528699532121,12.752183216276537,0.2428076770173072,9.256549648829612,0.4503695396678553,0.0,0.0,0.0,0.0,5.752183216276538,0.658449937717705,9.752183216276537,0.4209400744603349,6.752183216276538,0.5990724719033624,0.0,0.0,0.0,0.0,2.5043664325530743,0.0,3,1.513099297659224
mvad_Three7__025.500,mvad_Three7,25.5,27.5,Separation-2,20.299074631435527,0,0,9.73364178952149,0.42204101739363176,16.200925368564473,0.038030107767348165,14.73364178952149,0.1251536883219191,0.0,0.0,0.0,0.0,4.799074631435527,0.7150431101314585,17.26635821047851,-0.025232594380880435,19.200925368564473,-0.1401022896756794,0.0,0.0,0.0,0.0,-4.467283579042983,0.0,1,-12.0
mvad_Three7__026.000,mvad_Three7,26.0,28.0,Separation-2,20.276295978496435,0,0,28.741234673834523,-0.7065816793076058,9.223704021503565,0.45231982978155827,14.258765326165479,0.1533506492908765,0.0,0.0,0.0,0.0,5.776295978496435,0.6570181830033036,20.258765326165477,-0.20291414559517862,13.223704021503565,0.21480996652418816,0.0,0.0,0.0,0.0,1.0350613046619141,0.0,2,-22.44740804300713
mvad_Three8__008.500,mvad_Three8,8.5,10.5,Separation-2,46.15283760277257,2,0,14.652837602772571,0.12995163615825878,27.652837602772575,-0.6419554194281945,21.652837602772575,-0.2856906245421391,1.325,1.325,0.0,0.0,18.88427920092419,-0.12130064268137586,8.88427920092419,0.4724740154620495,29.652837602772575,-0.7607103510568796,0.0,0.0,0.0,0.0,-8.0,1.325,0,-24.0
mvad_Three8__009.000,mvad_Three8,9.0,11.0,Separation-2,45.971915989792905,2,0,24.471915989792905,-0.4530803550953908,10.176028003402365,0.3957732451021837,12.823971996597635,0.23854504116793795,0.0,0.0,0.0,0.0,22.471915989792905,-0.3343254234667057,25.471915989792905,-0.5124578209097332,21.471915989792905,-0.274947957652363,0.0,0.0,0.0,0.0,-8.64794399319527,0.0,0,-12.0
mvad_Three8__009.500,mvad_Three8,9.5,11.5,Separation-2,45.86572383480635,2,0,25.365723834806357,-0.5061523998572681,10.211425388397883,0.3936714380846952,12.788574611602117,0.24064684818542637,0.0,0.0,0.0,0.0,14.365723834806353,0.1469997241005,10.788574611602117,0.3594017798141115,18.365723834806353,-0.09051013915687012,0.0,0.0,0.0,0.0,-5.577149223204236,0.0,0,-10.731447669612708
mvad_Three8__010.000,mvad_Three8,10.0,12.0,Separation-2,45.82519469909847,2,0,17.22493510030051,-0.0227729950723623,23.775064899699487,-0.4117031033156815,20.325194699098468,-0.20685855341557535,0.0,0.0,0.0,0.0,14.325194699098468,0.14940624147047976,18.77506489969949,-0.11481577424396905,15.325194699098468,0.0900287756561372,0.0,0.0,0.0,0.0,5.0,0.0,1,-9.0
mvad_Three8__010.500,mvad_Three8,10.5,12.5,Separation-2,45.81878206830696,2,0,4.681217931693041,0.7220411422914091,24.31878206830696,-0.4439876509073428,26.31878206830696,-0.5627425825360279,12.175,12.174999999999999,0.0,0.0,9.22707264389768,0.45211980952051034,15.318782068306959,0.09040954142174007,13.318782068306959,0.20916447305042518,12.175,12.174999999999999,0.0,0.0,13.0,0.0,3,6.0
mvad_Three8__011.000,mvad_Three8,11.0,13.0,Separation-2,45.83314094098912,2,0,22.777713646996375,-0.35248291340341087,26.33314094098912,-0.5635951760078455,6.777713646996372,0.59755653962607,24.675,24.675,0.0,0.0,6.222286353003628,0.630536404787477,26.33314094098912,-0.5635951760078455,7.777713646996372,0.5381790738117275,22.5,22.5,0.0,0.0,-1.0,2.1750000000000007,2,-10.666281881978236
mvad_Three8__011.500,mvad_Three8,11.5,13.5,Separation-2,45.80738985941839,2,0,10.307389859418393,0.3879733109872834,18.307389859418393,-0.08704641552745684,27.307389859418393,-0.6214436078565397,28.475,28.475,0.0,0.0,14.307389859418393,0.15046344772991327,29.307389859418393,-0.7401985394852248,17.307389859418393,-0.0276689497131144,22.5,22.5,0.0,0.0,10.0,5.975000000000001,1,-3.0
mvad_Three8__012.000,mvad_Three8,12.0,14.0,Separation-2,45.73882188653857,2,0,15.238821886538567,0.09515737438120142,20.746273962179522,-0.23186117296429942,7.746273962179522,0.5400458826221537,28.475,28.475,0.0,0.0,12.238821886538569,0.27328977182422887,26.238821886538563,-0.5579947495765663,32.23882188653857,-0.9142595444626218,22.5,22.5,0.0,0.0,-24.492547924359044,5.975000000000001,0,-31.477643773077133
mvad_Three8__015.000,mvad_Three8,15.0,17.0,Separation-2,20.319119621919263,2,0,17.180880378080737,-0.020157137309797513,8.180880378080737,0.5142400550192854,21.180880378080737,-0.2576670005671675,0.0,0.0,0.0,0.0,33.18088037808074,-0.970196590339278,11.726960126026912,0.303682826010679,10.726960126026912,0.36306029182502153,0.0,0.0,0.0,0.0,10.453920252053825,0.0,3,6.0
mvad_Three8__015.500,mvad_Three8,15.5,17.5,Separation-2,20.53475800291949,2,0,20.96524199708051,-0.24486293997106645,8.965241997080511,0.4676666498010439,19.655080665693504,-0.16706888030536104,0.0,0.0,0.0,0.0,26.96524199708051,-0.6011277348571218,6.034758002919489,0.641671362983818,8.344919334306496,0.5044998375037699,0.0,0.0,0.0,0.0,11.310161331387008,0.0,3,3.9304839941610226
mvad_Three8__016.000,mvad_Three8,16.0,18.0,Separation-2,20.587813482077387,2,0,10.912186517922613,0.3520620180723205,6.6373955059742045,0.6058882752477459,19.912186517922613,-0.18233517425676227,0.0,0.0,0.0,0.0,9.912186517922613,0.41143948388666307,7.087813482077387,0.5791435972695138,9.362604494025796,0.4440722717227735,0.0,0.0,0.0,0.0,10.549582023896818,0.0,2,0.0
mvad_Three8__016.500,mvad_Three8,16.5,18.5,Separation-2,20.651320511631308,2,0,21.84867948836869,-0.29731921940913875,8.616226496122897,0.48839030577783027,18.84867948836869,-0.11918682196611119,0.0,0.0,0.0,0.0,21.84867948836869,-0.29731921940913875,6.383773503877102,0.6209477070070317,10.848679488368694,0.3558329045486288,0.0,0.0,0.0,0.0,7.999999999999995,0.0,2,-6.0
mvad_Three8__017.000,mvad_Three8,17.0,19.0,Separation-2,20.80212231211804,2,0,12.565959229293986,0.25386518543817427,6.565959229293987,0.6101299803242295,16.565959229293984,0.016355322180804155,0.0,0.0,0.0,0.0,19.69787768788196,-0.16961005902731174,16.565959229293984,0.016355322180804155,21.69787768788196,-0.28836499065599686,0.0,0.0,0.0,0.0,-5.131918458587975,0.0,0,-9.0
mvad_Three8__017.500,mvad_Three8,17.5,19.5,Separation-2,20.679914524082395,2,0,14.606695158639203,0.132691457557378,8.820085475917605,0.4762856761741233,17.6066951586392,-0.045440939885649456,0.0,0.0,0.0,0.0,18.6066951586392,-0.1048184056999919,4.3933048413607985,0.7391366919701137,13.393304841360797,0.2047394996410309,0.0,0.0,0.0,0.0,4.213390317278405,0.0,2,-15.64017095183521
mvad_Three8__018.000,mvad_Three8,18.0,20.0,Separation-2,20.381039754560582,2,0,29.11896024543942,-0.7290100665227786,8.118960245439418,0.5179167155784149,5.881039754560582,0.6507987630207897,0.0,0.0,0.0,0.0,21.118960245439418,-0.2539903400080381,14.70632008181314,0.12677598208736118,11.29367991818686,0.3294099067397328,0.0,0.0,0.0,0.0,-5.412640163626278,0.0,0,-10.237920490878835
mvad_Three8__018.500,mvad_Three8,18.5,20.5,Separation-2,20.42747801608756,2,0,20.690840661304147,-0.2285696840365956,4.690840661304147,0.7214697689928851,9.309159338695853,0.4472457096063194,0.0,0.0,0.0,0.0,6.690840661304148,0.6027148373642,18.309159338695853,-0.08715148272276352,17.690840661304147,-0.050437286593568054,0.0,0.0,0.0,0.0,-8.381681322608294,0.0,0,-18.0
mvad_Three8__019.000,mvad_Three8,19.0,21.0,Separation-2,20.68257205476682,2,0,7.817427945233181,0.5358209394258308,16.394190684922275,0.02655450305221474,22.605809315077725,-0.34227566981157365,0.0,0.0,0.0,0.0,24.394190684922275,-0.4484652234625257,3.182572054766819,0.8110269366164014,10.394190684922272,0.3828192979382702,0.0,0.0,0.0,0.0,12.211618630155453,0.0,1,0.0
mvad_Three8__019.500,mvad_Three8,19.5,21.5,Separation-2,20.846516376048843,2,0,12.653483623951155,0.2486682086864972,24.55116120798372,-0.4577857353294661,18.653483623951157,-0.10759658619955825,0.0,0.0,0.0,0.0,6.448838792016281,0.6170842950848472,24.55116120798372,-0.4577857353294661,14.55116120798372,0.13598892281395936,0.0,0.0,0.0,0.0,4.102322415967437,0.0,1,-6.000000000000005
mvad_Three8__022.000,mvad_Three8,22.0,24.0,Separation-2,27.10225112931564,2,0,8.60225112931564,0.4892201276426711,13.46591629022812,0.20042801581818148,22.46591629022812,-0.3339691765109012,0.0,0.0,0.0,0.0,4.60225112931564,0.7267299909000413,14.46591629022812,0.14105055000383893,4.39774887068436,0.7388728167708759,0.0,0.0,0.0,0.0,18.06816741954376,0.0,3,15.20450225863128
mvad_Three8__022.500,mvad_Three8,22.5,24.5,Separation-2,26.66425247568144,2,0,13.38808415856048,0.20504949055553423,13.835747524318558,0.1784683743589004,22.611915841439522,-0.3426382598718658,0.0,0.0,0.0,0.0,8.16425247568144,0.5152273777255638,10.61191584143952,0.36989132990024487,1.6119158414395198,0.9042885222293278,0.0,0.0,0.0,0.0,21.000000000000004,0.0,3,15.0
mvad_Three8__023.000,mvad_Three8,23.0,25.0,Separation-2,26.18056585799476,2,0,12.773144714001745,0.24156303640271126,18.773144714001745,-0.11470175848334385,10.319434142005239,0.3872581520097247,0.0,0.0,0.0,0.0,9.226855285998253,0.45213271568175295,14.226855285998255,0.15524538661004017,3.319434142005239,0.8029004127101225,0.0,0.0,0.0,0.0,7.0,0.0,3,3.0
mvad_Three8__023.500,mvad_Three8,23.5,25.5,Separation-2,25.570250640011203,2,0,19.023416880003737,-0.12956228546440873,9.023416880003735,0.4642123726790168,9.023416880003735,0.4642123726790168,0.0,0.0,0.0,0.0,9.023416880003735,0.4642123726790168,14.976583119996269,0.11072844777676205,3.0234168800037344,0.820477167565072,0.0,0.0,0.0,0.0,6.0,0.0,2,-2.8594987199775943
mvad_Three8__024.000,mvad_Three8,24.0,26.0,Separation-2,25.445224889198403,2,0,12.0547751108016,0.28421800295879074,16.0182583702672,0.04887641121415298,10.054775110801598,0.40297293458747585,0.0,0.0,0.0,0.0,8.9817416297328,0.46668694342728334,15.0547751108016,0.10608560551576307,6.018258370267199,0.6426510693575787,0.0,0.0,0.0,0.0,4.0365167405344,0.0,1,0.0
mvad_Three8__024.500,mvad_Three8,24.5,26.5,Separation-2,25.53492231606328,2,0,11.96507768393672,0.28954400885609466,8.011640772021094,0.5242890739425246,21.965077683936716,-0.30423064928733057,0.0,0.0,0.0,0.0,9.011640772021094,0.4649116081281821,11.988359227978906,0.28816160977062455,15.988359227978906,0.050651746513254436,0.0,0.0,0.0,0.0,5.97671845595781,0.0,1,-3.0698446321265607
mvad_Three8__025.000,mvad_Three8,25.0,27.0,Separation-2,25.522441417071093,2,0,9.022441417071093,0.4642702931959529,7.007480472357031,0.5839135678079475,9.992519527642969,0.4066695133482293,0.0,0.0,0.0,0.0,7.022441417071093,0.583025224824638,9.007480472357031,0.46515863617926245,14.007480472357031,0.16827130710754967,0.0,0.0,0.0,0.0,-4.014960944714062,0.0,1,-20.955117165857814
mvad_Three8__025.500,mvad_Three8,25.5,27.5,Separation-2,25.59838280115148,2,0,3.0983828011514802,0.8160258811448811,8.032794267050493,0.5230330330145626,12.90161719884852,0.23393466582563827,0.0,0.0,0.0,0.0,10.032794267050493,0.4042781013858776,8.032794267050493,0.5230330330145626,12.032794267050493,0.2855231697571925,0.0,0.0,0.0,0.0,0.8688229317980269,0.0,2,-12.19676560230296
mvad_Three8__026.000,mvad_Three8,26.0,28.0,Separation-2,25.336041602010024,2,0,6.836041602010024,0.5940931734712265,15.054652799329991,0.10609286806098728,19.163958397989976,-0.1379072846441325,0.0,0.0,0.0,0.0,6.836041602010024,0.5940931734712265,18.163958397989976,-0.07852981882978982,11.054652799329991,0.3436027313183574,0.0,0.0,0.0,0.0,8.109305598659985,0.0,3,3.3279167959799523
mvad_Three8__026.500,mvad_Three8,26.5,28.5,Separation-2,25.056645132199503,2,0,5.556645132199503,0.6700604936203911,15.147784955933497,0.10056291661604655,16.443354867800497,0.023635258464072995,0.0,0.0,0.0,0.0,2.852215044066501,0.8306426987257879,26.1477849559335,-0.5525892073417216,14.556645132199504,0.1356633012913082,0.0,0.0,0.0,0.0,1.8867097356009932,0.0,1,-17.113290264399005
mvad_Two10__009.000,mvad_Two10,9.0,11.0,Separation-2,25.68801642685992,4,0,13.062672142286639,0.22437163142741046,5.06267214228664,0.6993913579421507,10.937327857713358,0.35056918902836876,10.825,10.825,0.0,0.0,18.93732785771336,-0.12445053748637158,3.0626721422866403,0.8181462895708358,13.937327857713361,0.17243679158534098,7.8,7.8,0.0,0.0,-3.0000000000000036,3.0249999999999995,0,-5.623967146280162
mvad_Two10__009.500,mvad_Two10,9.5,11.5,Separation-2,26.22808364894211,4,0,4.728083648942111,0.7192583747675878,9.75730545035263,0.42063592918158854,9.24269454964737,0.4511922203459032,0.0,0.0,0.0,0.0,18.75730545035263,-0.11376126314749424,18.27191635105789,-0.08494008849746626,14.75730545035263,0.12374860010987587,0.0,0.0,0.0,0.0,-5.514610900705261,0.0,0,-7.456167297884221
mvad_Two10__010.000,mvad_Two10,10.0,12.0,Separation-2,26.479019542509487,4,0,7.979019542509487,0.5262260398826719,12.673660152496838,0.24747017755252376,10.326339847503164,0.3868481087175978,0.0,0.0,0.0,0.0,8.326339847503162,0.505603040346283,12.326339847503164,0.26809317708891267,16.326339847503164,0.030583313831542558,0.0,0.0,0.0,0.0,-6.0,0.0,1,-13.041960914981026
mvad_Two10__010.500,mvad_Two10,10.5,12.5,Separation-2,26.356013802507874,4,0,7.856013802507874,0.5335298090045856,11.285337934169291,0.3299052326105598,12.285337934169291,0.27052776679621726,0.0,0.0,0.0,0.0,12.143986197492126,0.27892087470856364,14.285337934169291,0.15177283516753226,15.714662065830709,0.06690319040219161,0.0,0.0,0.0,0.0,-3.429324131661417,0.0,1,-7.712027605015749
mvad_Two10__011.000,mvad_Two10,11.0,13.0,Separation-2,26.19471680985157,4,0,8.231572269950524,0.5112300989427228,9.768427730049476,0.41997551639911157,10.231572269950524,0.39247516731403764,0.0,0.0,0.0,0.0,13.30528319014843,0.20996600222681516,6.69471680985157,0.602484681486334,12.768427730049476,0.2418431189560839,0.0,0.0,0.0,0.0,-2.536855460098952,0.0,1,-16.61056638029686
mvad_Two10__011.500,mvad_Two10,11.5,13.5,Separation-2,25.91002728996317,4,0,8.863324236678944,0.4737182681351624,6.589972710036829,0.6087041206923379,13.863324236678944,0.1768309390634497,0.0,0.0,0.0,0.0,13.589972710036832,0.19306185999193992,6.410027289963171,0.6193888237212091,11.136675763321056,0.33873241557798683,0.0,0.0,0.0,0.0,2.726648473357887,0.0,2,-18.0
mvad_Two10__012.000,mvad_Two10,12.0,14.0,Separation-2,25.885956878753223,4,0,12.12865229291774,0.27983136310322965,10.614043121246777,0.3697650174162119,18.87134770708226,-0.12053280334784833,0.0,0.0,0.0,0.0,9.614043121246777,0.4291424832305545,11.12865229291774,0.3392088289175722,17.87134770708226,-0.06115533753350588,0.0,0.0,0.0,0.0,1.0,0.0,2,-3.0
mvad_Two10__012.500,mvad_Two10,12.5,14.5,Separation-2,26.115527934986275,4,0,3.7948240216712414,0.77467296638177,10.384472065013725,0.38339636495965246,12.794824021671241,0.24027577405268719,0.0,0.0,0.0,0.0,10.384472065013725,0.38339636495965246,10.615527934986275,0.3696768529391542,17.794824021671243,-0.056611555019025595,0.0,0.0,0.0,0.0,-5.000000000000002,0.0,1,-18.0
mvad_Two10__023.000,mvad_Two10,23.0,25.0,Separation-2,29.37467888608341,4,0,13.29155962869447,0.21078087252789868,8.29155962869447,0.5076682015996115,10.29155962869447,0.38891326997092635,44.2,44.2,0.0,0.0,8.125321113916591,0.517539023327862,6.291559628694469,0.6264231332282966,7.291559628694469,0.5670456674139539,0.0,0.0,0.0,0.0,3.000000000000001,44.2,2,-3.0
mvad_Two10__023.500,mvad_Two10,23.5,25.5,Separation-2,28.931970495246368,4,0,19.568029504753632,-0.16190000297255502,7.143990165082123,0.5758079681948369,6.143990165082123,0.6351854340091795,49.975,49.975,0.0,0.0,13.856009834917877,0.17726524970396973,9.431970495246368,0.43995349435662134,6.143990165082123,0.6351854340091795,0.0,0.0,0.0,0.0,0.0,49.975,1,-9.0
mvad_Two10__024.000,mvad_Two10,24.0,26.0,Separation-2,28.4422970365281,4,0,12.057702963471902,0.2840441544869504,5.9807656788427,0.6448772903609244,11.057702963471902,0.343421620301293,49.975,49.975,0.0,0.0,14.019234321157299,0.16757339335222488,9.0192343211573,0.46446072242393743,17.0192343211573,-0.010559004090802793,0.0,0.0,0.0,0.0,-5.961531357685397,49.975,0,-8.8845940730562
mvad_Two10__024.500,mvad_Two10,24.5,26.5,Separation-2,28.32205875160719,4,0,9.17794124839281,0.4550371072775117,6.94068625053573,0.5878796394307374,8.94068625053573,0.4691247078020523,50.0,50.0,0.0,0.0,11.177941248392807,0.3362821756488267,8.82205875160719,0.47616850806432265,9.94068625053573,0.40974724198770973,0.0,0.0,0.0,0.0,-1.0,50.0,1,-9.355882496785618
mvad_Two10__025.000,mvad_Two10,25.0,27.0,Separation-2,28.37984153977517,4,0,1.120158460224829,0.9334878293213537,7.879841539775171,0.5321149783495636,6.879841539775171,0.591492444163906,49.975,49.975,0.0,0.0,10.120158460224829,0.39909063699227076,15.040052820074942,0.10695977783009403,7.959947179925057,0.5273585084400276,0.0,0.0,0.0,0.0,-1.0801056401498856,49.975,1,-6.240316920449656
mvad_Two10__025.500,mvad_Two10,25.5,27.5,Separation-2,28.43616186389736,4,0,8.063838136102643,0.5211897267411737,7.9361618638973574,0.5287708202293457,8.02127937870088,0.5237167579038977,40.825,40.825,0.0,0.0,7.0638381361026426,0.5805671925555163,8.936161863897357,0.4693933544150032,7.978720621299119,0.5262437890666217,0.0,0.0,0.0,0.0,0.042558757401761405,40.825,1,-12.127676272205285
mvad_Two10__026.000,mvad_Two10,26.0,28.0,Separation-2,28.502033880329893,4,0,9.002033880329892,0.46548204101115853,5.002033880329893,0.7029919042685286,12.000677960109963,0.28743015467463673,28.325,28.325,0.0,0.0,9.999322039890036,0.4062655974098275,8.000677960109964,0.5249400179320067,14.002033880329895,0.16859471193944564,0.0,0.0,0.0,0.0,-2.0013559202199325,28.325,0,-6.004067760659785
mvad_Two10__026.500,mvad_Two10,26.5,28.5,Separation-2,28.352696447306524,4,0,11.950898815768843,0.2903859141160188,8.049101184231159,0.5220647695971303,11.950898815768843,0.2903859141160188,19.025,19.025,0.0,0.0,8.147303552693478,0.5162337618208714,12.852696447306522,0.23683945607793522,16.04910118423116,0.04704504308238999,0.0,0.0,0.0,0.0,-4.0982023684623154,19.025,2,-18.000000000000004
mvad_Two10__037.500,mvad_Two10,37.5,39.5,Separation-2,28.42356451686359,4,0,14.923564516863587,0.11387655807179697,9.076435483136413,0.461064262383982,15.923564516863587,0.05449909225745453,0.0,0.0,0.0,0.0,5.025478494378803,0.701599822499309,13.076435483136413,0.2235543991266119,14.923564516863587,0.11387655807179697,0.0,0.0,0.0,0.0,1.0,0.0,1,-11.999999999999998
mvad_Two10__038.000,mvad_Two10,38.0,40.0,Separation-2,27.65917162812296,4,0,20.15917162812296,-0.1970005241943349,9.84082837187704,0.415676549764059,9.719723876040987,0.42286742782552733,0.175,0.17500000000000002,0.0,0.0,19.719723876040987,-0.170907230317898,15.280276123959013,0.09269592681590921,10.719723876040987,0.3634899620111848,0.2,0.2,0.0,0.0,-1.0,-0.025000000000000022,2,-14.999999999999998
mvad_Two11__008.000,mvad_Two11,8.0,10.0,Azimuth,-13.393625091789811,1,1,4.661930463765743,0.7372499296527759,16.96454169726327,0.04386507713721188,10.813236080514507,0.39055750339499395,0.0,0.0,0.0,0.0,3.5508193526546328,0.7998730264314876,27.52009725281883,-0.5510543422605501,24.226958425123144,-0.3654504458992818,0.0,0.0,0.0,0.0,-13.413722344608637,0.0,1,-33.45391685024629
mvad_Two11__008.000,mvad_Two11,8.0,10.0,Distance,1.3934157780203682,1,1,0.41447192600678934,0.2606213337553419,0.4188614073265439,0.2527909147569444,0.3521947406598773,0.3717179348759614,0.0,0.0,0.0,0.0,0.6232508886462986,-0.11182056459850465,0.4188614073265439,0.2527909147569444,0.24780525934012274,0.5579388840528845,0.0,0.0,0.0,0.0,0.10438948131975459,0.0,1,-0.3868315560407365
mvad_Two11__008.000,mvad_Two11,8.0,10.0,Elevation,8.961261367138643,1,1,10.762912877620453,-0.3278817339046156,6.737087122379548,0.16880727074047686,9.096246210953787,-0.12225559455565005,0.0,0.0,0.0,0.0,8.262912877620453,-0.019442524881167378,11.596246210953785,-0.4306948035790983,3.12207196619469,0.614812236893051,0.0,0.0,0.0,0.0,5.974174244759096,0.0,2,0.0
mvad_Two11__008.500,mvad_Two11,8.5,10.5,Azimuth,-12.089824846403555,1,1,5.965730709151999,0.6637667216005374,16.529941615467852,0.06835947982129142,7.367602624181333,0.5847561170549215,0.0,0.0,0.0,0.0,5.410175153596444,0.6950782699898933,19.025613940087702,-0.0722985767400679,10.418830504356741,0.41278651210420614,0.0,0.0,0.0,0.0,-3.051227880175408,0.0,1,-6.666666666666668
mvad_Two11__008.500,mvad_Two11,8.5,10.5,Distance,1.4647091422954233,1,1,0.5049030474318077,0.0993007767988654,0.4715697140984744,0.15876428685837385,0.32843028590152556,0.4141114717134209,0.0,0.0,0.0,0.0,0.3950969525681923,0.29518445159440376,0.6715697140984743,-0.1980167734986773,0.1617636192348589,0.7114290220109637,0.0,0.0,0.0,0.0,0.16666666666666666,0.0,3,0.07058171540915369
mvad_Two11__008.500,mvad_Two11,8.5,10.5,Elevation,8.498777199825092,1,1,4.250407600058303,0.4756030567243055,6.58292573327503,0.18782703750741825,11.084556133508242,-0.36756469047811824,0.0,0.0,0.0,0.0,9.417889466841574,-0.16193855112915245,8.249592399941697,-0.017799101841547316,15.251222800174908,-0.881630038850532,0.0,0.0,0.0,0.0,-4.166666666666666,0.0,1,-17.5
mvad_Two11__009.000,mvad_Two11,9.0,11.0,Azimuth,-10.778428505978155,1,1,8.38823816068851,0.5272322948742882,16.092809501992722,0.09299658980380376,5.018301609118393,0.7171645714006725,0.0,0.0,0.0,0.0,6.68496827578506,0.6232299262326049,26.611761839311495,-0.49985984340370915,10.018301609118392,0.43536063589646956,0.0,0.0,0.0,0.0,-4.999999999999999,0.0,1,-14.890190345289646
mvad_Two11__009.000,mvad_Two11,9.0,11.0,Distance,1.5349838462026746,1,1,0.5283279487342248,0.05751297117168708,0.37167205126577524,0.33697225722158186,0.40500538459910856,0.2775087471620733,0.0,0.0,0.0,0.0,0.5383387179324419,0.03965470692403905,0.3383387179324419,0.3964357672810904,0.2383387179324418,0.5748262974596163,0.0,0.0,0.0,0.0,0.16666666666666677,0.0,2,0.0
mvad_Two11__009.000,mvad_Two11,9.0,11.0,Elevation,8.021624479088626,1,1,3.2283755209113743,0.6016969631597731,6.4238748263628755,0.2074500518763971,11.909458506970457,-0.4693375847150185,0.0,0.0,0.0,0.0,10.242791840303791,-0.26371144536605295,8.923874826362875,-0.10098915714705115,15.72837552091137,-0.9404990819574683,0.0,0.0,0.0,0.0,-3.818917013940913,0.0,0,-9.999999999999996
mvad_Two11__009.500,mvad_Two11,9.5,11.5,Azimuth,-9.899365732270066,1,1,9.2673009343966,0.4776876250370522,21.843810176714513,-0.23113433484098178,15.311322533687758,0.1370418104465212,0.0,0.0,0.0,0.0,6.977989200354422,0.6067150362868596,5.177143510047846,0.7082121168396949,11.422433644798865,0.35622264917201263,0.0,0.0,0.0,0.0,3.888888888888893,0.0,2,-14.798731464540133
mvad_Two11__009.500,mvad_Two11,9.5,11.5,Distance,1.60316899420997,1,1,0.45316899420997,0.1915894286241423,0.3822770019300101,0.3180540295064822,0.4510563314033233,0.19535821900580386,0.0,0.0,0.0,0.0,0.5156103352633434,0.08019998926844796,0.68227700193001,-0.21711756102909452,0.31772299806999,0.433212259243838,0.0,0.0,0.0,0.0,0.1333333333333333,0.0,2,0.0
mvad_Two11__009.500,mvad_Two11,9.5,11.5,Elevation,7.548166947289721,1,1,3.7018330527102794,0.5432838165140736,17.868499719376945,-1.204538367952134,7.06727768423676,0.1280697844499783,0.0,0.0,0.0,0.0,12.868499719376947,-0.5876599499052373,10.432722315763241,-0.28714424761411705,6.233944350903426,0.2308828541244612,0.0,0.0,0.0,0.0,0.8333333333333348,0.0,2,0.0
mvad_Two11__010.000,mvad_Two11,10.0,12.0,Azimuth,-9.383587143413491,1,1,7.5608573010309525,0.5738641313567583,13.26102650775106,0.25259810825803897,5.072306825582276,0.7141207948932168,0.0,0.0,0.0,0.0,8.116412856586507,0.5425525829674025,6.594359841084391,0.6283366889303097,3.5502538100801586,0.7999049008561241,0.0,0.0,0.0,0.0,1.522053015502117,0.0,1,-3.333333333333332
mvad_Two11__010.000,mvad_Two11,10.0,12.0,Distance,1.6538380820890015,1,1,0.3679460273630004,0.34361913101632047,0.19872063930366615,0.6455011979720343,0.7320539726369996,-0.3059149629801028,0.0,0.0,0.0,0.0,0.40127936069633385,0.2841556209568117,0.43461269402966723,0.22469211089730312,0.6371714154223349,-0.1366534661179195,0.0,0.0,0.0,0.0,0.09488255721466465,0.0,2,-0.5076761641780033
mvad_Two11__010.000,mvad_Two11,10.0,12.0,Elevation,7.19396766174082,1,1,15.722699004925845,-0.9397987379172346,11.556032338259179,-0.42573338954482076,8.852010779419727,-0.09212288122850376,0.0,0.0,0.0,0.0,12.389365671592515,-0.5285464592193039,10.518677446086393,-0.2977490205774693,8.018677446086393,0.010690188445979132,0.0,0.0,0.0,0.0,0.8333333333333339,0.0,2,-17.5
mvad_Two11__010.500,mvad_Two11,10.5,12.5,Azimuth,-8.975847369017801,1,1,7.968597075426641,0.5508835967394982,8.952495321438512,0.4954303171671326,4.936393567450379,0.7217809730989702,0.0,0.0,0.0,0.0,9.63526374209331,0.45694895157143034,6.1747175436607336,0.651988059113912,1.7302730992162882,0.9024804462287591,0.0,0.0,0.0,0.0,3.206120468234091,0.0,3,1.285028071368938
mvad_Two11__010.500,mvad_Two11,10.5,12.5,Distance,1.6840845612931643,1,1,0.7113615204310548,-0.2690015877829799,0.25530514623561196,0.5445597960572316,0.7219718129022786,-0.28792934477588816,0.0,0.0,0.0,0.0,0.34469485376438813,0.3850970228716143,0.355305146235612,0.3661692658787059,0.37802818709772135,0.32563351281210595,0.0,0.0,0.0,0.0,0.3439436258045573,0.0,2,-0.40000000000000036
mvad_Two11__010.500,mvad_Two11,10.5,12.5,Elevation,6.958473726959529,1,1,9.76384209101349,-0.20462069263282134,5.5971754243468235,0.3094446557395927,6.430508757680157,0.20663158606510978,0.0,0.0,0.0,0.0,8.930508757680157,-0.10180762295833845,12.263842091013492,-0.51305990165627,20.958192939707136,-1.5857313811536358,0.0,0.0,0.0,0.0,-14.527684182026977,0.0,0,-18.583052546080943
mvad_Two11__011.000,mvad_Two11,11.0,13.0,Azimuth,-9.391774353255528,1,1,5.225107686588863,0.7055088180971993,3.4083692288629543,0.8079016275309988,10.630591451085175,0.4008514984693724,0.0,0.0,0.0,0.0,7.552670091188916,0.5743255689476152,0.7806632421444176,0.9560012052120466,8.10822564674447,0.5430140205582594,0.0,0.0,0.0,0.0,2.522365804340705,0.0,2,-9.549784626822275
mvad_Two11__011.000,mvad_Two11,11.0,13.0,Distance,1.6930527500150885,1,1,0.6810175833383628,-0.2148708775262882,0.5476842500050295,0.02298316271174594,0.8476842500050296,-0.5121884278238311,0.0,0.0,0.0,0.0,0.6569472499849117,-0.17193168224132838,0.6189824166616372,-0.10420601479454539,0.3430527500150884,0.3880263804560715,0.0,0.0,0.0,0.0,0.5046314999899412,0.0,3,0.10000000000000009
mvad_Two11__011.000,mvad_Two11,11.0,13.0,Elevation,6.819721915444274,1,1,6.0232406384814245,0.2568785686835596,13.14342602818524,-0.6215791711966638,3.1434260281852424,0.6121776648971295,0.0,0.0,0.0,0.0,8.976759361518576,-0.10751382282425004,4.736388582110941,0.41564482084240373,14.430278084555729,-0.7803454233555083,0.0,0.0,0.0,0.0,-11.286852056370487,0.0,0,-20.0
mvad_Two11__011.500,mvad_Two11,11.5,13.5,Azimuth,-10.48997149324195,1,1,7.98997149324195,0.5496789177276051,17.98997149324195,-0.013928953280800682,11.22556505780824,0.3673183176902345,0.0,0.0,0.0,0.0,7.01002850675805,0.604909275759786,12.989971493241951,0.2678749822234021,28.54552704879751,-0.6088483726785627,0.0,0.0,0.0,0.0,-17.31996199098927,0.0,0,-20.979942986483902
mvad_Two11__011.500,mvad_Two11,11.5,13.5,Distance,1.669141978072561,1,1,0.6602860073091464,-0.17788770913340501,0.4063806593575203,0.27505538722913114,0.6191419780725609,-0.10449065724145257,0.0,0.0,0.0,0.0,0.673047326024187,-0.20065269324693746,0.6269526739758131,-0.11842419907389656,0.3730473260241869,0.3345188972886399,0.0,0.0,0.0,0.0,0.246094652048374,0.0,2,-0.06171604385487811
mvad_Two11__011.500,mvad_Two11,11.5,13.5,Elevation,6.874222213835699,1,1,7.709111119497632,0.048883145611311796,12.291925928721433,-0.516524764331862,8.9585925953881,-0.10527248563393066,0.0,0.0,0.0,0.0,10.208074071278567,-0.25942811687917344,4.790888880502366,0.4089208092714465,9.375777786164301,-0.1567429937376541,0.0,0.0,0.0,0.0,-0.41718519077620186,0.0,1,-12.5
mvad_Two11__012.000,mvad_Two11,12.0,14.0,Azimuth,-10.680725453633157,1,1,14.291836564744267,0.1945008420944394,14.949130706766608,0.1574552268932886,10.152607879700176,0.42779102877390185,0.0,0.0,0.0,0.0,7.273091515455614,0.590082837532476,20.958503231410933,-0.1812377385778312,24.29183656474427,-0.36910702891396663,0.0,0.0,0.0,0.0,-14.139228685044094,0.0,0,-16.361450907266317
mvad_Two11__012.000,mvad_Two11,12.0,14.0,Distance,1.6203707824952422,1,1,0.6432097391682526,-0.14742526386215782,0.6098764058349194,-0.08796175380264959,0.623456927498414,-0.11218811839916709,0.0,0.0,0.0,0.0,0.44320973916825257,0.20935579649489355,0.9703707824952423,-0.7310495835907709,0.5567902608317475,0.006738901719849699,0.0,0.0,0.0,0.0,0.06666666666666643,0.0,1,-0.10000000000000053
mvad_Two11__012.000,mvad_Two11,12.0,14.0,Elevation,7.111715138467882,1,1,4.195048471801215,0.48243302701704294,10.287238379489295,-0.26919506752213573,6.95390504615596,0.14205721117579573,0.0,0.0,0.0,0.0,12.47161819486545,-0.5386944205066986,3.3617151384678814,0.5852460966915258,6.638284861532117,0.1809970672146809,0.0,0.0,0.0,0.0,0.31562018462384245,0.0,1,-0.7765697230642363
mvad_Two11__012.500,mvad_Two11,12.5,14.5,Azimuth,-10.00288766721546,1,1,8.613998778326572,0.5145082487678352,10.274890110562318,0.42089910599406477,6.386001221673429,0.640079944719556,0.0,0.0,0.0,0.0,6.943481888705958,0.608659895532101,13.61399877832657,0.23270431326363228,16.945407000182932,0.04494352372559596,0.0,0.0,0.0,0.0,-10.559405778509504,0.0,0,-18.339108667764258
mvad_Two11__012.500,mvad_Two11,12.5,14.5,Distance,1.552363503973397,1,1,0.5007878346577991,0.10664192668439376,0.6674545013244657,-0.19067562361314905,0.26903017064006357,0.5200756522549983,0.0,0.0,0.0,0.0,0.5658788320088678,-0.009474248588667855,0.5309698293599365,0.052800106316796214,0.4023635039733969,0.28222161201696416,0.0,0.0,0.0,0.0,-0.1333333333333333,0.0,1,-0.6000000000000001
mvad_Two11__012.500,mvad_Two11,12.5,14.5,Elevation,7.47482815652168,1,1,4.558161489855013,0.43763371018719077,11.258390614492773,-0.3890116384044664,12.108505176811653,-0.4938951036768464,0.0,0.0,0.0,0.0,11.258390614492773,-0.3890116384044664,9.574942718840559,-0.18131510345760327,7.9250572811594395,0.02224064029346484,0.0,0.0,0.0,0.0,4.183447895652213,0.0,1,-2.4496563130433597
mvad_Two11__015.000,mvad_Two11,15.0,17.0,Azimuth,11.329169964236089,1,1,19.384725519791644,-0.09253838802920833,11.501387789699082,0.35177273142056253,21.60694774201387,-0.21778458158663194,0.0,0.0,0.0,0.0,10.720834432523139,0.3957653330052022,3.723610011921304,0.790134408871545,11.501387789699082,0.35177273142056253,0.0,0.0,0.0,0.0,10.105559952314787,0.0,2,-16.666666666666664
mvad_Two11__015.000,mvad_Two11,15.0,17.0,Distance,1.6291696854232451,1,1,0.9263898951410819,-0.652591845462464,0.4736101048589183,0.15512442296310436,0.4930565618077483,0.12043378531114768,0.0,0.0,0.0,0.0,0.6597232284744151,-0.17688376498639524,0.5402767715255851,0.03619740284408701,0.5208303145767551,0.07088804049604358,0.0,0.0,0.0,0.0,-0.027773752769006788,0.0,2,-0.64166062915351
mvad_Two11__015.000,mvad_Two11,15.0,17.0,Elevation,10.978939091134205,1,1,7.409646363711402,0.08582981457335392,10.090353636288599,-0.24490427773749257,8.423686969621931,-0.039278138388527006,0.0,0.0,0.0,0.0,6.757020302955265,0.16634800096043856,9.909646363711401,-0.22260939445009442,10.923686969621931,-0.34771734741197524,0.0,0.0,0.0,0.0,-2.5,0.0,0,-6.957878182268409
mvad_Two11__015.500,mvad_Two11,15.5,17.5,Azimuth,10.473259024094071,1,1,11.306592357427403,0.36275155530704284,7.8978025475242,0.5548736320545121,30.751036801871845,-0.7331526383204128,0.0,0.0,0.0,0.0,6.786691436413089,0.6174967288332238,23.21330856358691,-0.3083203418584415,20.435530785809135,-0.1517625999116623,0.0,0.0,0.0,0.0,10.31550601606271,0.0,2,0.0
mvad_Two11__015.500,mvad_Two11,15.5,17.5,Distance,1.6739870090369384,1,1,0.6920043303210206,-0.2344701937180247,0.3586709969876872,0.36016490687706104,0.590653675703605,-0.05367022360661067,0.0,0.0,0.0,0.0,0.2573203423702716,0.5409648769884751,0.5253376636543539,0.06284735657951823,0.5239870090369384,0.06525679651240646,0.0,0.0,0.0,0.0,0.06666666666666665,0.0,1,-0.30000000000000004
mvad_Two11__015.500,mvad_Two11,15.5,17.5,Elevation,10.565460502807978,1,1,7.351206163858689,0.0930399141804511,9.017872830525354,-0.11258622516851435,8.561513165730673,-0.05628253955272333,0.0,0.0,0.0,0.0,12.35120616385869,-0.5238385038664457,10.22817983239734,-0.2619086789016889,5.684539497192023,0.29866605352941666,0.0,0.0,0.0,0.0,2.8769736685386507,0.0,2,-8.869078994384044
mvad_Two11__016.000,mvad_Two11,16.0,18.0,Azimuth,9.803635610970549,1,1,4.232121463009818,0.7614743032384056,22.859191166526102,-0.28836200663399336,21.32343409254574,-0.20180552914877636,0.0,0.0,0.0,0.0,9.787677018565374,0.4483588193448468,15.21232298143463,0.14262150313413824,16.192524499859434,0.08737657403827714,0.0,0.0,0.0,0.0,5.130909592686304,0.0,2,-9.607271221941094
mvad_Two11__016.000,mvad_Two11,16.0,18.0,Distance,1.7152083692384623,1,1,0.5449305435871793,0.02789551419010894,0.11159721025384584,0.8009211449637204,0.5985417025717955,-0.06774171655740013,0.0,0.0,0.0,0.0,0.631875035905129,-0.1272052266169088,0.31159721025384596,0.4441400846066689,0.16520836923846213,0.7052839142162111,0.0,0.0,0.0,0.0,0.43333333333333335,0.0,2,-0.30000000000000016
mvad_Two11__016.000,mvad_Two11,16.0,18.0,Elevation,10.193122879099391,1,1,7.018959040300203,0.13403113017672919,7.852292373633536,0.031218060502246514,7.147707626366464,0.11814668535706319,0.0,0.0,0.0,0.0,7.852292373633536,0.031218060502246514,10.223543787567275,-0.26133670370153594,13.556877120900609,-0.6725889823994673,0.0,0.0,0.0,0.0,-6.409169494534145,0.0,1,-17.113754241801217
mvad_Two11__016.500,mvad_Two11,16.5,18.5,Azimuth,9.340731449388723,1,1,16.169132705351796,0.08869495398842886,11.724688260907351,0.33918734110327586,21.285175893833163,-0.19964926695627527,0.0,0.0,0.0,0.0,8.275311739092649,0.5335969168799124,22.83579937201846,-0.28704362668384165,8.275311739092649,0.5335969168799124,0.0,0.0,0.0,0.0,13.009864154740514,0.0,2,-4.651870434555892
mvad_Two11__016.500,mvad_Two11,16.5,18.5,Distance,1.7467206102798014,1,1,0.39672061027980127,0.29228799999437993,0.1010931299067328,0.8196594295853137,0.5967206102798014,-0.06449306036267166,0.0,0.0,0.0,0.0,0.663387276946468,-0.18342008048168879,0.33442646324006614,0.40341485916875375,0.4300539436131346,0.23282448993487137,0.0,0.0,0.0,0.0,0.1666666666666668,0.0,2,-0.5
mvad_Two11__016.500,mvad_Two11,16.5,18.5,Elevation,9.921605517934749,1,1,11.32839448206525,-0.397648413421521,7.942798160688416,0.02005184715374575,2.8905351726449164,0.6433782470779781,0.0,0.0,0.0,0.0,4.661727815398584,0.4248561439743411,3.7238685059782495,0.5405651774034953,10.495061148731915,-0.2948353437470381,0.0,0.0,0.0,0.0,-7.6045259760869985,0.0,0,-17.6567889641305
mvad_Two11__017.000,mvad_Two11,17.0,19.0,Azimuth,9.103838607887738,1,1,5.062828058778931,0.7146550256509987,2.2431649084818646,0.873573460160977,13.354276019592978,0.2473424923738593,0.0,0.0,0.0,0.0,7.7987204640374195,0.5604579762674182,21.04828305233218,-0.18629779995072515,12.243164908481866,0.3099655891525711,0.0,0.0,0.0,0.0,1.1111111111111125,0.0,1,-16.541010549108805
mvad_Two11__017.000,mvad_Two11,17.0,19.0,Distance,1.7765061381700002,1,1,0.5421687127233333,0.03282235891075791,0.2755020460566668,0.5085304393868262,0.5931728048366668,-0.058164111422961184,0.0,0.0,0.0,0.0,0.6931728048366669,-0.23655464160148698,0.9598394715033335,-0.7122627220775553,0.5755020460566668,-0.026641151148750764,0.0,0.0,0.0,0.0,0.017670758780000018,0.0,2,-0.5
mvad_Two11__017.000,mvad_Two11,17.0,19.0,Elevation,9.707062220955653,1,1,7.3762711123776805,0.08994750902228654,11.542937779044346,-0.42411783935012726,12.18097925968145,-0.5028366431948705,0.0,0.0,0.0,0.0,4.876271112377682,0.3983867180457348,4.6809792596814495,0.4224809838754747,8.847645926348116,-0.09158436449693941,0.0,0.0,0.0,0.0,3.333333333333334,0.0,2,-10.585875558088695
mvad_Two11__017.500,mvad_Two11,17.5,19.5,Azimuth,9.118338967702512,1,1,14.428335211456393,0.18680767092754447,3.9372165878530456,0.7780953741221165,19.983890767011946,-0.12630781296601423,0.0,0.0,0.0,0.0,12.761668544789728,0.28074231609561195,18.317224100345282,-0.032373167797946634,24.951672301035842,-0.40629589036862224,0.0,0.0,0.0,0.0,-4.967781534023896,0.0,1,-16.570011268738355
mvad_Two11__017.500,mvad_Two11,17.5,19.5,Distance,1.8127272796238347,1,1,0.3790909067920551,0.3237377215150724,0.2875757598746114,0.4869920772947568,0.6627272796238347,-0.182242707758679,0.0,0.0,0.0,0.0,0.32939394629050134,0.4123923928364066,0.5960606129571681,-0.06331568763966189,0.48757575987461155,0.13021101693770532,0.0,0.0,0.0,0.0,0.17515151974922316,0.0,2,-0.2
mvad_Two11__017.500,mvad_Two11,17.5,19.5,Elevation,9.55431458382106,1,1,8.362352082845605,-0.03171090480339389,10.565228472059646,-0.30349228522963734,6.695685416178939,0.17391523454557167,0.0,0.0,0.0,0.0,8.065228472059646,0.004946923793811009,13.89856180539298,-0.7147445639275685,9.731895138726314,-0.20067921555515467,0.0,0.0,0.0,0.0,-3.0362097225473743,0.0,1,-12.5
mvad_Two11__018.000,mvad_Two11,18.0,20.0,Azimuth,9.79321934186176,1,1,8.54218422506503,0.5185557735149509,4.373447324804908,0.7535090664299298,27.848774897417314,-0.569578873012571,0.0,0.0,0.0,0.0,15.626552675195093,0.11927519155325839,13.124482441601637,0.2602938393001697,9.373447324804909,0.47170513092572675,0.0,0.0,0.0,0.0,18.475327572612407,0.0,3,11.253105350390182
mvad_Two11__018.000,mvad_Two11,18.0,20.0,Distance,1.84210997236862,1,1,0.4307033241228733,0.23166605660067252,0.3359633425437933,0.4006732120306309,0.7587766390352867,-0.3535856692458459,0.0,0.0,0.0,0.0,0.7640366574562067,-0.3629690439944133,0.8587766390352867,-0.5319761994243715,0.20263000921046,0.638527252268665,0.0,0.0,0.0,0.0,0.5561466298248267,0.0,2,-0.11578005526276039
mvad_Two11__018.000,mvad_Two11,18.0,20.0,Elevation,9.462080752342615,1,1,7.262639749219129,0.10396685613143852,11.070693584114204,-0.36585438897006006,13.095973082552462,-0.615724631589941,0.0,0.0,0.0,0.0,2.3787474190092817,0.7065204110456831,5.712080752342615,0.29526813234775195,8.095973082552462,0.001153786456955852,0.0,0.0,0.0,0.0,5.0,0.0,1,-2.5
mvad_Two11__018.500,mvad_Two11,18.5,20.5,Azimuth,10.898100578926162,1,1,4.978410918135725,0.7194128421424522,8.867299807024613,0.500232003416961,18.910477970753163,-0.065809422884755,0.0,0.0,0.0,0.0,12.243811304086497,0.3099291577875155,23.398100578926158,-0.31873536529291213,7.200633140357947,0.5941666485850285,0.0,0.0,0.0,0.0,11.709844830395216,0.0,2,0.0
mvad_Two11__018.500,mvad_Two11,18.5,20.5,Distance,1.852871069331847,1,1,1.0362044026651804,-0.8484905276476402,0.29904297688938425,0.4665356480653815,0.6028710693318471,-0.07546489687402902,0.0,0.0,0.0,0.0,0.8342903564439491,-0.4882949900886724,0.6676236897772823,-0.19097743979112924,0.1990429768893843,0.6449261782439071,0.0,0.0,0.0,0.0,0.40382809244246276,0.0,2,-0.09425786133630631
mvad_Two11__018.500,mvad_Two11,18.5,20.5,Elevation,9.449793388967748,1,1,6.066597796322583,0.25152934969554697,9.399931129655917,-0.15972292900238427,2.7332644629892493,0.6627816283934782,0.0,0.0,0.0,0.0,4.033126722301081,0.5024102335528486,11.066597796322583,-0.36534906835134984,8.933402203677417,-0.10216460383623738,0.0,0.0,0.0,0.0,-6.200137740688168,0.0,0,-17.5
mvad_Two11__019.000,mvad_Two11,19.0,21.0,Azimuth,11.984419803939016,1,1,9.272584379090782,0.4773898459354843,17.05036215686856,0.03902816848450197,20.939251045757448,-0.18015267024098924,0.0,0.0,0.0,0.0,16.494806601313,0.07033971687385798,32.81775313727235,-0.8496343976977501,11.282971176464775,0.36408286365834797,0.0,0.0,0.0,0.0,9.656279869292673,0.0,1,0.0
mvad_Two11__019.000,mvad_Two11,19.0,21.0,Distance,1.858835113127768,1,1,0.3637216289574107,0.3511550577289051,0.40294503770925605,0.281184210902398,0.8755017797944347,-0.5618122666977203,0.0,0.0,0.0,0.0,0.6696117043759227,-0.1945238695736704,1.1421684464611013,-1.0375203471737886,0.40294503770925605,0.281184210902398,0.0,0.0,0.0,0.0,0.4725567420851786,0.0,2,0.0
mvad_Two11__019.000,mvad_Two11,19.0,21.0,Elevation,9.434370064328098,1,1,12.648963269005234,-0.5605744902634506,15.98229660233857,-0.971826768961382,6.517703397661431,0.19587388775034642,0.0,0.0,0.0,0.0,1.0614566881093659,0.8690420554827591,4.017703397661431,0.5043130967737949,6.0614566881093666,0.25216363743586234,0.0,0.0,0.0,0.0,0.45624670955206437,0.0,1,-6.131259871343804
mvad_Two11__019.500,mvad_Two11,19.5,21.5,Azimuth,12.724022803671048,1,1,23.96356315677924,-0.35060528125678214,20.074674267890348,-0.1314244425312907,23.96356315677924,-0.35060528125678214,0.0,0.0,0.0,0.0,16.890689470337716,0.04802744677588611,15.630229823445907,0.11906794458355607,11.741340934557016,0.3382487833090474,0.0,0.0,0.0,0.0,12.222222222222225,0.0,2,0.0
mvad_Two11__019.500,mvad_Two11,19.5,21.5,Distance,1.8503897090911727,1,1,0.6003897090911731,-0.07103838518505157,0.5670563757578397,-0.011574875125542894,0.800389709091173,-0.4278194455421027,0.0,0.0,0.0,0.0,0.8670563757578398,-0.5467464656611201,0.9670563757578399,-0.7251369958396459,0.3667965696970577,0.34566965464077337,0.0,0.0,0.0,0.0,0.4335931393941153,0.0,2,0.0
mvad_Two11__019.500,mvad_Two11,19.5,21.5,Elevation,9.47045032917107,1,1,6.426516556942976,0.20712412656016543,11.426516556942977,-0.40975429148673137,4.75984989027631,0.412750265909131,0.0,0.0,0.0,0.0,3.093183223609643,0.6183764052580966,6.073483443057024,0.2506798283225926,6.906816776390357,0.14786675864810983,0.0,0.0,0.0,0.0,-2.146966886114048,0.0,0,-6.440900658342141
mvad_Two11__022.000,mvad_Two11,22.0,24.0,Separation-2,25.620781454523968,1,1,11.95973951515868,0.28986097579022396,14.95973951515868,0.1117285783471963,12.95973951515868,0.2304835099758814,0.0,0.0,0.0,0.0,9.879218545476032,0.4133970385435781,4.959739515158677,0.7055032364906217,17.120781454523968,-0.016588615530826578,0.0,0.0,0.0,0.0,-4.161041939365289,0.0,1,-18.0
mvad_Two11__022.500,mvad_Two11,22.5,24.5,Separation-2,24.927365564455226,1,1,15.19087814518159,0.09800415224463688,7.5726344355447734,0.5503561576789271,11.80912185481841,0.29880427076811455,0.0,0.0,0.0,0.0,10.572634435544773,0.37222376023589954,6.190878145181592,0.6324013445737198,12.19087814518159,0.27613654968766455,0.0,0.0,0.0,0.0,-0.3817562903631817,0.0,1,-14.999999999999996
mvad_Two11__023.000,mvad_Two11,23.0,25.0,Separation-2,25.67479177178654,1,1,5.825208228213459,0.6541138975678285,5.058263923928847,0.6996531067769927,8.058263923928846,0.5215207093339651,0.0,0.0,0.0,0.0,9.825208228213459,0.41660403431045834,15.941736076071152,0.053420111121813996,15.058263923928848,0.10587844863356732,0.0,0.0,0.0,0.0,-7.000000000000002,0.0,1,-18.349583543573083
mvad_Two11__023.500,mvad_Two11,23.5,25.5,Separation-2,27.87938231786955,1,1,14.206872560710151,0.15643191019771197,16.79312743928985,0.002866649557669243,16.62061768213045,0.013109841766042019,0.0,0.0,0.0,0.0,5.620617682130451,0.66626196572381,7.79312743928985,0.5372638418867521,14.793127439289849,0.12162158118635435,0.0,0.0,0.0,0.0,1.827490242840602,0.0,2,0.0
mvad_Two11__024.000,mvad_Two11,24.0,26.0,Separation-2,29.04126733457089,1,1,19.180422444856962,-0.1388848780241425,8.45873266542911,0.4977418903258205,9.45873266542911,0.43836442451147795,0.0,0.0,0.0,0.0,7.819577555143037,0.535693301036894,13.180422444856964,0.2173799168619125,13.819577555143036,0.17942850615083894,0.0,0.0,0.0,0.0,-4.360844889713926,0.0,0,-9.0
mvad_Two11__024.500,mvad_Two11,24.5,26.5,Separation-2,28.69267662186728,1,1,13.064225540622425,0.22427939457083124,13.064225540622425,0.22427939457083124,13.935774459377575,0.1725290284419202,0.0,0.0,0.0,0.0,2.0642255406224272,0.877431518528599,16.935774459377573,-0.00560336900110725,10.807323378132716,0.3582885255703797,0.0,0.0,0.0,0.0,3.128451081244858,0.0,2,-15.0
mvad_Two11__025.000,mvad_Two11,25.0,27.0,Separation-2,28.24597076718812,1,1,10.915323589062707,0.3518757467379424,5.084676410937293,0.698084800232577,13.254029232811881,0.21300933232641583,0.0,0.0,0.0,0.0,17.25402923281188,-0.02450053093095428,17.25402923281188,-0.02450053093095428,19.74597076718812,-0.17246570419971974,0.0,0.0,0.0,0.0,-6.491941534376238,0.0,1,-17.491941534376238
mvad_Two11__025.500,mvad_Two11,25.5,27.5,Separation-2,28.84633578314684,1,1,2.884554738951053,0.8287224495983341,10.653664216853159,0.36741241716631723,13.653664216853159,0.18928001972328956,0.0,0.0,0.0,0.0,14.653664216853159,0.129902553908947,15.653664216853159,0.07052508809460456,14.884554738951053,0.11619285982622363,0.0,0.0,0.0,0.0,-1.2308905220978943,0.0,1,-18.0
mvad_Two11__026.000,mvad_Two11,26.0,28.0,Separation-2,29.413985830416635,1,1,11.304661943472212,0.32875782190877967,14.304661943472212,0.150625424465752,13.086014169583365,0.22298564099956175,0.0,0.0,0.0,0.0,11.695338056527788,0.305560464361342,7.695338056527788,0.5430703276187121,6.695338056527788,0.6024477934330547,0.0,0.0,0.0,0.0,6.3906761130555765,0.0,2,0.0
mvad_Two11__026.500,mvad_Two11,26.5,28.5,Separation-2,30.00329220040596,1,1,13.49890259986468,0.1984693723453953,16.49890259986468,0.020336974902367633,5.498902599864681,0.6734890988601356,11.175,11.175,0.0,0.0,25.50109740013532,-0.5141905391047543,8.50109740013532,0.4952263797390688,11.49890259986468,0.3172243039740804,11.175,11.175,0.0,0.0,-5.999999999999999,0.0,1,-18.0
mvad_Two11__033.000,mvad_Two11,33.0,35.0,Separation-2,32.009892730757834,1,1,12.169964243585946,0.2773783641647044,12.169964243585945,0.2773783641647045,15.830035756414055,0.06005259303370436,0.0,0.0,0.0,0.0,11.830035756414055,0.2975624562910746,14.169964243585945,0.1586234325360194,11.830035756414057,0.2975624562910745,0.0,0.0,0.0,0.0,3.9999999999999982,0.0,2,0.0
mvad_Two11__033.500,mvad_Two11,33.5,35.5,Separation-2,31.139092002645576,1,1,13.879697334215193,0.17585874602421614,9.879697334215193,0.41336860928158625,6.360907997354424,0.6223054028389097,0.0,0.0,0.0,0.0,2.879697334215192,0.829010869981984,10.120302665784807,0.39908207443156296,12.879697334215193,0.2352362118385587,0.0,0.0,0.0,0.0,-6.518789336860769,0.0,1,-17.278184005291152
mvad_Two11__034.000,mvad_Two11,34.0,36.0,Separation-2,30.613050556915045,1,1,14.704350185638347,0.12689294953013763,16.295649814361653,0.032405610225243575,16.295649814361653,0.032405610225243575,0.0,0.0,0.0,0.0,2.7043501856383485,0.8394225393022481,15.886949443084953,0.05667320254903496,12.704350185638347,0.24564788115882275,0.0,0.0,0.0,0.0,3.5912996287233057,0.0,2,-19.22610111383009
mvad_Two11__034.500,mvad_Two11,34.5,36.5,Separation-2,30.29929351759022,1,1,2.4002354941365938,0.8574800990005328,17.400235494136595,-0.033181888214605326,10.400235494136593,0.38246037248579257,0.0,0.0,0.0,0.0,7.599764505863406,0.5487452428560418,10.400235494136593,0.38246037248579257,6.400235494136594,0.6199702357431627,0.0,0.0,0.0,0.0,3.999999999999999,0.0,1,-6.5985870351804365
mvad_Two11__035.000,mvad_Two11,35.0,37.0,Separation-2,29.606354441863783,1,1,19.368784813954594,-0.1500693581559458,5.8936455581362175,0.6500502623499149,8.893645558136217,0.47191786490688736,0.0,0.0,0.0,0.0,7.368784813954594,0.5624602316161647,22.631215186045406,-0.3437842060464409,13.106354441863784,0.22177788717757663,0.0,0.0,0.0,0.0,-4.212708883727567,0.0,1,-17.212708883727565
mvad_Two11__035.500,mvad_Two11,35.5,37.5,Separation-2,27.95242796087312,1,1,10.182524013042293,0.3953875285118592,19.182524013042293,-0.13900966381722357,10.182524013042293,0.3953875285118592,0.0,0.0,0.0,0.0,13.547572039126882,0.19557950437940075,21.182524013042293,-0.2577645954459087,13.547572039126882,0.19557950437940075,0.0,0.0,0.0,0.0,-3.3650480260845885,0.0,1,-18.0
mvad_Two11__036.000,mvad_Two11,36.0,38.0,Separation-2,25.40109619983044,1,1,13.098903800169559,0.2222202874000705,15.032967933389854,0.10738046044703642,19.032967933389852,-0.1301294028103337,0.0,0.0,0.0,0.0,13.967032066610146,0.17067303093703,9.032967933389854,0.46364525533309164,21.032967933389852,-0.2488843344390188,0.0,0.0,0.0,0.0,-2.0,0.0,0,-3.0
mvad_Two11__036.500,mvad_Two11,36.5,38.5,Separation-2,24.13689769558654,1,1,7.454367434804486,0.5573785524723484,13.545632565195513,0.19569466542645841,14.454367434804487,0.14173629177195046,0.0,0.0,0.0,0.0,17.63689769558654,-0.047234289990746525,16.454367434804485,0.022981360143265572,8.454367434804487,0.4980010866580058,0.0,0.0,0.0,0.0,6.0,0.0,2,-9.273795391173081
mvad_Two11__037.000,mvad_Two11,37.0,39.0,Separation-2,24.97674289294372,1,1,11.174419035685426,0.33649131571345003,23.82558096431457,-0.41470261921543883,9.174419035685426,0.45524624734213515,0.0,0.0,0.0,0.0,14.476742892943719,0.140407693771208,11.174419035685426,0.33649131571345003,11.825580964314574,0.2978269705566715,0.0,0.0,0.0,0.0,-2.651161928629147,0.0,1,-10.95348578588744
mvad_Two11__037.500,mvad_Two11,37.5,39.5,Separation-2,25.92713876497726,1,1,6.8576204116742465,0.5928118784380748,17.857620411674247,-0.06034024551969308,14.857620411674247,0.11779215192333448,0.0,0.0,0.0,0.0,14.857620411674247,0.11779215192333448,14.857620411674247,0.11779215192333448,15.857620411674247,0.05841468610899192,0.0,0.0,0.0,0.0,-1.0,0.0,2,-27.0
mvad_Two11__038.000,mvad_Two11,38.0,40.0,Separation-2,26.10442496888732,1,1,8.60442496888732,0.48909105055781776,19.60442496888732,-0.16406107339995013,11.798525010370895,0.2994334845370368,0.0,0.0,0.0,0.0,11.798525010370895,0.2994334845370368,14.798525010370895,0.12130108709400911,9.60442496888732,0.4297135847434752,0.0,0.0,0.0,0.0,2.1941000414835745,0.0,2,-7.208849937774639
mvad_Two12__005.500,mvad_Two12,5.5,7.5,Azimuth,-17.11526655477402,1,0,16.83748877699625,0.05102587972692163,15.726377665885133,0.11364897650563366,2.09397774048023,0.8819817663748946,11.896602,0.0,11.896601874217493,0.0,15.726377665885133,0.11364897650563366,26.837488776996242,-0.512581991281484,27.948599888107356,-0.5752050880601958,9.873155,0.0,9.873155185714465,0.0,-25.854622147627126,2.023446999999999,0,-36.666666666666664
mvad_Two12__011.500,mvad_Two12,11.5,13.5,Azimuth,14.460360979976969,1,0,1.568768562229901,0.9115829690536688,18.07147209108808,-0.018522391124597748,34.73813875775475,-0.9578688428052742,0.0,0.0,0.0,0.0,18.986786993325655,-0.0701102594598364,1.013213006674345,0.9428945174430247,8.627027646643635,0.5137739314944523,0.0,0.0,0.0,0.0,26.111111111111114,0.0,3,6.666666666666668
mvad_Two12__012.000,mvad_Two12,12.0,14.0,Azimuth,14.3378117759781,1,0,17.834826147548256,-0.005184839482472281,11.16815948088159,0.37055374118979834,17.393367331533653,0.01969612686071598,1.067824,1.0678244369398895,0.0,0.0,30.726700664866986,-0.7317810344838251,1.0540627413406345,0.9405921942443721,1.0540627413406345,0.9405921942443721,1.067824,1.0678244369398895,0.0,0.0,16.33930459019302,0.0,3,7.008956885289528
mvad_Two12__014.000,mvad_Two12,14.0,16.0,Separation-2,31.78103854226532,1,0,9.28103854226532,0.4489154512350455,6.09367951408844,0.6381727529686543,5.281038542265321,0.6864253144924155,7.8,7.8,0.0,0.0,17.09367951408844,-0.014979370989113727,18.28103854226532,-0.08548174109403739,18.09367951408844,-0.07435683680345617,10.325,10.325,0.0,0.0,-12.812640971823118,-2.5249999999999995,0,-17.437922915469358
mvad_Two12__026.500,mvad_Two12,26.5,28.5,Azimuth,14.236887334274291,1,0,17.80118466698032,-0.0032887791584257364,15.532148666353017,0.12459587579707254,14.467851333646985,0.18458051117770968,0.0,0.0,0.0,0.0,26.73688733427429,-0.5069120147861945,18.403554000940957,-0.037238788945856305,21.73688733427429,-0.2251080792819915,0.0,0.0,0.0,0.0,-7.269036000627304,0.0,1,-35.14044133521525
mvad_Two12__027.000,mvad_Two12,27.0,29.0,Azimuth,14.159277251474498,1,0,17.775314639380387,-0.0018307240405730507,15.553092417158167,0.12341546951685045,19.441981306047055,-0.09576536920864065,0.0,0.0,0.0,0.0,26.659277251474496,-0.5025378494326367,4.997536861602609,0.7183348889146124,1.1185005263032821,0.9369604299648425,0.0,0.0,0.0,0.0,18.32348077974377,0.0,2,0.0
mvad_Two12__027.500,mvad_Two12,27.5,29.5,Azimuth,14.159277251474498,1,0,24.992610584807824,-0.40860320426456886,24.437055029252274,-0.3772916558752133,31.659277251474496,-0.7843417849368397,14.788293,0.0,14.788293185613865,0.0,25.54816614036339,-0.4399147526539251,17.21975908382483,0.029480824348782964,6.659277251474496,0.624677892584175,11.75446,0.0,11.75446048010154,0.0,25.0,3.0338329999999996,3,21.666666666666664
mvad_Two12__029.500,mvad_Two12,29.5,31.5,Separation-2,31.83904492343081,1,0,9.339044923430809,0.44547117932037794,12.113014974476934,0.28075986744437653,12.886985025523066,0.23480348719706,0.0,0.0,0.0,0.0,9.339044923430809,0.44547117932037794,12.33904492343081,0.26733878187735016,17.113014974476936,-0.016127461627336137,0.0,0.0,0.0,0.0,-4.226029948953871,0.0,1,-12.678089846861617
mvad_Two12__030.000,mvad_Two12,30.0,32.0,Separation-2,32.848944834819946,1,0,11.348944834819946,0.32612841604161935,7.348944834819946,0.5636382792989895,6.651055165180054,0.605077199300215,0.0,0.0,0.0,0.0,19.348944834819942,-0.14889131047312087,21.348944834819946,-0.267646242101806,23.449648278273315,-0.3923806890015302,0.0,0.0,0.0,0.0,-16.79859311309326,0.0,0,-26.69788966963989
mvad_Two12__034.500,mvad_Two12,34.5,36.5,Azimuth,-18.03071950843753,1,0,25.53071950843753,-0.4389314467463252,14.621350947256955,0.17592915213497684,12.752941730659757,0.28123416620886,0.0,0.0,0.0,0.0,31.641830619548642,-0.7833584790292398,37.1973861751042,-1.0964739629227989,23.864052841770867,-0.34499680157825763,0.0,0.0,0.0,0.0,-11.11111111111111,0.0,0,-26.666666666666668
mvad_Two12__035.000,mvad_Two12,35.0,37.0,Azimuth,-16.655724089278667,1,0,19.155724089278667,-0.07963168715827851,20.274130251981777,-0.14266593878665645,15.829685807537333,0.10782644832819055,5.4,5.4,0.0,0.0,15.822390755945335,0.1082376031778568,18.600168533723114,-0.048320138768922716,22.489057422612003,-0.2675009774944139,7.4,7.3999999999999995,0.0,0.0,-6.6593716150746705,-2.0,1,-31.644781511890674
mvad_Two12__038.000,mvad_Two12,38.0,40.0,Azimuth,14.356181108559277,1,0,17.84094925840865,-0.0055299428300696896,16.72983814729754,0.05709315394864212,28.396504813964203,-0.6004493622278313,0.4,0.05,0.0,0.35000000000000003,26.85618110855928,-0.5136355058011266,27.41173666411483,-0.5449470541904822,20.745069997448166,-0.16920847351821178,0.35,0.0,0.0,0.35000000000000003,7.651434816516037,0.050000000000000044,2,-27.04569555045188
mvad_Two13__001.500,mvad_Two13,1.5,3.5,Azimuth,-15.776910421991367,3,0,14.943577088658037,0.1577682331811452,16.05468819976915,0.09514513640243327,6.092303473997123,0.6566329809483367,18.65,18.65,0.0,0.0,12.203414585108234,0.31220594866542195,15.536747918441568,0.12433665832928664,19.388021533102478,-0.09272415393370181,19.65,19.650000000000002,0.0,0.0,-13.295718059105354,-1.0,0,-28.33333333333333
mvad_Two13__002.000,mvad_Two13,2.0,4.0,Azimuth,-15.767577985205731,3,0,2.2003037728463544,0.8759891475014303,9.378689096316842,0.4714097005575114,8.267577985205733,0.5340327973362231,0.0,0.0,0.0,0.0,16.04535576298351,0.09567111988524069,28.267577985205733,-0.5931829446805887,27.156466874094622,-0.5305598479018769,0.0,0.0,0.0,0.0,-18.88888888888889,0.0,0,-23.333333333333336
mvad_Two13__002.500,mvad_Two13,2.5,4.5,Azimuth,-15.823246104274777,3,0,18.323246104274777,-0.03271257267933736,21.656579437608112,-0.22058186301547278,13.878801659830332,0.21777981443550964,0.0,0.0,0.0,0.0,8.885526479202705,0.49920473382677466,28.323246104274777,-0.5963204436877432,31.656579437608116,-0.7841897340238788,0.0,0.0,0.0,0.0,-17.777777777777786,0.0,0,-23.333333333333336
mvad_Two13__003.000,mvad_Two13,3.0,5.0,Azimuth,-15.920722811501854,3,0,21.198500589279632,-0.19476417856943318,22.8651672559463,-0.2886988237375008,7.806907603833952,0.5599965426243811,0.0,0.0,0.0,0.0,10.642945033724077,0.40015524082832865,20.642945033724075,-0.16345263018007716,24.531833922612964,-0.3826334689055684,0.0,0.0,0.0,0.0,-16.724926318779012,0.0,1,-38.33333333333333
mvad_Two13__005.500,mvad_Two13,5.5,7.5,Azimuth,14.516884483274398,3,0,2.661038505575202,0.850021775320137,19.23910670549662,-0.08433119703884961,16.227850383313687,0.08538557944176295,0.0,0.0,0.0,0.0,4.327705172241869,0.7560871301520694,18.127995594385506,-0.021708100260137586,3.45007260553591,0.8055511923969483,0.0,0.0,0.0,0.0,12.777777777777777,0.0,2,-2.3671022998821236
mvad_Two13__006.000,mvad_Two13,6.0,8.0,Azimuth,14.36164389776231,3,0,2.157229811857009,0.8784168298463407,7.287214632587436,0.5892868475346092,18.528310564428974,-0.04427016706003695,0.0,0.0,0.0,0.0,16.73165907703188,0.05699052491555934,7.84277018814299,0.5579752991452535,12.712785367412565,0.2834974104485789,0.0,0.0,0.0,0.0,5.8155251970164095,0.0,3,2.056621128857948
mvad_Two13__015.500,mvad_Two13,15.5,17.5,Azimuth,-15.307917576994042,3,0,28.363473132549597,-0.5985876706640398,13.158194747886903,0.2583937871829475,30.03013979921626,-0.6925223158321074,0.0,0.0,0.0,0.0,15.030139799216263,0.15288949068050128,17.39736080766865,0.019471051402479067,22.047083636775795,-0.24259098704674686,0.0,0.0,0.0,0.0,7.983056162440466,0.0,2,0.0
mvad_Two13__016.000,mvad_Two13,16.0,18.0,Azimuth,-14.987910416320377,3,0,20.821243749653718,-0.1735016861489409,19.710132638542603,-0.1108785893702291,15.273747916551239,0.1391595454433482,0.0,0.0,0.0,0.0,14.710132638542602,0.17092534613397403,22.49597013877346,-0.2678905836182781,0.8293034721067922,0.9532598035666012,0.0,0.0,0.0,0.0,14.444444444444446,0.0,3,8.333333333333334
mvad_Two13__025.500,mvad_Two13,25.5,27.5,Azimuth,-16.145642638194715,3,0,18.99299199050935,-0.07045997798506787,23.09008708263916,-0.30137548220449517,25.312309304861383,-0.42662167576191856,0.0,0.0,0.0,0.0,23.4374364349538,-0.3209523650999153,34.20119819375028,-0.9276064499916132,21.423420415972497,-0.20744083703642757,0.0,0.0,0.0,0.0,3.8888888888888857,0.0,2,-26.666666666666664
mvad_Two13__026.000,mvad_Two13,26.0,28.0,Azimuth,-16.134092003052366,3,0,18.43358622323968,-0.03893142863299959,16.967425336385702,0.043702552966556896,20.85631422527459,-0.17547828575893432,0.0,0.0,0.0,0.0,22.32247511212857,-0.2581122673584908,35.856314225274595,-1.0208900922715434,26.967425336385702,-0.5199053180418489,0.0,0.0,0.0,0.0,-6.111111111111111,0.0,1,-20.000000000000004
mvad_Two13__026.500,mvad_Two13,26.5,28.5,Azimuth,-16.145668325244145,3,0,31.979001658577484,-0.8023617041765136,18.645668325244145,-0.05088454283197219,20.86789054746637,-0.1761307363893958,0.0,0.0,0.0,0.0,19.75677943635526,-0.113507639610684,35.31233499191081,-0.9902309945126484,21.423446103021927,-0.20744228477875182,0.0,0.0,0.0,0.0,-0.5555555555555571,0.0,1,-26.666666666666664
mvad_Two13__032.500,mvad_Two13,32.5,34.5,Azimuth,14.425407083027444,3,0,1.7529134721202588,0.9012044169916348,12.86402458323137,0.27497344920451716,4.358197638990853,0.7543685507254505,0.0,0.0,0.0,0.0,13.419580138786927,0.24366190081516126,3.8026420834352983,0.7856800991148063,9.913753194546409,0.4412530668318916,0.0,0.0,0.0,0.0,-5.555555555555556,0.0,2,-21.666666666666668
mvad_Two13__035.000,mvad_Two13,35.0,37.0,Azimuth,-14.90139741346339,3,0,13.512508524574505,0.23842438384816278,23.512508524574503,-0.32518348716024303,34.62361963568562,-0.9514144549473611,0.0,0.0,0.0,0.0,17.467132471154464,0.015538665531083629,22.40139741346339,-0.262560390381531,20.244910248932243,-0.14101907641569578,0.0,0.0,0.0,0.0,14.378709386753378,0.0,3,3.3333333333333286
mvad_Two13__035.500,mvad_Two13,35.5,37.5,Azimuth,-14.77043862203015,3,0,12.27043862203015,0.30842842118982694,23.38154973314127,-0.3178025465972911,16.159327510919045,0.0892475824643354,0.0,0.0,0.0,0.0,13.13207601487884,0.2598658595333586,30.603771955363488,-0.7248526756589175,10.75681287401005,0.39373755972433844,0.0,0.0,0.0,0.0,5.402514636908995,0.0,2,-28.333333333333332
mvad_Two13__036.000,mvad_Two13,36.0,38.0,Azimuth,-14.718862317491183,3,0,19.996640095268962,-0.12702637514158654,22.218862317491187,-0.2522725686990104,19.441084539713408,-0.09571482675223075,0.0,0.0,0.0,0.0,10.739620772497062,0.39470652009752794,31.66330676193563,-0.7845688913180602,16.850731883608173,0.05027948781461322,0.0,0.0,0.0,0.0,2.5903526561052352,0.0,1,-18.333333333333336
mvad_Two13__036.500,mvad_Two13,36.5,38.5,Azimuth,-14.997395752045788,3,0,14.167534749318067,0.20150659024992346,16.38802080623749,0.07635824833550298,21.38802080623749,-0.20544568716870004,0.0,0.0,0.0,0.0,17.49739575204579,0.013833003199794747,31.941840196490237,-0.8002672549234584,17.497395752045794,0.013833003199794525,0.0,0.0,0.0,0.0,3.8906250541916947,0.0,1,-10.0
mvad_Two13__037.000,mvad_Two13,37.0,39.0,Azimuth,-15.2357030129649,3,0,22.578567670988303,-0.27254584554649397,18.29125856852046,-0.030909729986807744,9.800789893210522,0.4476197674086916,0.0,0.0,0.0,0.0,6.4674565598771885,0.6354890577448269,13.134123226543858,0.25975047707255616,8.291258568520455,0.5326981410215983,0.0,0.0,0.0,0.0,1.5095313246900677,0.0,2,-8.804739359263131
mvad_Two13__037.500,mvad_Two13,37.5,39.5,Azimuth,-15.403185525130484,3,0,25.680963302908264,-0.4473993052597125,26.79207441401938,-0.5100224020384245,7.903185525130485,0.5545702431996757,0.0,0.0,0.0,0.0,7.9211603805120605,0.5535571662023464,36.792074414019375,-1.0736302730468301,8.45874108068604,0.5232586948103198,0.0,0.0,0.0,0.0,-0.5555555555555562,0.0,1,-3.333333333333334
mvad_Two13__038.000,mvad_Two13,38.0,40.0,Azimuth,-15.509287367963523,3,0,14.891984678210065,0.16067602204242248,31.342620701296863,-0.7664947725281914,19.120398479074638,-0.07764070796236178,21.35,21.349999999999998,0.0,0.0,22.66976245598784,-0.2776856554085596,14.891984678210065,0.16067602204242248,14.120398479074638,0.20416322754184113,21.4,21.4,0.0,0.0,5.0,-0.04999999999999716,1,-10.0
mvad_Two14__002.000,mvad_Two14,2.0,4.0,Azimuth,14.89941857135463,0,0,18.022028412673766,-0.015735706492006285,18.51052968246574,-0.043268022557241936,21.288307460243516,-0.19982576450402112,0.0,0.0,0.0,0.0,26.843863015799073,-0.5129412483975802,22.399418571354627,-0.2624488612827329,15.732751904687964,0.11328971938953736,0.0,0.0,0.0,0.0,5.555555555555552,0.0,2,-30.000000000000004
mvad_Two14__002.500,mvad_Two14,2.5,4.5,Azimuth,15.07010701964729,0,0,18.078924562104653,-0.018942418256937987,21.458995908536178,-0.20944589979881667,24.236773686313953,-0.3660036417455961,0.0,0.0,0.0,0.0,27.014551464091735,-0.5225613836923757,4.7455912287713184,0.7325347430876032,26.412257895437985,-0.4886156440972762,0.0,0.0,0.0,0.0,-2.1754842091240327,0.0,1,-40.0
mvad_Two14__003.000,mvad_Two14,3.0,5.0,Azimuth,15.31093223000452,0,0,18.159199632223732,-0.023466784393424422,33.922043341115625,-0.911873062774105,24.477598896671182,-0.37957674015505494,0.0,0.0,0.0,0.0,27.255376674448968,-0.5361344821018348,5.936977410001506,0.6653872801724051,37.81093223000452,-1.1310539014995964,0.0,0.0,0.0,0.0,-13.333333333333336,0.0,1,-40.0
mvad_Two14__003.500,mvad_Two14,3.5,5.5,Azimuth,15.34604591362626,0,0,19.512712580292924,-0.09975183949778321,20.948681971208753,-0.1806842046225141,21.179379246959595,-0.19368648466585126,0.0,0.0,0.0,0.0,26.179379246959588,-0.47549042017005383,15.948681971208751,0.10111973088168891,5.948681971208752,0.6647276018900947,0.0,0.0,0.0,0.0,15.230697275750842,0.0,2,-0.974574839414152
mvad_Two14__004.000,mvad_Two14,4.0,6.0,Azimuth,15.222053992635832,0,0,18.12957355310083,-0.02179703525534582,19.240684664211944,-0.08442013203405785,26.61094288152472,-0.4998136862982443,0.0,0.0,0.0,0.0,27.722053992635825,-0.5624367830769554,26.462906886434173,-0.4914702610956847,26.055387325969164,-0.4685021379088883,0.0,0.0,0.0,0.0,0.5555555555555571,0.0,1,-1.6666666666666643
mvad_Two14__004.500,mvad_Two14,4.5,6.5,Azimuth,15.074822219001373,0,0,18.080496295222677,-0.019031002372582373,20.908155552334705,-0.17840010375639426,24.79704444122359,-0.39758094248188547,0.0,0.0,0.0,0.0,27.019266663445816,-0.5228271360393091,18.636051850778234,-0.050342550761938165,6.4138296285560115,0.6385115138038912,0.0,0.0,0.0,0.0,18.38321481266758,0.0,3,6.8163111046694045
mvad_Two14__012.500,mvad_Two14,12.5,14.5,Azimuth,15.51828203764856,0,0,26.907170926537447,-0.5165093320765046,16.56164956810508,0.06657239465330123,8.018282037648559,0.5480833131615953,0.0,0.0,0.0,0.0,28.01828203764856,-0.5791324288552167,5.450538456993965,0.692803362440419,13.228316234771741,0.25444168498943676,0.0,0.0,0.0,0.0,-5.210034197123182,0.0,1,-18.333333333333336
mvad_Two14__013.000,mvad_Two14,13.0,15.0,Azimuth,15.541713214851058,0,0,18.236126627172577,-0.027802450378043853,12.4861576592955,0.2962703264569162,9.708379881517722,0.4528280684036957,0.0,0.0,0.0,0.0,28.041713214851058,-0.5804530284450486,6.569459960505907,0.62974006579843,1.5694599605059085,0.9115440013026328,0.0,0.0,0.0,0.0,8.138919921011814,0.0,3,7.750093096368776
mvad_Two14__018.000,mvad_Two14,18.0,20.0,Azimuth,16.094450139530384,0,0,27.483339028419277,-0.548982619800962,29.705561250641495,-0.6742288133583851,26.92778347286372,-0.517671071411606,0.0,0.0,0.0,0.0,28.038894583974827,-0.5802941681903175,18.594450139530384,-0.04799784557126752,26.92778347286372,-0.517671071411606,0.0,0.0,0.0,0.0,0.0,0.0,1,-3.3333333333333286
mvad_Two14__018.500,mvad_Two14,18.5,20.5,Azimuth,16.003947118251222,0,0,27.392836007140108,-0.5438817982866637,13.27646207169404,0.2517281477248673,25.726169340473444,-0.44994715311859634,0.0,0.0,0.0,0.0,28.50394711825122,-0.6065048950653755,12.834649039417073,0.27662907797540615,25.726169340473444,-0.44994715311859634,0.0,0.0,0.0,0.0,0.0,0.0,1,-3.3333333333333286
mvad_Two14__027.000,mvad_Two14,27.0,29.0,Azimuth,15.271003182200394,0,0,26.659892071089278,-0.5025725011500508,12.590334394066796,0.2903988436876105,5.9236677274001295,0.6661374243598811,0.0,0.0,0.0,0.0,27.215447626644835,-0.5338840495394068,8.882114293311503,0.4993970473093372,9.81255661628902,0.4469565856343898,0.0,0.0,0.0,0.0,-3.888888888888891,0.0,1,-21.666666666666664
mvad_Two1__008.000,mvad_Two1,8.0,10.0,Azimuth,-18.24060341863761,4,1,0.802423361768092,0.9547747877426478,26.296158974193172,-0.48207221751436014,19.073936751970948,-0.0750220884527335,19.35,0.0,19.35,0.0,2.40727008530428,0.8643243632279431,14.629492307526503,0.1754702986621136,14.691312250656983,0.17198607800875054,0.0,0.0,0.0,0.0,4.382624501313964,19.35,2,-28.333333333333336
mvad_Two1__008.000,mvad_Two1,8.0,10.0,Distance,1.1292096223079406,4,1,0.40693012589735317,0.27407519095556976,0.6207903776920595,-0.10743124606213672,0.5207903776920594,0.07095928411638908,19.35,0.0,19.35,0.0,0.24026345923068648,0.5713927412531126,0.5735967925640197,-0.02324235934197283,0.6402634592306865,-0.14216937946099018,0.0,0.0,0.0,0.0,-0.11947308153862712,19.35,1,-0.9000000000000001
mvad_Two1__008.000,mvad_Two1,8.0,10.0,Elevation,14.321785876257623,4,1,4.73845254292429,0.4153901782661138,8.976071374580792,-0.10742894196548658,5.642738041247459,0.30382333673244444,19.35,0.0,19.35,0.0,7.309404707914126,0.09819719738347887,11.094880790409043,-0.36883850208128677,5.642738041247459,0.30382333673244444,0.0,0.0,0.0,0.0,0.0,19.35,1,-1.3564282474847538
mvad_Two1__008.500,mvad_Two1,8.5,10.5,Azimuth,-17.82796718674333,4,1,0.6648779511366646,0.9625269553479434,27.550189408965554,-0.5527503598665409,28.105744964521108,-0.5840619082558967,30.0,0.0,30.0,0.0,2.5501894089655526,0.856269317654474,10.327967186743331,0.4179076402034916,19.216856075632222,-0.08307713402620265,0.0,0.0,0.0,0.0,8.888888888888886,30.0,2,-21.66666666666667
mvad_Two1__008.500,mvad_Two1,8.5,10.5,Distance,1.1322129119050848,4,1,0.3392623626983051,0.39478807248630077,0.8844537547615822,-0.5777817423030636,0.3844537547615819,0.3141709085895652,30.0,0.0,30.0,0.0,0.584453754761582,-0.04261015176748639,0.5844537547615819,-0.04261015176748617,0.23926236269830511,0.5731786026648265,0.0,0.0,0.0,0.0,0.14519139206327678,30.0,1,-0.16442582381016949
mvad_Two1__008.500,mvad_Two1,8.5,10.5,Elevation,14.257909944131317,4,1,5.169303314710439,0.3622336697633689,10.664030018622894,-0.315681993578542,5.664030018622895,0.3011964244683547,30.0,0.0,30.0,0.0,3.5026366480437723,0.5678598091123346,9.492090055868683,-0.17109309952459073,7.825423389202016,0.034533039824374945,0.0,0.0,0.0,0.0,-2.1613933705791215,30.0,0,-5.0
mvad_Two1__009.000,mvad_Two1,9.0,11.0,Azimuth,-17.298046679288756,4,1,1.1784288846815254,0.9335828205169835,22.15490444865181,-0.24866785286993065,11.043793337540697,0.3775631149171871,30.0,0.0,30.0,0.0,1.464713345955424,0.9174476029448465,34.2424911237332,-0.9299337520271507,22.575824457066535,-0.27239123585067704,0.0,0.0,0.0,0.0,-11.532031119525838,30.0,1,-31.26276002524418
mvad_Two1__009.000,mvad_Two1,9.0,11.0,Distance,1.1284256204487173,4,1,0.25947520681623903,0.5371208028786852,0.4738581265170943,0.15468197581212662,0.2882410462179494,0.48580526945967095,30.0,0.0,30.0,0.0,0.654907712884616,-0.16829334119492323,0.7738581265170942,-0.3804896147234502,0.6261418734829057,-0.11697780777590894,0.0,0.0,0.0,0.0,-0.33790082726495635,30.0,1,-1.3
mvad_Two1__009.000,mvad_Two1,9.0,11.0,Elevation,14.35706062766486,4,1,6.035686875888286,0.2553430056351236,8.130979790778381,-0.0031651901013312056,5.6309797907783805,0.30527401892211736,30.0,0.0,30.0,0.0,7.2976464574450475,0.0996478795731518,9.773727294331527,-0.2058402863498019,4.773727294331526,0.411038131697095,0.0,0.0,0.0,0.0,0.8572524964468542,30.0,2,-1.214121255329719
mvad_Two1__009.500,mvad_Two1,9.5,11.5,Azimuth,-16.981746049803057,4,1,1.8394179833989803,0.8963289546481925,26.148412716469725,-0.4737451221378628,15.037301605358612,0.15248584564925483,30.0,0.0,30.0,0.0,0.9383597943787976,0.9471133034050281,23.926190494247507,-0.3484989285804396,4.0616402056212015,0.7710827610907691,0.0,0.0,0.0,0.0,10.975661399737412,30.0,2,-6.036507900393882
mvad_Two1__009.500,mvad_Two1,9.5,11.5,Distance,1.1206379305645708,4,1,0.25687931018819027,0.541751636636348,0.74312068981181,-0.32565693842160504,0.7097873564784765,-0.26619342836209614,30.0,0.0,30.0,0.0,0.5431206898118098,0.03112412193544667,0.9626954027687624,-0.7173574330034882,0.40978735647847636,0.26897816217348114,0.0,0.0,0.0,0.0,0.3000000000000001,30.0,2,-0.0999999999999999
mvad_Two1__009.500,mvad_Two1,9.5,11.5,Elevation,14.495476424015957,4,1,6.081825474671985,0.24965062446940578,8.084841191994682,0.0025271910643865914,6.7545235759840425,0.1666560363572992,30.0,0.0,30.0,0.0,7.251507858661348,0.10534026073886948,5.087856909317376,0.37228217570626465,3.9181745253280145,0.5165925394368007,0.0,0.0,0.0,0.0,2.836349050656028,30.0,2,0.0
mvad_Two1__010.000,mvad_Two1,10.0,12.0,Azimuth,-16.97272939324949,4,1,2.806062726582825,0.8418480960754612,29.472729393249494,-0.6611062266136214,15.028284948805046,0.15299403150963176,10.65,0.0,10.65,0.0,2.2505071710272695,0.8731596444648171,30.028284948805048,-0.6924177750029772,25.028284948805048,-0.41061383949877417,0.0,0.0,0.0,0.0,-10.000000000000002,10.65,1,-33.333333333333336
mvad_Two1__010.000,mvad_Two1,10.0,12.0,Distance,1.114464627290908,4,1,0.335535372709092,0.4014366696877587,0.8022020393757586,-0.43105247114536094,0.6548215424303027,-0.16813962126461623,10.65,0.0,10.65,0.0,0.7355353727090921,-0.31212545102634404,0.48815487576363603,0.12917792903292646,0.35482154243030267,0.3670319692709607,0.0,0.0,0.0,0.0,0.3,10.65,2,-0.09999999999999992
mvad_Two1__010.000,mvad_Two1,10.0,12.0,Elevation,14.61061145266628,4,1,8.04646284911124,0.007262145353426508,7.472721880667053,0.07804782954993539,6.63938854733372,0.18086089922441817,10.65,0.0,10.65,0.0,6.95353715088876,0.1421026005058832,6.63938854733372,0.18086089922441817,4.972721880667053,0.38648703857338385,0.0,0.0,0.0,0.0,1.666666666666667,10.65,2,0.0
mvad_Two1__010.500,mvad_Two1,10.5,12.5,Azimuth,-17.190246120107236,4,1,2.6745264844801895,0.8492615822126524,21.356912786773904,-0.20369241470658417,14.134690564551681,0.20335771435504246,0.0,0.0,0.0,0.0,1.5634153733690794,0.9118846789913642,23.023579453440576,-0.297627059874652,11.91246834232946,0.32860390791246596,0.0,0.0,0.0,0.0,2.2222222222222214,0.0,1,-8.333333333333336
mvad_Two1__010.500,mvad_Two1,10.5,12.5,Distance,1.111224570073951,4,1,0.3387754299260492,0.3956567144403411,0.7462584766420166,-0.33125445298388256,0.6795918099753497,-0.212327432864865,0.0,0.0,0.0,0.0,0.7387754299260493,-0.3179054062737616,0.2462584766420163,0.5606981979087463,0.44625847664201634,0.20391713755169494,0.0,0.0,0.0,0.0,0.2333333333333334,0.0,2,-0.6000000000000001
mvad_Two1__010.500,mvad_Two1,10.5,12.5,Elevation,14.647309831287515,4,1,6.965769943762505,0.14059337132263294,10.534230056237496,-0.2996678344867718,9.700896722904162,-0.19685476481228892,0.0,0.0,0.0,0.0,11.367563389570828,-0.4024809041612545,6.367563389570829,0.21439751388564232,4.936023502045818,0.3910147261231345,0.0,0.0,0.0,0.0,4.764873220858344,0.0,3,2.5
mvad_Two1__011.000,mvad_Two1,11.0,13.0,Azimuth,-17.482876103321157,4,1,1.6723746322262805,0.905743649400248,23.87176499221005,-0.34543146444725004,13.327625367773722,0.24884454408714296,0.0,0.0,0.0,0.0,3.8717649922100468,0.7817842775695618,9.427320547765603,0.4686687936760029,9.982876103321159,0.4373572452866471,0.0,0.0,0.0,0.0,3.344749264452563,0.0,2,-1.6666666666666625
mvad_Two1__011.000,mvad_Two1,11.0,13.0,Distance,1.1078784618403692,4,1,0.25787846184036917,0.5399692447067385,0.4526261539467898,0.1925578042476519,0.7192928206134566,-0.2831502762284166,0.0,0.0,0.0,0.0,1.142121538159631,-1.037436667206098,0.28070717938654366,0.49924497444315963,0.4754548714929642,0.1518335339840733,0.0,0.0,0.0,0.0,0.24383794912049234,0.0,1,-0.08424307631926164
mvad_Two1__011.000,mvad_Two1,11.0,13.0,Elevation,14.626710841872084,4,1,5.876710841872085,0.27495678250938027,4.458903613957362,0.44987971847967834,5.876710841872085,0.27495678250938027,0.0,0.0,0.0,0.0,9.123289158127916,-0.12559203665007068,5.541096386042639,0.31636344542652794,9.707763052709305,-0.19770190294588597,0.0,0.0,0.0,0.0,-3.8310522108372203,0.0,1,-10.746578316255832
mvad_Two1__011.500,mvad_Two1,11.5,13.5,Azimuth,-17.710947749251577,4,1,0.6258714719727472,0.9647253912156543,13.403649249750524,0.24455977826046904,27.29253813863942,-0.5382289314734283,0.0,0.0,0.0,0.0,2.988725527029356,0.8315530768682509,0.6258714719727472,0.9647253912156543,13.818572972471697,0.2211743506610928,0.0,0.0,0.0,0.0,13.473965166167721,0.0,2,0.0
mvad_Two1__011.500,mvad_Two1,11.5,13.5,Distance,1.106812888117291,4,1,0.48106237062756957,0.1418302865480945,0.5143957039609031,0.0823667764885857,0.08560429603909699,0.8472900424402603,0.0,0.0,0.0,0.0,1.1431871118827093,-1.0393375498201403,0.5098537785493759,0.0904691413105223,0.24772903729423643,0.5580748569646541,0.0,0.0,0.0,0.0,-0.16212474125513943,0.0,0,-0.4863742237654183
mvad_Two1__011.500,mvad_Two1,11.5,13.5,Elevation,14.635103940108502,4,1,6.128367980036167,0.2439084110532066,5.5382986866305,0.31670861350403423,1.9617013133695007,0.7579737594256205,0.0,0.0,0.0,0.0,9.114896059891498,-0.12455653241755194,3.2815627265581644,0.5951349553038277,8.628367980036167,-0.06453079797024164,0.0,0.0,0.0,0.0,-6.666666666666666,0.0,0,-10.0
mvad_Two1__012.000,mvad_Two1,12.0,14.0,Azimuth,-17.85677421876367,4,1,0.6744802951434452,0.9619857596817082,12.896702517365666,0.27313169511587876,30.35677421876368,-0.7109316888120261,0.0,0.0,0.0,0.0,2.578996440985895,0.8546457306557684,14.245663107652561,0.1971032144792949,2.3411469618101126,0.8680511145136405,0.0,0.0,0.0,0.0,28.015627256953564,0.0,3,5.0
mvad_Two1__012.000,mvad_Two1,12.0,14.0,Distance,1.1069635910423707,4,1,0.6763697422909626,-0.2065795692399759,0.18101213631920965,0.6770914903326863,0.709703075624296,-0.26604307929948456,0.0,0.0,0.0,0.0,0.5430364089576294,0.031274470998058135,0.5810121363192098,-0.036470630381416624,0.15232119701412355,0.7282734090722284,0.0,0.0,0.0,0.0,0.5573818786101725,0.0,3,0.2860728179152588
mvad_Two1__012.000,mvad_Two1,12.0,14.0,Elevation,14.627536140509386,4,1,6.125845380169795,0.24421963853619322,4.707487953163538,0.4192104556955305,6.71086947384272,0.1720418910513385,0.0,0.0,0.0,0.0,4.122463859490614,0.4913882031803851,7.455797192823947,0.08013592448245399,3.6258453801697956,0.5526588475596415,0.0,0.0,0.0,0.0,3.0850240936729247,0.0,2,0.0
mvad_Two1__015.000,mvad_Two1,15.0,17.0,Azimuth,9.265302017814514,4,1,4.967121549617386,0.7200491198380171,5.588434005938171,0.685031460764221,9.967121549617383,0.4382451843338143,0.0,0.0,0.0,0.0,30.09863535114785,-0.6963827790518782,11.699545117049283,0.34060442848130634,25.654190906703406,-0.44589039193703117,0.0,0.0,0.0,0.0,-15.687069357086022,0.0,0,-20.197270702295697
mvad_Two1__015.000,mvad_Two1,15.0,17.0,Distance,1.16466557219304,4,1,0.14799890552637315,0.7359839677730876,0.5382218573976799,0.03986317505157044,0.3186677611402935,0.43152689139379263,0.0,0.0,0.0,0.0,0.23822185739767998,0.5750347655871473,0.19511147593565334,0.6519396036392415,0.2951114759356534,0.47354907346071573,0.0,0.0,0.0,0.0,0.023556285204640093,0.0,1,-0.0293311443860797
mvad_Two1__015.000,mvad_Two1,15.0,17.0,Elevation,6.589260381308552,4,1,7.994072952024781,0.013725784720693412,5.946420127102851,0.2663563517901133,17.160739618691448,-1.1172179816986172,0.0,0.0,0.0,0.0,4.886913206230482,0.3970737424416104,14.660739618691446,-0.8087787726751687,13.827406285358114,-0.7059657030006861,0.0,0.0,0.0,0.0,3.333333333333334,0.0,1,0.0
mvad_Two1__015.500,mvad_Two1,15.5,17.5,Azimuth,9.882210830985889,4,1,13.016292499217519,0.2663915096093331,9.205929723004706,0.4811465548164314,6.349625832550852,0.6421300902816038,0.0,0.0,0.0,0.0,17.937766386541444,-0.010986632376476901,4.761485278560261,0.7316389419312785,20.238514721439742,-0.1406586194522934,0.0,0.0,0.0,0.0,-13.88888888888889,0.0,0,-30.000000000000007
mvad_Two1__015.500,mvad_Two1,15.5,17.5,Distance,1.1635947609888089,4,1,0.09546841300373032,0.829693391889621,0.4954684130037305,0.11613127117551791,0.3197385723445245,0.42961666560935385,0.0,0.0,0.0,0.0,0.4954684130037304,0.11613127117551814,0.1711982536629362,0.694598527634311,0.3954684130037305,0.2945218013540437,0.0,0.0,0.0,0.0,-0.07572984065920596,0.0,0,-0.20000000000000018
mvad_Two1__015.500,mvad_Two1,15.5,17.5,Elevation,6.536954388708367,4,1,12.213045611291632,-0.5067928512456354,18.046378944624966,-1.226484338967015,17.213045611291633,-1.1236712692925326,0.0,0.0,0.0,0.0,8.046378944624967,0.0072724971267782434,13.8797122779583,-0.7124189905946012,12.213045611291633,-0.5067928512456357,0.0,0.0,0.0,0.0,5.0,0.0,2,0.0
mvad_Two1__016.000,mvad_Two1,16.0,18.0,Azimuth,9.488250470574368,4,1,12.884972379080343,0.27379281494244134,5.662750156858123,0.6808429440040678,7.670583176475212,0.567679894651391,0.0,0.0,0.0,0.0,5.877139359463254,0.6687597997993209,10.662750156858122,0.39903900849986484,19.551639045747013,-0.1019457657298295,0.0,0.0,0.0,0.0,-11.881055869271801,0.0,1,-22.309834274482068
mvad_Two1__016.000,mvad_Two1,16.0,18.0,Distance,1.1620581696736862,4,1,0.4040193898912287,0.2792676683489924,0.3626472767754379,0.353071600282311,0.6879418303263138,-0.2272230784389646,0.0,0.0,0.0,0.0,0.5959806101087713,-0.06317297013424916,0.22931394344210454,0.5909256405203452,0.462647276775438,0.1746810701037852,0.0,0.0,0.0,0.0,0.22529455355087585,0.0,1,-0.02411633934737248
mvad_Two1__016.000,mvad_Two1,16.0,18.0,Elevation,6.593526989019318,4,1,17.989806344314015,-1.2195046557300913,8.218824336993562,-0.014003071041984727,6.323139677647348,0.2198783197126678,0.0,0.0,0.0,0.0,7.989806344314016,0.014252180363702016,13.82313967764735,-0.7054393073576775,12.156473010980683,-0.4998131680087119,0.0,0.0,0.0,0.0,-5.833333333333335,0.0,1,-15.0
mvad_Two1__016.500,mvad_Two1,16.5,18.5,Azimuth,9.171412710245905,4,1,13.334915347859747,0.24843367507154523,24.449190488023678,-0.3779756198833992,11.668248681193077,0.34236832023961306,0.0,0.0,0.0,0.0,17.22696826580146,0.02907450917822685,14.446026458970858,0.18581057829283343,26.671412710245903,-0.5032218134408231,0.0,0.0,0.0,0.0,-15.003164029052826,0.0,0,-30.000000000000004
mvad_Two1__016.500,mvad_Two1,16.5,18.5,Distance,1.1600026257136034,4,1,0.11000262571360331,0.8037657327792038,0.3966657914287988,0.292385791633321,0.42999912476213226,0.23292228157381223,0.0,0.0,0.0,0.0,0.35666404095306325,0.36374512638767653,0.62333070761973,-0.11196295408839196,0.29666579142879895,0.47077632181184637,0.0,0.0,0.0,0.0,0.1333333333333333,0.0,3,0.02000525142720669
mvad_Two1__016.500,mvad_Two1,16.5,18.5,Elevation,6.606816540143919,4,1,16.30985012652275,-1.0122389089262667,12.38106115328536,-0.527521883596112,9.047727819952028,-0.11626960489818106,0.0,0.0,0.0,0.0,8.809850126522749,-0.0869212818559213,9.047727819952028,-0.11626960489818106,11.309850126522747,-0.39536049087936953,0.0,0.0,0.0,0.0,-2.2621223065707188,0.0,1,-21.786366919712165
mvad_Two1__017.000,mvad_Two1,17.0,19.0,Azimuth,9.286588529345355,4,1,7.102300359543535,0.5997087615095433,21.786588529345355,-0.2279092777560492,9.324522581765757,0.4744625679521197,0.0,0.0,0.0,0.0,9.404470490218216,0.46995664090467315,15.119921862678687,0.14782930291622143,12.73780382355155,0.28208735056853784,0.0,0.0,0.0,0.0,-3.4132812417857927,0.0,2,-15.239843725357375
mvad_Two1__017.000,mvad_Two1,17.0,19.0,Distance,1.158684108305614,4,1,0.2637719638981287,0.5294557951398189,0.597105297231462,-0.06517930545526651,0.6579825583610527,-0.17377857434250887,0.0,0.0,0.0,0.0,0.042017441638947266,0.9250448630928294,1.0246492250277193,-0.8278771849971029,0.29710529723146206,0.4699922850803103,0.0,0.0,0.0,0.0,0.3608772611295906,0.0,3,0.09999999999999992
mvad_Two1__017.000,mvad_Two1,17.0,19.0,Elevation,6.691558088024105,4,1,9.852813970658632,-0.215597659106052,7.647186029341369,0.05652319594191324,9.019480637325296,-0.1127845894315691,0.0,0.0,0.0,0.0,11.22510857864256,-0.38490544447953456,5.686147303991965,0.2984676892663619,13.72510857864256,-0.6933446535029828,0.0,0.0,0.0,0.0,-4.705627941317264,0.0,1,-21.616883823951785
mvad_Two1__017.500,mvad_Two1,17.5,19.5,Azimuth,9.05269401168946,4,1,5.0379908849924036,0.7160548683149677,23.850898003896486,-0.34425538456147353,5.037990884992403,0.7160548683149677,0.0,0.0,0.0,0.0,15.517564670563154,0.12541784127886457,10.517564670563152,0.4072217767830676,14.482435329436848,0.18375854569591765,0.0,0.0,0.0,0.0,-9.444444444444446,0.0,1,-21.438721356712254
mvad_Two1__017.500,mvad_Two1,17.5,19.5,Distance,1.1581925316586317,4,1,0.4972691561137896,0.11291891599433035,0.16939751055287713,0.6978108828154985,0.46393582278045614,0.17238242605383902,0.0,0.0,0.0,0.0,0.3972691561137894,0.29130944617285637,0.3360641772195439,0.4004933325179556,0.3360641772195439,0.4004933325179556,0.0,0.0,0.0,0.0,0.12787164556091224,0.0,2,-0.016385063317263304
mvad_Two1__017.500,mvad_Two1,17.5,19.5,Elevation,6.717983928444528,4,1,9.322661309481509,-0.15018971211599297,7.344005357185156,0.0939283186263371,15.365349404888804,-0.8957104867251264,0.0,0.0,0.0,0.0,11.19868273822214,-0.38164513835271263,15.365349404888804,-0.8957104867251264,8.177338690518491,-0.00888475104814579,0.0,0.0,0.0,0.0,7.1880107143703125,0.0,2,-12.5
mvad_Two1__018.000,mvad_Two1,18.0,20.0,Azimuth,9.099219492180124,4,1,6.178558285597657,0.6517715918752958,18.31085094183782,-0.03201397156814778,2.755295386282263,0.8447093833338171,0.0,0.0,0.0,0.0,11.64418427517115,0.34372460910412295,14.46692683593996,0.1846326165961506,7.289669396708767,0.5891484950965842,0.0,0.0,0.0,0.0,-4.534374010426504,0.0,0,-8.468227682306424
mvad_Two1__018.000,mvad_Two1,18.0,20.0,Distance,1.1545940431997237,4,1,0.2712607098663903,0.5160965815033141,0.3015313477332412,0.4620966301242172,0.331801985600092,0.40809667874512057,0.0,0.0,0.0,0.0,1.0954059568002765,-0.954100493943165,0.3984686522667588,0.2891696586261031,0.6984686522667589,-0.24600193190947395,0.0,0.0,0.0,0.0,-0.3666666666666669,0.0,0,-0.40000000000000047
mvad_Two1__018.000,mvad_Two1,18.0,20.0,Elevation,6.770263715273988,4,1,6.4932454282420045,0.19889140644716552,10.65991209490867,-0.3151739419252484,16.979736284726012,-1.094886571635055,0.0,0.0,0.0,0.0,8.159912094908671,-0.006734732901800156,16.146402951392677,-0.992073501960572,4.3400879050913295,0.4645386877845581,0.0,0.0,0.0,0.0,12.639648379634682,0.0,3,7.5
mvad_Two1__018.500,mvad_Two1,18.5,20.5,Azimuth,9.143265727025362,4,1,5.578956495196862,0.6855656207293579,26.087710171469798,-0.4703238789226427,19.976599060358694,-0.12589684663972855,0.0,0.0,0.0,0.0,11.64326572702536,0.34377637920060977,11.658866353452895,0.34289711561588776,8.341133646547101,0.5298871423673007,0.0,0.0,0.0,0.0,11.635465413811593,0.0,2,-6.6666666666666625
mvad_Two1__018.500,mvad_Two1,18.5,20.5,Distance,1.1543834681948757,4,1,0.8622831984717911,-0.5382315693941768,0.3347944893982919,0.40275833535389927,0.46520551060170795,0.1701174232178958,0.0,0.0,0.0,0.0,0.8318721772683748,-0.4839811874366986,0.23479448939829187,0.5811488655324248,0.33479448939829193,0.40275833535389916,0.0,0.0,0.0,0.0,0.13041102120341602,0.0,2,-0.3000000000000001
mvad_Two1__018.500,mvad_Two1,18.5,20.5,Elevation,6.810432225764774,4,1,12.313189258078408,-0.5191481421270903,11.479855924745074,-0.41633507245260737,16.939567774235226,-1.0899307541936838,0.0,0.0,0.0,0.0,7.686810741921591,0.05163446993950316,11.939567774235227,-0.4730523361467871,9.439567774235227,-0.16461312712333864,0.0,0.0,0.0,0.0,7.499999999999998,0.0,2,-2.5
mvad_Two1__019.000,mvad_Two1,19.0,21.0,Azimuth,9.131030768936686,4,1,5.035635897729983,0.7161875972506901,3.9007675214655495,0.7801496721928065,3.90076752146555,0.7801496721928065,0.0,0.0,0.0,0.0,8.90076752146555,0.4983457366886036,6.122989743687772,0.654903478635383,16.67854529924333,0.05998405923762118,0.0,0.0,0.0,0.0,-12.777777777777779,0.0,0,-36.66666666666668
mvad_Two1__019.000,mvad_Two1,19.0,21.0,Distance,1.1569977936415,4,1,0.4310007354528333,0.23113550295234586,0.39766740211950014,0.2905990130118541,0.9930022063585001,-0.7714219006073859,0.0,0.0,0.0,0.0,0.6643340687861667,-0.18510906746421418,0.30699779364149987,0.4523450082865522,0.5023325978805,0.10388621538141474,0.0,0.0,0.0,0.0,0.4906696084780001,0.0,3,0.3860044127170002
mvad_Two1__019.000,mvad_Two1,19.0,21.0,Elevation,6.808323366362424,4,1,13.14722554454586,-0.6220479391250402,10.64722554454586,-0.31360873010159174,20.27500996697091,-1.5014432148620158,0.0,0.0,0.0,0.0,7.686107788787474,0.0517211972629702,4.352774455454141,0.4629734759609013,3.9805588778791923,0.5088958272942707,0.0,0.0,0.0,0.0,16.294451089091716,0.0,3,15.0
mvad_Two1__019.500,mvad_Two1,19.5,21.5,Azimuth,9.09189782393744,4,1,5.630324398284784,0.6826704852796028,7.752854830201369,0.5630429994912971,2.2471451697986318,0.8733491295002971,1.35,0.0,1.35,0.0,13.308410385756924,0.2499275155977383,6.13603405868752,0.6541682907748059,6.185879953840339,0.651358936890247,1.35,0.0,1.35,0.0,-3.9387347840417073,0.0,0,-5.1495376854584585
mvad_Two1__019.500,mvad_Two1,19.5,21.5,Distance,1.156866361881116,4,1,0.45980030478555073,0.1797597985305791,0.7264669714522176,-0.2959482819454897,0.3931336381188841,0.29868681864959623,1.35,0.0,1.35,0.0,0.4689554539603719,0.16342787937898073,0.631044546039628,-0.12572371134276294,0.8643778793729616,-0.5419682817593232,1.35,0.0,1.35,0.0,-0.47124424125407754,0.0,0,-0.7000000000000004
mvad_Two1__019.500,mvad_Two1,19.5,21.5,Elevation,6.758455978214759,4,1,13.163848007261748,-0.6240987468258843,9.830514673928414,-0.21284646812795316,13.658210688451907,-0.6850910805686858,1.35,0.0,1.35,0.0,10.663848007261747,-0.31565953780243583,11.158210688451907,-0.3766518715452376,6.836151992738252,0.1565850746382973,1.35,0.0,1.35,0.0,6.822058695713656,0.0,2,-3.5169119564295173
mvad_Two1__022.000,mvad_Two1,22.0,24.0,Separation-2,28.895111295291283,4,1,11.131703765097095,0.33902764023255916,15.395111295291285,0.08587730535584304,10.868296234902907,0.35466811185190494,0.0,0.0,0.0,0.0,7.395111295291284,0.5608970318705835,15.868296234902907,0.057780782780192275,7.131703765097096,0.5765375034899292,0.0,0.0,0.0,0.0,3.736592469805811,0.0,2,-5.209777409417434
mvad_Two1__022.500,mvad_Two1,22.5,24.5,Separation-2,29.39686329551074,4,1,13.298954431836913,0.21034178785710445,11.701045568163087,0.305221566784332,8.103136704489259,0.5188562773402448,0.0,0.0,0.0,0.0,5.298954431836913,0.6853615143718448,8.701045568163087,0.48335396422735966,15.701045568163087,0.06771170352696187,0.0,0.0,0.0,0.0,-7.597908863673828,0.0,1,-16.793726591021482
mvad_Two1__023.000,mvad_Two1,23.0,25.0,Separation-2,29.717983734005355,4,1,16.594005421998215,0.01469001033228623,14.217983734005356,0.15577215688521873,4.405994578001784,0.7383832075665204,0.0,0.0,0.0,0.0,11.594005421998217,0.3115773394039988,11.405994578001787,0.32274094686612254,3.2179837340053545,0.8089242808429867,0.0,0.0,0.0,0.0,1.1880108439964294,0.0,2,-3.0
mvad_Two1__023.500,mvad_Two1,23.5,25.5,Separation-2,29.73418969827921,4,1,13.58860343390693,0.1931431641385336,4.41139656609307,0.7380624512033007,8.41139656609307,0.5005525879459305,0.0,0.0,0.0,0.0,4.58860343390693,0.7275403564676165,7.41139656609307,0.559930053760273,9.58860343390693,0.4306530273959037,0.0,0.0,0.0,0.0,-1.1772068678138616,0.0,1,-15.0
mvad_Two1__024.000,mvad_Two1,24.0,26.0,Separation-2,29.956660774589345,4,1,22.485553591529783,-0.3351351896976267,7.514446408470217,0.5538112152673507,9.485553591529781,0.4367718658888263,0.0,0.0,0.0,0.0,4.514446408470218,0.7319436127103782,14.514446408470215,0.138168954566953,11.514446408470215,0.31630135200998055,0.0,0.0,0.0,0.0,-2.0288928169404343,0.0,2,-15.086678450821307
mvad_Two1__024.500,mvad_Two1,24.5,26.5,Separation-2,30.174989285447747,4,1,22.441670238184084,-0.3325295073845238,8.558329761815916,0.4918280671399051,13.674989285447746,0.18801379119182604,0.0,0.0,0.0,0.0,1.5583297618159158,0.9074703278403029,12.441670238184082,0.26124515075890165,9.558329761815916,0.43245060132556257,0.0,0.0,0.0,0.0,4.11665952363183,0.0,2,-15.0
mvad_Two1__025.000,mvad_Two1,25.0,27.0,Separation-2,30.3711630545838,4,1,3.6237210181946,0.7848326291214356,12.376278981805399,0.26512791784908385,16.6237210181946,0.012925573534982582,0.0,0.0,0.0,0.0,14.376278981805399,0.14637298622039874,17.8711630545838,-0.06114437333609102,16.8711630545838,-0.001766907521748351,0.0,0.0,0.0,0.0,-0.2474420363891987,0.0,1,-18.7423261091676
mvad_Two1__025.500,mvad_Two1,25.5,27.5,Separation-2,30.554084140410392,4,1,9.684694713470131,0.42494737072858335,23.684694713470133,-0.4063371506722122,18.315305286529867,-0.08751641353017425,0.0,0.0,0.0,0.0,9.054084140410392,0.46239142847260095,18.684694713470133,-0.10944982160049954,16.684694713470133,0.00930511002818546,0.0,0.0,0.0,0.0,1.6306105730597338,0.0,3,1.1081682808207844
mvad_Two1__026.000,mvad_Two1,26.0,28.0,Separation-2,30.662173116387155,4,1,10.162173116387155,0.3965959131822909,12.162173116387157,0.2778409815536057,15.72072437212905,0.06654322601720575,0.0,0.0,0.0,0.0,9.279275627870948,0.4490201286242309,16.72072437212905,0.007165760202863081,15.27927562787095,0.09275533373817557,0.0,0.0,0.0,0.0,0.4414487442580999,0.0,1,-6.0
mvad_Two1__036.000,mvad_Two1,36.0,38.0,Separation-2,29.402367344823418,4,1,15.69921088505886,0.0678206423602632,14.30078911494114,0.15085538320946057,20.69921088505886,-0.22906668671144947,0.0,0.0,0.0,0.0,6.300789114941139,0.6258751097242009,17.69921088505886,-0.05093428926842192,5.699210885058861,0.6615953005036885,0.0,0.0,0.0,0.0,15.0,0.0,3,12.0
mvad_Two1__036.500,mvad_Two1,36.5,38.5,Separation-2,29.45638233026437,4,1,15.681205889911878,0.06888973334409065,16.681205889911876,0.009512267529748208,12.956382330264368,0.2306828511071758,0.0,0.0,0.0,0.0,11.043617669735632,0.3442579693486033,14.318794110088122,0.14978629222563322,14.318794110088122,0.14978629222563322,2.975,2.9749999999999996,0.0,0.0,-1.3624117798237538,-2.975,1,-9.0
mvad_Two1__037.000,mvad_Two1,37.0,39.0,Separation-2,29.61582121339717,4,1,21.62805959553428,-0.2842193692643997,11.371940404465724,0.3247629973910958,14.628059595534276,0.13142289143599817,0.0,0.0,0.0,0.0,11.628059595534276,0.3095552888790257,21.11582121339717,-0.2538039522402593,10.628059595534276,0.3689327546933683,2.975,2.9749999999999996,0.0,0.0,4.0,-2.975,2,0.0
mvad_Two1__037.500,mvad_Two1,37.5,39.5,Separation-2,29.909302297311807,4,1,12.469767432437271,0.259576810567654,15.530232567562734,0.07785414663075463,10.46976743243727,0.37833174219633925,0.0,0.0,0.0,0.0,13.530232567562729,0.19660907825943996,17.46976743243727,-0.03731051850405853,17.590697702688193,-0.04449105149180199,2.975,2.9749999999999996,0.0,0.0,-7.120930270250923,-2.975,1,-18.18139540537639
mvad_Two1__038.000,mvad_Two1,38.0,40.0,Separation-2,29.682473632834714,4,1,16.394157877611573,0.026556451067184406,16.60584212238843,0.01398717705951158,5.394157877611572,0.6797085750249524,0.0,0.0,0.0,0.0,14.817526367165286,0.12017283468052409,11.182473632834714,0.3360130541465699,17.81752636716529,-0.0579595627625038,2.975,2.9749999999999996,0.0,0.0,-12.423368489553717,-2.975,0,-18.635052734330575
mvad_Two2__007.500,mvad_Two2,7.5,9.5,Azimuth,16.234200214923163,2,1,14.845311326034272,0.1633065689076849,13.178644659367606,0.2572412140757525,22.62308910381205,-0.2750551085432973,0.0,0.0,0.0,0.0,9.022511182752165,0.4914841681139518,13.734200214923163,0.2259296656863965,5.689177849418832,0.6793534584500871,0.0,0.0,0.0,0.0,16.933911254393216,0.0,2,-10.864932903487013
mvad_Two2__007.500,mvad_Two2,7.5,9.5,Distance,0.982199440778432,2,1,0.9344672258882349,-0.6670010386065832,1.1011338925549012,-0.9643185889041255,0.3773998135928107,0.3267544716390174,0.0,0.0,0.0,0.0,0.40113389255490145,0.2844151223455538,0.8226001864071893,-0.4674408337813254,0.6559335197405226,-0.17012328348378247,0.0,0.0,0.0,0.0,-0.2785337061477119,0.0,1,-0.7356011184431357
mvad_Two2__007.500,mvad_Two2,7.5,9.5,Elevation,17.646443469975722,2,1,7.965481156658574,0.01725331701961874,7.867852176674759,0.029298359165208177,14.729776803309056,-0.8172962825218333,0.0,0.0,0.0,0.0,3.0631101366423885,0.6220866929209259,7.229776803309055,0.10802134454851198,11.298814489991907,-0.3939989616783124,0.0,0.0,0.0,0.0,3.430962313317149,0.0,2,0.0
mvad_Two2__008.000,mvad_Two2,8.0,10.0,Azimuth,16.43414373055822,2,1,5.600810397224884,0.684333917609834,19.489699286113773,-0.09845479212406305,34.48969928611377,-0.9438665986366717,0.0,0.0,0.0,0.0,2.823032619447106,0.8408916595566134,19.489699286113773,-0.09845479212406305,11.156365952780439,0.37121843371627516,0.0,0.0,0.0,0.0,23.33333333333333,0.0,3,10.0
mvad_Two2__008.000,mvad_Two2,8.0,10.0,Distance,0.9720442334422668,2,1,1.0259852555192446,-0.8302605368742817,0.6259852555192443,-0.11669841616017851,0.5926519221859111,-0.05723490610067028,0.0,0.0,0.0,0.0,0.39265192218591105,0.2995461542563812,0.8446224332244,-0.5067264366357711,0.7926519221859111,-0.41401596645772143,0.0,0.0,0.0,0.0,-0.19999999999999996,0.0,1,-0.5
mvad_Two2__008.000,mvad_Two2,8.0,10.0,Elevation,17.714517812217682,2,1,13.964517812217684,-0.7228819313577113,7.0118273959274395,0.13491100167647785,8.964517812217682,-0.10600351331081437,0.0,0.0,0.0,0.0,6.321505937405894,0.2200798835317973,4.368815521115651,0.46099439851908974,5.631184478884349,0.30524876538711676,0.0,0.0,0.0,0.0,3.333333333333333,0.0,1,0.0
mvad_Two2__008.500,mvad_Two2,8.5,10.5,Azimuth,16.52659523520137,2,1,4.582150790756923,0.7417463748182007,14.02659523520137,0.20945005219915058,5.880023810488434,0.668597229869188,0.0,0.0,0.0,0.0,8.471039679645813,0.5225655360927095,3.5644206339560114,0.799106447511762,32.359928568534706,-0.8238310446495938,0.0,0.0,0.0,0.0,-26.47990475804627,0.0,0,-31.386523803736065
mvad_Two2__008.500,mvad_Two2,8.5,10.5,Distance,0.9685225404795964,2,1,1.2148107928537373,-1.167107414037733,0.46049248650680114,0.17852501188824166,0.627159153173468,-0.1187925384093016,0.0,0.0,0.0,0.0,0.39382581984013454,0.29745203200725867,0.6148107928537369,-0.09676423296657832,0.4481441261870702,0.20055331733096438,0.0,0.0,0.0,0.0,0.17901502698639782,0.0,1,-0.4629549190408071
mvad_Two2__008.500,mvad_Two2,8.5,10.5,Elevation,17.766382679035377,2,1,11.338794226345124,-0.3989314889814133,7.827872440321539,0.03423088646830952,8.838794226345126,-0.09049227995796527,0.0,0.0,0.0,0.0,6.338794226345126,0.21794692906548319,5.15028398763129,0.3645801922435493,6.994539106988207,0.1370439561427922,0.0,0.0,0.0,0.0,1.8442551193569185,0.0,1,0.0
mvad_Two2__009.000,mvad_Two2,9.0,11.0,Azimuth,16.517343478665545,2,1,3.5613367151107362,0.7992802596052369,24.5728990342211,-0.3849479309181867,16.339114492888516,0.07911464665005141,0.0,0.0,0.0,0.0,11.89467004844407,0.3296070337648985,1.339114492888515,0.9245264531626602,13.005781159555184,0.2669839369861866,0.0,0.0,0.0,0.0,3.333333333333332,0.0,1,-1.6666666666666679
mvad_Two2__009.000,mvad_Two2,9.0,11.0,Distance,0.9650136764457232,2,1,0.6283287745180924,-0.12087903212705808,0.8516529902209434,-0.5192682845364083,0.8849863235542768,-0.5787317945959167,0.0,0.0,0.0,0.0,0.7516529902209436,-0.3408777543578829,0.6949954411847589,-0.23980605224607476,0.7616621078514255,-0.3587330723650919,0.0,0.0,0.0,0.0,0.12332421570285124,0.0,1,0.0
mvad_Two2__009.000,mvad_Two2,9.0,11.0,Elevation,17.854963303798506,2,1,9.104963303798506,-0.1233310718444538,6.728370029534827,0.16988274802928072,9.465012232067165,-0.16775235450242398,0.0,0.0,0.0,0.0,5.771629970465173,0.28792120685347733,12.201654434599503,-0.5053874570341288,9.701654434599503,-0.19694824801068034,0.0,0.0,0.0,0.0,-0.23664220253233736,0.0,0,-0.7099266075970121
mvad_Two2__009.500,mvad_Two2,9.5,11.5,Azimuth,16.579530932212286,2,1,19.079530932212286,-0.07533738085431918,9.079530932212286,0.48827049015408663,33.52397537665673,-0.889437638977572,0.0,0.0,0.0,0.0,21.915399199626318,-0.2351691485200711,1.3017531544345065,0.9266321676050692,2.968419821101173,0.8326975224370015,0.0,0.0,0.0,0.0,30.555555555555557,0.0,3,28.333333333333332
mvad_Two2__009.500,mvad_Two2,9.5,11.5,Distance,0.9602072602626752,2,1,0.38979273973732487,0.30464666498518544,0.9897927397373248,-0.7656965160859683,0.8564594064039915,-0.5278424758479343,0.0,0.0,0.0,0.0,0.6564594064039916,-0.17106141549088294,0.36326424657910833,0.35197098457850184,0.2102072602626752,0.6250101539436604,0.0,0.0,0.0,0.0,0.6462521461413163,0.0,3,0.17958547947464962
mvad_Two2__009.500,mvad_Two2,9.5,11.5,Elevation,18.032550544607773,2,1,4.405816485130742,0.45642937928952165,6.072483151797409,0.2508032399405561,5.717449455392227,0.2946057649389102,0.0,0.0,0.0,0.0,8.094183514869258,0.0013745755932363934,12.260850181535924,-0.5126907727791776,11.782550544607773,-0.453680228103049,0.0,0.0,0.0,0.0,-6.0651010892155455,0.0,0,-8.565101089215545
mvad_Two2__010.000,mvad_Two2,10.0,12.0,Azimuth,16.577256212987677,2,1,4.752025706781886,0.7321720908423446,1.2994784352098978,0.9267603725710015,11.299478435209897,0.3631525015625956,0.0,0.0,0.0,0.0,6.3590854043292255,0.6415969413705378,17.47019651544034,0.015365973583419956,2.9661451018765645,0.8328257274029338,0.0,0.0,0.0,0.0,8.333333333333332,0.0,1,-6.666666666666668
mvad_Two2__010.000,mvad_Two2,10.0,12.0,Distance,0.9570945464733822,2,1,0.3309684845088727,0.40958356576079047,0.6929054535266178,-0.2360777121820512,0.6929054535266178,-0.2360777121820512,0.0,0.0,0.0,0.0,0.42623878685995126,0.23963036829401696,0.3595721201932845,0.3585573884130343,0.7023648488244607,-0.2529523776055558,0.0,0.0,0.0,0.0,-0.009459395297842899,0.0,2,-1.4000000000000001
mvad_Two2__010.000,mvad_Two2,10.0,12.0,Elevation,18.160670919495512,2,1,8.970223639831838,-0.10670747369326805,6.470223639831837,0.2017317353301804,8.970223639831838,-0.10670747369326805,0.0,0.0,0.0,0.0,4.803556973165171,0.40735787467914586,7.696443026834829,0.05044608020361219,12.744004252828844,-0.5723002366135965,0.0,0.0,0.0,0.0,-3.7737806129970064,0.0,0,-6.3213418389910245
mvad_Two2__010.500,mvad_Two2,10.5,12.5,Azimuth,16.634872140621848,2,1,12.46820547395518,0.2972821257528768,7.468205473955179,0.5790860612570798,20.801538807288512,-0.1723911000874614,0.0,0.0,0.0,0.0,13.600512935762836,0.23346438596524233,14.71162404687395,0.1708412891865304,22.489401824651726,-0.2675203882644517,0.0,0.0,0.0,0.0,-1.6878630173632132,0.0,1,-21.666666666666664
mvad_Two2__010.500,mvad_Two2,10.5,12.5,Distance,0.9583420252826912,2,1,0.49721932490576976,0.1130078101505112,1.0583246413839755,-0.8879509387748543,0.5249913080506422,0.06346522217728245,0.0,0.0,0.0,0.0,0.49165797471730893,0.1229287322367909,1.0583246413839755,-0.8879509387748543,0.7916579747173089,-0.41224285829878604,0.0,0.0,0.0,0.0,-0.2666666666666667,0.0,1,-1.1
mvad_Two2__010.500,mvad_Two2,10.5,12.5,Elevation,18.085386583461865,2,1,5.611795527820621,0.30764089047907306,5.664613416538136,0.3011244473517456,2.7215378055127117,0.6642284127760991,0.0,0.0,0.0,0.0,6.888204472179379,0.150163064403685,6.888204472179377,0.1501630644036852,7.668719916795198,0.05386643785652967,0.0,0.0,0.0,0.0,-4.947182111282487,0.0,1,-15.0
mvad_Two2__011.000,mvad_Two2,11.0,13.0,Azimuth,16.567720611445477,2,1,15.244795759370716,0.14079131181030968,19.623276167001034,-0.1059832902693445,22.40105394477881,-0.2625410322161237,0.0,0.0,0.0,0.0,23.51216505588992,-0.3251641289948355,15.178831722556586,0.14450909684550284,8.51216505588992,0.5202476775177733,0.0,0.0,0.0,0.0,13.88888888888889,0.0,3,1.6666666666666679
mvad_Two2__011.000,mvad_Two2,11.0,13.0,Distance,0.9631390641970032,2,1,0.8201942691363303,-0.46314890520618324,0.7289536452676656,-0.30038427254867783,0.7289536452676656,-0.30038427254867783,0.0,0.0,0.0,0.0,0.262286978600999,0.5321048682844418,0.5043796880656677,0.10023440034686149,0.7289536452676657,-0.30038427254867806,0.0,0.0,0.0,0.0,-1.1102230246251565e-16,0.0,2,-0.9737218716059939
mvad_Two2__011.000,mvad_Two2,11.0,13.0,Elevation,17.94801637969442,2,1,8.899338793231474,-0.09796200728640225,9.732672126564806,-0.2007750769608847,12.531349713027753,-0.5460638373929989,0.0,0.0,0.0,0.0,5.56600545989814,0.3132902714115291,11.69801637969442,-0.44325076771851624,8.600661206768526,-0.061112455877736505,0.0,0.0,0.0,0.0,3.9306885062592265,0.0,2,0.0
mvad_Two2__011.500,mvad_Two2,11.5,13.5,Azimuth,16.338907730397796,2,1,10.505574397064462,0.40789755803500816,19.394463285953353,-0.09308721619468607,10.505574397064462,0.40789755803500816,0.0,0.0,0.0,0.0,8.720364089867402,0.5085134160891678,18.838907730397796,-0.06177566780533006,22.172241063731132,-0.2496449581414657,0.0,0.0,0.0,0.0,-11.66666666666667,0.0,0,-18.333333333333336
mvad_Two2__011.500,mvad_Two2,11.5,13.5,Distance,0.9661195514320664,2,1,0.28388044856793365,0.4935841627264863,1.017213781901267,-0.8146130585827018,0.5720398504773555,-0.02046492209899986,0.0,0.0,0.0,0.0,0.517213781901267,0.07733959230992637,0.5053731838106887,0.09846209802001737,0.6946268161893112,-0.23914846016232527,0.0,0.0,0.0,0.0,-0.12258696571195571,0.0,1,-0.867760897135867
mvad_Two2__011.500,mvad_Two2,11.5,13.5,Elevation,17.821255101239622,2,1,4.476248299586793,0.44773980603315755,11.142914966253459,-0.3747647513627048,9.071255101239622,-0.11917229931050799,0.0,0.0,0.0,0.0,8.023751700413207,0.010064148849600496,12.404588434572956,-0.5304245780084393,11.976248299586793,-0.4775778210371877,0.0,0.0,0.0,0.0,-2.904993198347171,0.0,1,-5.0
mvad_Two2__012.000,mvad_Two2,12.0,14.0,Azimuth,16.11260988064332,2,1,21.204203293547774,-0.19508558747058902,25.834832102865537,-0.4560714719355663,21.390387658421094,-0.2055790848207193,0.0,0.0,0.0,0.0,23.057054325087762,-0.2995137299887871,13.98198107132555,0.21196454159103773,23.057054325087762,-0.2995137299887871,0.0,0.0,0.0,0.0,-1.6666666666666679,0.0,0,-3.3333333333333357
mvad_Two2__012.000,mvad_Two2,12.0,14.0,Distance,0.966552014621023,2,1,0.48344798537897704,0.13757457574504162,0.7501146520456438,-0.338133504731027,0.638850671540341,-0.13964910000988584,0.0,0.0,0.0,0.0,0.25011465204564376,0.5538191461616014,1.0167813187123103,-0.813841585207095,0.9167813187123103,-0.6354510550285695,0.0,0.0,0.0,0.0,-0.27793064717196925,0.0,1,-0.8668959707579539
mvad_Two2__012.000,mvad_Two2,12.0,14.0,Elevation,17.725054607453078,2,1,5.341648464182307,0.34097046913051654,6.325018202484359,0.2196465554267244,10.641721274119744,-0.312929636974999,0.0,0.0,0.0,0.0,3.1417212741197447,0.6123879900953462,11.47505460745308,-0.4157427066494821,6.325018202484359,0.2196465554267244,0.0,0.0,0.0,0.0,4.316703071635385,0.0,3,0.4501092149061563
mvad_Two2__012.500,mvad_Two2,12.5,14.5,Azimuth,15.86274828490916,2,1,13.87908390503028,0.21776390687388514,20.584970507131377,-0.16018514022951402,21.140526062686934,-0.19149668861887004,0.0,0.0,0.0,0.0,11.12091609496972,0.3732164156051001,15.029414951575824,0.15293034366404468,22.807192729353602,-0.28543133378693786,4.35,0.0,0.0,4.35,-1.6666666666666679,-4.35,0,-3.3333333333333357
mvad_Two2__012.500,mvad_Two2,12.5,14.5,Distance,0.9645253149600984,2,1,0.6521413517065683,-0.16335841482275093,0.41880801837323495,0.252886155593809,0.4715084383200327,0.15887359704440707,0.0,0.0,0.0,0.0,0.48547468503990165,0.13395913547479188,0.46182489501330043,0.17614812128935387,0.9188080183732348,-0.639066495298819,4.35,0.0,0.0,4.35,-0.4472995800532021,-4.35,0,-0.8709493700798029
mvad_Two2__012.500,mvad_Two2,12.5,14.5,Elevation,17.700867675752825,2,1,2.016377441415725,0.7512280547508037,6.316955891917608,0.2206412485043684,10.617534342419491,-0.3099455577420669,0.0,0.0,0.0,0.0,3.8169558919176083,0.5290804575278167,6.183044108082392,0.23716270637838965,6.316955891917608,0.2206412485043684,4.35,0.0,0.0,4.35,4.300578450501883,-4.35,3,0.4017353515056499
mvad_Two2__015.000,mvad_Two2,15.0,17.0,Azimuth,-14.12616350618361,2,1,3.373836493816388,0.8098479196589681,22.18171906173917,-0.25017914556933873,6.70716982714972,0.6219786293228329,0.0,0.0,0.0,0.0,5.569056609049908,0.686123586104809,9.40394128396139,0.4699864673858467,2.79127883127213,0.8426813280515884,0.0,0.0,0.0,0.0,3.91589099587759,0.0,3,1.6666666666666643
mvad_Two2__015.000,mvad_Two2,15.0,17.0,Distance,0.9448075060684096,2,1,0.6017308313105302,-0.07343082022250469,0.7683974979771966,-0.37074837052004694,0.2982691686894698,0.46791604861577374,0.0,0.0,0.0,0.0,1.138525827264924,-1.0310222594773428,1.071859160598257,-0.9120952393583255,0.5683974979771967,-0.013967310162996016,0.0,0.0,0.0,0.0,-0.27012832928772695,0.0,0,-0.710384987863181
mvad_Two2__015.000,mvad_Two2,15.0,17.0,Elevation,12.251845509688852,2,1,7.166051496770383,0.11588349780593787,6.1672818365629505,0.2391073874023374,7.833948503229617,0.033481248053371715,0.0,0.0,0.0,0.0,9.831487823644482,-0.2129665311394271,9.666051496770383,-0.19255571121751047,7.331487823644481,0.09547267788402136,0.0,0.0,0.0,0.0,0.5024606795851367,0.0,1,-0.4963089806222958
mvad_Two2__015.500,mvad_Two2,15.5,17.5,Azimuth,-14.14272028865214,2,1,10.547573429550713,0.40553045950660926,15.531609177541029,0.12462628181114832,11.087164733096584,0.3751186689259953,0.0,0.0,0.0,0.0,2.801724155792305,0.8420926213401075,3.8968710148937316,0.7803692823701378,1.6906130446811936,0.9047157181188193,0.0,0.0,0.0,0.0,9.396551688415391,0.0,3,8.285440577304279
mvad_Two2__015.500,mvad_Two2,15.5,17.5,Distance,0.947946718676568,2,1,0.7006844271078106,-0.24995466439598868,0.5687199479900987,-0.01454253045057241,0.8006844271078108,-0.4283451945745147,0.0,0.0,0.0,0.0,0.7687199479900988,-0.371323590807624,0.7353866146567652,-0.3118600807481151,0.6020532813234319,-0.07400604051008086,0.0,0.0,0.0,0.0,0.1986311457843789,0.0,1,-0.2041065626468639
mvad_Two2__015.500,mvad_Two2,15.5,17.5,Elevation,12.276705763779963,2,1,6.324431412073345,0.21971895109481865,10.491098078740011,-0.29434639727759526,7.6933724304466296,0.050824917132094805,0.0,0.0,0.0,0.0,8.139960902886703,-0.004273240947267665,8.675568587926655,-0.07035420523550906,8.973294236220037,-0.10708631062175056,0.0,0.0,0.0,0.0,-1.279921805773407,0.0,2,-7.946588472440073
mvad_Two2__016.000,mvad_Two2,16.0,18.0,Azimuth,-14.128573391118444,2,1,3.371426608881555,0.8099837426707177,27.184128946673997,-0.5321189040852912,26.62857339111844,-0.5008073556959352,0.0,0.0,0.0,0.0,3.371426608881555,0.8099837426707177,23.32063557481726,-0.3143693766885647,28.850795613340665,-0.6260535492533588,0.0,0.0,0.0,0.0,-2.222222222222225,0.0,1,-10.0
mvad_Two2__016.000,mvad_Two2,16.0,18.0,Distance,0.9487543725846308,2,1,0.8345789607487027,-0.48880983283804036,0.8004152091384565,-0.4278649352116477,0.9670818758051233,-0.7251824855091904,0.0,0.0,0.0,0.0,0.9012456274153694,-0.6077368529570575,0.3670818758051231,0.3451606955619638,0.9345789607487025,-0.6672003630165657,0.0,0.0,0.0,0.0,0.03250291505642078,0.0,2,-1.3024912548307386
mvad_Two2__016.000,mvad_Two2,16.0,18.0,Elevation,12.3070540874061,2,1,8.814315304197967,-0.08747217620403869,3.557054087406099,0.5611460203307355,11.185684695802033,-0.3800414959835483,0.0,0.0,0.0,0.0,11.442945912593899,-0.41178127447142554,9.519018029135367,-0.17441535663458296,8.814315304197967,-0.08747217620403869,0.0,0.0,0.0,0.0,2.371369391604066,0.0,2,-7.885891825187802
mvad_Two2__016.500,mvad_Two2,16.5,18.5,Azimuth,-14.10735620442212,2,1,6.686436820748182,0.6231471578825903,23.27402287108879,-0.3117422480175298,19.3851339821999,-0.0925614092920386,0.0,0.0,0.0,0.0,3.392643795577879,0.8087879253284473,23.313563179251815,-0.3139707709078079,28.829578426644343,-0.6248577319110886,0.0,0.0,0.0,0.0,-9.444444444444443,0.0,0,-13.333333333333332
mvad_Two2__016.500,mvad_Two2,16.5,18.5,Distance,0.948868567712049,2,1,0.9011314322879512,-0.6075331396638182,0.8003771440959838,-0.42779703078056786,1.0003771440959837,-0.7845780911376188,0.0,0.0,0.0,0.0,0.9344647656212844,-0.6669966497233266,0.3670438107626503,0.34522859999304367,1.2011314322879512,-1.142704730199395,0.0,0.0,0.0,0.0,-0.2007542881919675,0.0,2,-1.3022628645759022
mvad_Two2__016.500,mvad_Two2,16.5,18.5,Elevation,12.344170821895448,2,1,5.572495844771218,0.3124895157409251,8.698056940631815,-0.07312872112375701,11.198056940631815,-0.38156793014720547,0.0,0.0,0.0,0.0,13.07249584477122,-0.6128281113294203,9.53139027396515,-0.1759417907982399,7.135276392701518,0.11968039730858393,0.0,0.0,0.0,0.0,4.062780547930298,0.0,2,-7.811658356209104
mvad_Two2__017.000,mvad_Two2,17.0,19.0,Azimuth,-14.149811605860844,2,1,16.09425605030529,0.09291506120232795,17.21660386862028,0.02965865476118401,10.561173909157496,0.40476392577102205,0.0,0.0,0.0,0.0,8.883270535286949,0.4993318806015221,23.327714979731393,-0.3147683775217309,11.116729464713051,0.37345237738166615,0.0,0.0,0.0,0.0,-0.5555555555555554,0.0,2,-23.29962321172169
mvad_Two2__017.000,mvad_Two2,17.0,19.0,Distance,0.9483174774757256,2,1,0.5005608408414247,0.1070468621568964,0.5327724924919085,0.04958432599833862,1.335015855857608,-1.3815418632317686,0.0,0.0,0.0,0.0,1.0683491891909414,-0.9058337827557004,0.16610582582524178,0.7036829366529328,0.33389417417475814,0.404364412454439,0.0,0.0,0.0,0.0,1.0011216816828499,0.0,3,0.7033650450485489
mvad_Two2__017.000,mvad_Two2,17.0,19.0,Elevation,12.365648081923029,2,1,3.705216027307676,0.5428664397104866,3.705216027307676,0.5428664397104866,12.217685251410307,-0.5073652700169784,0.0,0.0,0.0,0.0,13.05101858474364,-0.6101783396914611,5.2823147485896955,0.34829080685283953,10.461450639358992,-0.2906886241766944,0.0,0.0,0.0,0.0,1.7562346120513155,0.0,1,0.0
mvad_Two2__017.500,mvad_Two2,17.5,19.5,Azimuth,-14.229975811096748,2,1,3.8255797444588064,0.7843873144852691,16.687769714810027,0.05946416391573672,9.465547492587804,0.46651429297736335,0.0,0.0,0.0,0.0,12.798880825921138,0.27864500264122793,26.174420255541197,-0.475210927510487,31.72997581109675,-0.7883264114040456,0.0,0.0,0.0,0.0,-22.264428318508948,0.0,0,-26.66666666666666
mvad_Two2__017.500,mvad_Two2,17.5,19.5,Distance,0.9470946951828176,2,1,0.5009684349390607,0.10631975288514717,0.43430176827239403,0.2252467730041643,0.669571971483849,-0.19445298985684478,0.0,0.0,0.0,0.0,1.069571971483849,-0.9080151105709475,0.5656982317276059,-0.009152074789420928,0.3676351016057275,0.3441737931231812,0.0,0.0,0.0,0.0,0.30193686987812146,0.0,2,-0.8
mvad_Two2__017.500,mvad_Two2,17.5,19.5,Elevation,12.39414155955454,2,1,5.45195281348182,0.3273615946306013,3.714713853184847,0.5416946389500878,12.189191773778793,-0.5038498677357819,0.0,0.0,0.0,0.0,10.522525107112125,-0.2982237283868161,9.54804718651818,-0.17799684877129174,5.381380519851514,0.3360684996011223,0.0,0.0,0.0,0.0,6.807811253927279,0.0,3,5.2117168808909184
mvad_Two2__018.000,mvad_Two2,18.0,20.0,Azimuth,-14.293595536969752,2,1,5.513245932121194,0.6892691197851419,9.015817759191975,0.4918614147342034,11.153420734545472,0.37138442853418163,0.0,0.0,0.0,0.0,9.486754067878808,0.4653190737022491,18.460262203636418,-0.040434907884846494,7.264531845656584,0.5905652672596727,0.0,0.0,0.0,0.0,3.8888888888888884,0.0,3,0.2538577406061737
mvad_Two2__018.000,mvad_Two2,18.0,20.0,Distance,0.9452626712201642,2,1,0.6015791095932786,-0.07316016304670381,0.46824577625994523,0.16469387719133066,0.8349124429266118,-0.4894047334632632,0.0,0.0,0.0,0.0,0.9380706621131694,-0.6734292275928888,0.9047373287798358,-0.6139657175333799,0.6015791095932786,-0.07316016304670381,0.0,0.0,0.0,0.0,0.23333333333333317,0.0,2,-0.5094746575596716
mvad_Two2__018.000,mvad_Two2,18.0,20.0,Elevation,12.456148649991176,2,1,5.431283783336274,0.329911650354351,6.264617116669608,0.2270985806798681,10.40204954999706,-0.2833599741695241,0.0,0.0,0.0,0.0,9.59795045000294,-0.18415369801806292,8.735382883330393,-0.07773383482055851,7.068716216663726,0.12789230452840705,0.0,0.0,0.0,0.0,3.333333333333333,0.0,2,-10.087702700017646
mvad_Two2__018.500,mvad_Two2,18.5,20.5,Azimuth,-14.35248974100125,2,1,3.1475102589987487,0.8226038443948599,13.950829913667086,0.21372024535577105,26.173052135889307,-0.47513381921005826,0.0,0.0,0.0,0.0,4.938058975221805,0.7216871094061288,15.741378629890141,0.11280351036704006,11.728607691444862,0.33896643891319467,0.0,0.0,0.0,0.0,14.444444444444445,0.0,2,0.0
mvad_Two2__018.500,mvad_Two2,18.5,20.5,Distance,0.9438361475731148,2,1,1.0394971857602187,-0.8543645408685079,0.19794538252437158,0.6468841826508629,0.7394971857602185,-0.3191929503329305,0.0,0.0,0.0,0.0,0.572830519093552,-0.021875400035388015,0.9728305190935519,-0.7354375207494905,0.36872128414229505,0.3422361463374918,0.0,0.0,0.0,0.0,0.37077590161792345,0.0,2,-0.8
mvad_Two2__018.500,mvad_Two2,18.5,20.5,Elevation,12.478255690968078,2,1,6.271744309031921,0.22621925844995217,6.228255690968079,0.23158469643280588,7.0905814363439745,0.12519466810308721,0.0,0.0,0.0,0.0,9.590581436343975,-0.18324454092036113,7.0905814363439745,0.12519466810308721,2.909418563656026,0.6410484958031193,0.0,0.0,0.0,0.0,4.181162872687949,0.0,1,0.0
mvad_Two2__019.000,mvad_Two2,19.0,21.0,Azimuth,-14.390164640013776,2,1,3.109835359986223,0.8247272313571505,16.18561043556015,0.08776625614425071,20.07449932444904,-0.1314145825812405,0.35,0.35000000000000003,0.0,0.0,6.036611786662075,0.6597718082815138,4.667942417791554,0.7369110911918672,24.667942417791554,-0.3903046508249446,1.35,1.35,0.0,0.0,-4.593443093342515,-1.0,1,-18.333333333333336
mvad_Two2__019.000,mvad_Two2,19.0,21.0,Distance,0.942433036311343,2,1,0.33585565456288563,0.4008653171907106,1.0409002970219903,-0.8568675584873768,0.307566963688657,0.4513296628218113,0.35,0.35000000000000003,0.0,0.0,0.40756696368865697,0.2729391326432856,0.7409002970219903,-0.3216959679517999,0.6025223212295523,-0.07484276328535788,1.35,1.35,0.0,0.0,-0.2949553575408953,-1.0,1,-0.8
mvad_Two2__019.000,mvad_Two2,19.0,21.0,Elevation,12.517076726760934,2,1,2.089025575586978,0.7422650415344794,10.410974424413022,-0.2844610866517212,12.0662566065724,-0.48868265744205974,0.35,0.35000000000000003,0.0,0.0,9.57764109107969,-0.18164801697723854,4.5662566065723995,0.4366349696282854,7.0890255755869775,0.12538662348758267,1.35,1.35,0.0,0.0,4.977231030985423,-1.0,2,-2.5
mvad_Two2__021.500,mvad_Two2,21.5,23.5,Separation-2,31.076879562373648,2,1,22.14104014587545,-0.3146788543557053,9.576879562373648,0.431349161177083,8.576879562373648,0.49072662699142555,16.814107,16.772121810198758,0.041985225604281994,0.0,11.423120437626352,0.32172405672172366,9.14104014587545,0.4572282012307477,7.576879562373648,0.5501040928057681,1.58523,1.5012595567681286,0.08397045120856399,0.0,1.0,15.228877,1,-6.0
mvad_Two2__022.000,mvad_Two2,22.0,24.0,Separation-2,30.927871813166348,2,1,15.572128186833652,0.07536649092972503,6.809290604388782,0.5956815799179812,11.190709395611217,0.3355240354238531,4.3,4.3,0.0,0.0,18.19070939561122,-0.08011822527654466,12.190709395611217,0.27614656960951056,12.809290604388783,0.23941678503192598,0.0,0.0,0.0,0.0,-1.6185812087775666,4.3,2,-22.855743626332696
mvad_Two2__022.500,mvad_Two2,22.5,24.5,Separation-2,31.002686652527128,2,1,25.83422888417571,-0.5339710424100439,8.16577111582429,0.5151372047223974,12.16577111582429,0.2776273414650273,0.0,0.0,0.0,0.0,15.16577111582429,0.09949494402199976,9.16577111582429,0.455759738908055,14.502686652527126,0.13886721907344868,0.0,0.0,0.0,0.0,-2.3369155367028362,0.0,1,-15.0
mvad_Two2__023.000,mvad_Two2,23.0,25.0,Separation-2,31.05293433784309,2,1,12.44706566215691,0.2609247841564013,13.44706566215691,0.20154731834205875,10.149021887385636,0.3973767998327452,0.0,0.0,0.0,0.0,5.447065662156909,0.6765670448567991,8.149021887385636,0.5161317314614302,10.850978112614364,0.35569641806606145,0.0,0.0,0.0,0.0,-0.7019562252287272,0.0,1,-21.0
mvad_Two2__023.500,mvad_Two2,23.5,25.5,Separation-2,31.05521951499223,2,1,2.1482601616692563,0.8724417556901698,10.148260161669256,0.39742202917542946,10.851739838330744,0.3556511887233772,0.0,0.0,0.0,0.0,5.444780485007769,0.6767027328848518,13.148260161669256,0.2192896317324018,4.555219514992231,0.7295226089717228,0.0,0.0,0.0,0.0,6.2965203233385125,0.0,2,-8.110439029984462
mvad_Two2__024.000,mvad_Two2,24.0,26.0,Separation-2,31.282537142156453,2,1,18.07248761928118,-0.07309851579399695,8.072487619281182,0.5206761423494283,10.072487619281182,0.40192121072074316,0.0,0.0,0.0,0.0,11.072487619281183,0.3425437449064005,6.072487619281183,0.6394310739781133,5.782537142156452,0.6566475985214393,0.0,0.0,0.0,0.0,4.289950477124729,0.0,2,-11.565074284312905
mvad_Two2__024.500,mvad_Two2,24.5,26.5,Separation-2,31.367027425214346,2,1,13.044324191595216,0.22546108624235373,17.04432419159522,-0.01204877701501661,7.044324191595218,0.5817258811284087,0.0,0.0,0.0,0.0,13.044324191595216,0.22546108624235373,8.044324191595217,0.5223484153140663,2.8670274252143457,0.8297631770705527,0.0,0.0,0.0,0.0,4.177296766380873,0.0,2,-2.7340548504286915
mvad_Two2__025.000,mvad_Two2,25.0,27.0,Separation-2,31.28079828699572,2,1,13.780798286995719,0.18173112081956155,15.073067237668093,0.10499946537807625,20.926932762331905,-0.2425882346944075,0.0,0.0,0.0,0.0,17.926932762331905,-0.06445583725137993,18.926932762331905,-0.12383330306572238,22.926932762331905,-0.3613431663230926,0.0,0.0,0.0,0.0,-2.0,0.0,1,-8.561596573991437
mvad_Two2__025.500,mvad_Two2,25.5,27.5,Separation-2,31.3166060547315,2,1,12.1833939452685,0.2765809425121517,13.061131315089499,0.22446312184163442,9.938868684910501,0.40985516442848713,0.0,0.0,0.0,0.0,8.061131315089499,0.5213504509133471,9.938868684910501,0.40985516442848713,20.0611313150895,-0.19117913885876336,0.0,0.0,0.0,0.0,-10.122262630179,0.0,0,-12.366787890536997
mvad_Two2__026.000,mvad_Two2,26.0,28.0,Separation-2,31.305738549102564,2,1,2.935246183034188,0.825712520110208,6.194261450897436,0.6322004524542377,9.935246183034188,0.41007025940981034,0.0,0.0,0.0,0.0,11.064753816965814,0.3430029584889963,15.064753816965814,0.10549309523162609,22.805738549102568,-0.3541469610701715,0.0,0.0,0.0,0.0,-12.87049236606838,0.0,1,-26.61147709820513
mvad_Two2__026.500,mvad_Two2,26.5,28.5,Separation-2,31.354434004903503,2,1,9.0485219983655,0.46272169437172617,11.0485219983655,0.34396676274304105,10.0485219983655,0.4033442285573836,0.0,0.0,0.0,0.0,2.951478001634501,0.8247487158561634,9.0485219983655,0.46272169437172617,22.8544340049035,-0.3570383738323051,0.0,0.0,0.0,0.0,-12.805912006538,0.0,0,-26.708868009807006
mvad_Two2__036.000,mvad_Two2,36.0,38.0,Separation-2,31.67237057942964,2,1,4.9425431401901205,0.7065243136574479,11.05745685980988,0.3434362333130714,12.94254314019012,0.2315045871427076,0.0,0.0,0.0,0.0,12.94254314019012,0.2315045871427076,18.05745685980988,-0.07220602738732618,11.94254314019012,0.29088205295705016,0.0,0.0,0.0,0.0,1.0,0.0,1,0.0
mvad_Two2__036.500,mvad_Two2,36.5,38.5,Separation-2,31.38587315471472,2,1,9.03804228176176,0.4633439533861087,17.88587315471472,-0.06201782180374016,19.96195771823824,-0.18529046200204213,0.0,0.0,0.0,0.0,10.885873154714721,0.3536244388966575,14.038042281761761,0.1664566243143959,13.038042281761761,0.22583409012873845,0.0,0.0,0.0,0.0,6.923915436476477,0.0,3,3.0
mvad_Two2__037.000,mvad_Two2,37.0,39.0,Separation-2,31.21224599172004,2,1,12.904081997240013,0.23378831234340813,13.904081997240013,0.17441084652906558,8.095918002759987,0.5192849055553985,0.0,0.0,0.0,0.0,19.904081997240013,-0.18185394835698965,11.904081997240013,0.2931657781577507,5.287754008279961,0.6860265671387038,0.0,0.0,0.0,0.0,2.808163994480026,0.0,2,-0.5755080165599225
mvad_Two2__037.500,mvad_Two2,37.5,39.5,Separation-2,30.94997583488398,2,1,12.550024165116021,0.2548113691666507,9.449975834883979,0.4388843829178134,16.550024165116017,0.017301505909280812,0.0,0.0,0.0,0.0,10.816658611627993,0.357734223062645,11.816658611627993,0.29835675724830246,17.55002416511602,-0.042075959905061966,0.0,0.0,0.0,0.0,-1.0000000000000036,0.0,1,-9.000000000000002
mvad_Two2__038.000,mvad_Two2,38.0,40.0,Separation-2,30.792033104559504,2,1,13.76401103485317,0.18272790530977245,1.2359889651468319,0.9266101074750894,10.235988965146833,0.39221291514600654,0.0,0.0,0.0,0.0,11.23598896514683,0.3328354493316641,11.292033104559502,0.32950769035959393,12.76401103485317,0.242105371124115,0.0,0.0,0.0,0.0,-2.5280220697063367,0.0,1,-16.58406620911901
mvad_Two3__008.000,mvad_Two3,8.0,10.0,Azimuth,-13.552918542182631,1,1,5.760138263716899,0.6753540736472463,6.871249374828011,0.6127309768685345,6.315693819272455,0.6440425252578904,22.35,0.0,22.35,0.0,3.9470814578173674,0.7775393822862798,17.573195069616435,0.00956089399980653,10.204582708161345,0.4248616865323992,27.35,0.0,27.35,0.0,-3.88888888888889,-5.0,2,-25.439170417698598
mvad_Two3__008.000,mvad_Two3,8.0,10.0,Distance,0.9442047591860456,1,1,0.6019317469379849,-0.07378923467553267,0.5057952408139545,0.09770918829423592,0.6057952408139544,-0.08068134188428955,22.35,0.0,22.35,0.0,0.8057952408139544,-0.4374624022413407,0.09806825306201512,0.825055523425853,0.3724619074806211,0.3355632285322703,27.35,0.0,27.35,0.0,0.23333333333333334,-5.0,2,-0.5
mvad_Two3__008.000,mvad_Two3,8.0,10.0,Elevation,18.70555821413594,1,1,7.485186071378647,0.07651005150025492,4.151852738045314,0.48776233019818604,6.681480595288019,0.17566776403353768,22.35,0.0,22.35,0.0,5.818519404711981,0.28213619084922037,9.95555821413594,-0.22827380038199352,5.848147261954686,0.27848083370802046,27.35,0.0,27.35,0.0,0.833333333333333,-5.0,1,-7.411116428271882
mvad_Two3__008.500,mvad_Two3,8.5,10.5,Azimuth,-13.156771654885093,1,1,7.996701662739476,0.5492996000774024,20.656771654885095,-0.16423190943165733,6.44774278170497,0.6366001417993445,47.35,0.0,47.349999999999994,0.0,4.898783900670462,0.7239006835212867,18.55225721829503,-0.04561981932035919,20.218923884961697,-0.1395544644884268,52.35,0.0,52.349999999999994,0.0,-13.771181103256726,-5.0,1,-32.98020997643686
mvad_Two3__008.500,mvad_Two3,8.5,10.5,Distance,0.935587967881732,1,1,0.5048040107060894,0.09947744893894572,0.7810786987849347,-0.3933704318739746,0.8048040107060895,-0.43569414159663156,47.35,0.0,47.349999999999994,0.0,1.4144120321182683,-1.5231771230046376,0.16186265596057722,0.7112523498708834,0.6381373440394227,-0.13837659129908841,52.35,0.0,52.349999999999994,0.0,0.16666666666666685,-5.0,2,-0.8
mvad_Two3__008.500,mvad_Two3,8.5,10.5,Elevation,18.783096300832504,1,1,11.69976296749917,-0.44346625418291086,3.3443654336108346,0.5873866283886848,13.344365433610834,-0.6463702077051086,47.35,0.0,47.349999999999994,0.0,10.011032100277502,-0.23511792900717765,6.699762967499171,0.17341216386398572,4.177698766944168,0.48457355871420205,52.35,0.0,52.349999999999994,0.0,9.166666666666666,-5.0,3,7.4338073983349915
mvad_Two3__009.000,mvad_Two3,9.0,11.0,Azimuth,-12.830375020903462,1,1,10.330375020903464,0.41777193277501823,17.112097215254405,0.035548732002159356,6.556541659698844,0.6304681513999215,72.35,0.0,72.35000000000001,0.0,5.225180534652092,0.705504712323017,18.443458340301152,-0.03948782892093594,11.556541659698846,0.3486642158957184,77.35,0.0,77.35,0.0,-5.000000000000002,-5.0,2,-27.3274167084736
mvad_Two3__009.000,mvad_Two3,9.0,11.0,Distance,0.9215732307559916,1,1,1.1284267692440084,-1.013006496330795,0.3428089230813362,0.3884613446159101,0.7617601025773418,-0.35890788567620113,72.35,0.0,72.35000000000001,0.0,0.6761422564146695,-0.20617375597917542,0.22385774358533053,0.6006589843724444,0.3428089230813361,0.3884613446159103,77.35,0.0,77.35,0.0,0.41895117949600574,-5.0,2,-0.09999999999999992
mvad_Two3__009.000,mvad_Two3,9.0,11.0,Elevation,18.971322527841696,1,1,8.55465586117503,-0.055436514915453206,7.573774175947232,0.06558043353944643,3.2595591573861014,0.5978496606922772,72.35,0.0,72.35000000000001,0.0,8.407107509280566,-0.03723263613503636,8.55465586117503,-0.055436514915453206,5.759559157386101,0.28941045166882884,77.35,0.0,77.35,0.0,-2.4999999999999996,-5.0,1,-7.942645055683393
mvad_Two3__009.500,mvad_Two3,9.5,11.5,Azimuth,-12.646982473744414,1,1,9.59142691818886,0.45941962947068604,10.50656139764075,0.4078419299056596,3.741906415144474,0.7891032091847727,97.35,0.0,97.35000000000001,0.0,5.506561397640751,0.6896458654098625,17.728783619862973,0.0007918008440329638,6.519684192922251,0.6325454672379933,100.0,0.0,100.0,0.0,-2.7777777777777772,-2.6500000000000057,1,-8.333333333333332
mvad_Two3__009.500,mvad_Two3,9.5,11.5,Distance,0.9092754452022628,1,1,0.9073912214644041,-0.6187000107637504,0.5802415182659125,-0.035095920750488174,0.40739122146440393,0.2732526401288782,97.35,0.0,97.35000000000001,0.0,1.3407245547977376,-1.391725641537362,0.18642514840075416,0.6674351893817914,0.28024151826591237,0.5000756697850891,100.0,0.0,100.0,0.0,0.12714970319849156,-2.6500000000000057,2,-0.09999999999999987
mvad_Two3__009.500,mvad_Two3,9.5,11.5,Elevation,19.06786679707377,1,1,7.817866797073769,0.0354653395439547,7.60595559902459,0.06161002846775476,1.560711067642077,0.8074462051129344,97.35,0.0,97.35000000000001,0.0,8.439288932357924,-0.04120304120672813,7.817866797073769,0.0354653395439547,5.727377734308743,0.2933808567405205,100.0,0.0,100.0,0.0,-4.166666666666666,-2.6500000000000057,0,-8.135733594147538
mvad_Two3__010.000,mvad_Two3,10.0,12.0,Azimuth,-12.675547760210222,1,1,7.836293697847851,0.5583403192359384,3.7133411286786657,0.7907131712137466,4.268896684234221,0.7594016228243907,100.0,0.0,100.0,0.0,5.380007795345333,0.6967785260456789,17.280738142292297,0.026043996616888387,6.491118906456443,0.6341554292669672,100.0,0.0,100.0,0.0,-2.2222222222222223,0.0,1,-8.333333333333334
mvad_Two3__010.000,mvad_Two3,10.0,12.0,Distance,0.9047771055417524,1,1,0.5150742981527493,0.08115622871199046,0.3484076314860826,0.3784737790095333,0.6817409648194158,-0.216161321585552,100.0,0.0,100.0,0.0,1.0150742981527494,-0.8107964221806381,0.6452228944582477,-0.1510165422572971,0.28174096481941585,0.4974007991285506,100.0,0.0,100.0,0.0,0.39999999999999997,0.0,3,0.09999999999999992
mvad_Two3__010.000,mvad_Two3,10.0,12.0,Elevation,19.010719001608194,1,1,11.92738566827486,-0.47154936049612495,7.586906333869398,0.06396024457853289,7.586906333869398,0.06396024457853289,100.0,0.0,100.0,0.0,8.42023966720273,-0.038852825095949894,6.753573000536065,0.16677331425301567,5.920239667202732,0.26958638392749845,100.0,0.0,100.0,0.0,1.666666666666666,0.0,1,-2.5
mvad_Two3__010.500,mvad_Two3,10.5,12.5,Azimuth,-12.946554960027015,1,1,3.9978894844174278,0.77467580191606,4.295592791102105,0.7578970092287887,3.9978894844174278,0.77467580191606,100.0,0.0,100.0,0.0,3.997889484417429,0.7746758019160599,16.815518320009005,0.0522641519756879,5.109000595528539,0.7120527051373482,100.0,0.0,100.0,0.0,-1.1111111111111116,0.0,2,-8.333333333333332
mvad_Two3__010.500,mvad_Two3,10.5,12.5,Distance,0.9083510307444024,1,1,0.513882989751866,0.08328141008438761,0.4138829897518659,0.2616719402629134,0.6472163230851992,-0.1545726301536463,100.0,0.0,100.0,0.0,1.441648969255598,-1.571765239568312,0.8416489692555977,-0.5014220584971572,0.2805496564185325,0.49952598050094765,100.0,0.0,100.0,0.0,0.36666666666666664,0.0,2,0.0
mvad_Two3__010.500,mvad_Two3,10.5,12.5,Elevation,18.85672768929536,1,1,7.535575896431787,0.07029317238736665,10.940061022628692,-0.34973750739514053,7.535575896431787,0.07029317238736665,100.0,0.0,100.0,0.0,8.368909229765121,-0.03251989728711635,5.86890922976512,0.2759193117363322,5.86890922976512,0.2759193117363322,100.0,0.0,100.0,0.0,1.666666666666667,0.0,1,-2.500000000000001
mvad_Two3__011.000,mvad_Two3,11.0,13.0,Azimuth,-13.329805055690436,1,1,4.170194944309563,0.764964530574767,14.165490574119033,0.20162180157311305,6.9456205369920765,0.6085393596313635,100.0,0.0,100.0,0.0,9.165490574119035,0.48342573707731584,16.943268351896815,0.04506405962633342,1.3924171665317857,0.9215222725215463,100.0,0.0,100.0,0.0,5.553203370460291,0.0,3,1.666666666666666
mvad_Two3__011.000,mvad_Two3,11.0,13.0,Distance,0.9147714328606876,1,1,0.6685619004726459,-0.19265111882477992,0.3685619004726457,0.34252047171079725,0.6450761890464375,-0.15075483369536835,100.0,0.0,100.0,0.0,0.7352285671393123,-0.3115781389437966,0.7685619004726457,-0.3710416490033055,0.6685619004726457,-0.1926511188247797,100.0,0.0,100.0,0.0,-0.023485711426208256,0.0,2,-1.1
mvad_Two3__011.000,mvad_Two3,11.0,13.0,Elevation,18.69752060574521,1,1,5.780853939078544,0.2867831934202112,4.982506868581737,0.3852798090003001,7.482506868581737,0.07684059997685178,100.0,0.0,100.0,0.0,4.982506868581737,0.3852798090003001,6.649173535248404,0.17965366965133456,5.850826464751596,0.2781502852314236,100.0,0.0,100.0,0.0,1.6316804038301411,0.0,1,-2.5
mvad_Two3__011.500,mvad_Two3,11.5,13.5,Azimuth,-13.66715736807253,1,1,3.8328426319274684,0.7839779724309104,16.50016356713529,0.07003779406364163,14.833496900468624,0.16397243923170912,78.65,0.0,78.64999999999999,0.0,4.388398187483024,0.7526664240415546,18.166830233801956,-0.023896851104426187,7.944280877309157,0.5522540768046995,82.65,0.0,82.65,0.0,6.8892160231594675,-4.0,2,-20.6676480694784
mvad_Two3__011.500,mvad_Two3,11.5,13.5,Distance,0.919497124581575,1,1,0.430502875418425,0.23202363810727378,0.8305028754184253,-0.4815384826068294,0.34350095847280837,0.3872268190120399,78.65,0.0,78.64999999999999,0.0,0.8768342918061416,-0.5641893419400967,0.7638362087517585,-0.36261146248781206,0.7435009584728083,-0.3263353017020627,82.65,0.0,82.65,0.0,-0.3999999999999999,-4.0,0,-0.8999999999999999
mvad_Two3__011.500,mvad_Two3,11.5,13.5,Elevation,18.69270729142376,1,1,4.185764236192081,0.48357847593211045,8.352430902858748,-0.03048687244030357,13.31423576380792,-0.6426529390962492,78.65,0.0,78.64999999999999,0.0,5.019097569525414,0.38076540625762767,3.3524309028587473,0.5863915456065932,8.352430902858748,-0.03048687244030357,82.65,0.0,82.65,0.0,4.961804860949172,-4.0,2,0.0
mvad_Two3__012.000,mvad_Two3,12.0,14.0,Azimuth,-13.911240529769008,1,1,3.58875947023099,0.7977346915421857,27.52235164088012,-0.5511814013461152,5.255426136897657,0.7038000463741181,53.65,0.0,53.65,0.0,8.248191287700783,0.535125446866888,14.189018307546789,0.20029575999842597,2.477648359119879,0.8603577883208975,57.65,0.0,57.65,0.0,2.7777777777777777,-4.0,1,0.0
mvad_Two3__012.000,mvad_Two3,12.0,14.0,Distance,0.9204681603585644,1,1,0.5961985063081023,-0.06356167631947462,0.562865172974769,-0.004098166259965952,0.2765106132138118,0.5067312510879887,53.65,0.0,53.65,0.0,0.7961985063081024,-0.420342736676526,0.4295318396414356,0.2337558739780684,0.3431772798804786,0.38780423096897143,57.65,0.0,57.65,0.0,-0.06666666666666676,-4.0,1,-0.35906367928287153
mvad_Two3__012.000,mvad_Two3,12.0,14.0,Elevation,18.7528274295936,1,1,4.1657241901354665,0.48605093031390867,5.8323908568021325,0.2804247909649431,5.8342758098645335,0.28019223359229783,53.65,0.0,53.65,0.0,9.9990575234688,-0.23364055740747092,4.1676091431978675,0.4858183729412633,7.5009424765312005,0.07456609424333216,57.65,0.0,57.65,0.0,-1.666666666666667,-4.0,1,-12.505654859187203
mvad_Two3__012.500,mvad_Two3,12.5,14.5,Azimuth,-14.043497120538063,1,1,3.4565028794619352,0.8051887770972034,17.18116570684602,0.03165597745218818,1.7077231820428675,0.9037513773097119,28.65,0.0,28.65,0.0,2.9009473239063794,0.8365003254865593,11.625610151290466,0.3447714613457469,1.7898362127952694,0.899123422265271,34.0,0.0,34.0,0.0,-0.08211303075240184,-5.350000000000001,1,-1.9130057589238718
mvad_Two3__012.500,mvad_Two3,12.5,14.5,Distance,0.9185105796480908,1,1,0.3438298067839698,0.38664018476627593,0.7438298067839698,-0.3269219359478268,0.7314894203519092,-0.30490785516559504,28.65,0.0,28.65,0.0,0.798156087018576,-0.4238348752846124,0.5314894203519093,0.05187320519145622,0.4438298067839697,0.20824965458775035,34.0,0.0,34.0,0.0,0.2876596135679395,-5.350000000000001,2,0.0
mvad_Two3__012.500,mvad_Two3,12.5,14.5,Elevation,18.8035981747042,1,1,7.517866058234733,0.07247813578153961,9.982133941765268,-0.23155259894567837,7.482133941765267,0.07688661007777009,28.65,0.0,28.65,0.0,6.684532724901399,0.1752912054560225,5.053598174704199,0.3765088705087578,8.3154672750986,-0.025926459596712803,34.0,0.0,34.0,0.0,-0.833333333333333,-5.350000000000001,1,-4.999999999999998
mvad_Two3__015.000,mvad_Two3,15.0,17.0,Azimuth,18.66852992009357,1,1,5.057418808982455,0.714959895227153,25.057418808982458,-0.4122558467896589,28.946307697871347,-0.6314366855151501,49.65,0.0,49.65,0.0,30.612974364538015,-0.7253713306832177,31.168529920093572,-0.7566828790725737,36.724085475649126,-1.0697983629661323,69.65,0.0,69.65,0.0,-7.777777777777779,-20.000000000000007,1,-16.66666666666667
mvad_Two3__015.500,mvad_Two3,15.5,17.5,Azimuth,19.76847786664753,1,1,6.157366755536416,0.6529659631894185,37.82403342220308,-1.1317922950038666,30.046255644425305,-0.6934306175528844,24.65,0.0,24.65,0.0,20.046255644425305,-0.12982274654447856,36.71292231109197,-1.069169198225155,27.26847786664753,-0.5368728756061052,44.65,0.0,44.65,0.0,2.777777777777775,-20.0,2,-16.66666666666666
mvad_Two3__016.000,mvad_Two3,16.0,18.0,Azimuth,20.2815054003161,1,1,12.781505400316098,0.27962429530454014,10.559283178093876,0.40487048886196364,30.55928317809388,-0.7223452531548484,5.0,0.0,5.0,0.0,15.371612911216479,0.13364379731439557,30.55928317809388,-0.7223452531548484,36.114838733649435,-1.0354607370484072,26.05,0.0,26.05,0.0,-5.555555555555554,-21.05,1,-16.66666666666668
mvad_Two3__016.500,mvad_Two3,16.5,18.5,Azimuth,19.625192649852764,1,1,6.569637094297207,0.6297300823985301,34.347414872074985,-0.9358473370692639,29.90297042763054,-0.6853549499544169,7.05,0.0,7.049999999999999,0.0,13.486175327728697,0.23990854354927382,25.70839754995092,-0.4489455210165556,37.68074820540832,-1.1237166274053996,46.05,0.0,46.050000000000004,0.0,-7.777777777777782,-39.0,0,-16.666666666666664
mvad_Two3__017.000,mvad_Two3,17.0,19.0,Azimuth,18.30712949568903,1,1,10.807129495689026,0.39090167532225606,24.696018384577915,-0.39188703441164097,34.14046282902236,-0.924183357030691,30.4,0.0,30.4,0.0,11.91824060680014,0.32827857854354414,8.584907273466804,0.5161478688796797,15.807129495689027,0.10909773981805304,56.4,0.0,56.39999999999999,0.0,18.333333333333336,-26.0,2,0.0
mvad_Two3__017.500,mvad_Two3,17.5,19.5,Azimuth,18.73443899854449,1,1,6.234438998544491,0.6486221109098562,25.12332788743338,-0.4159705343282438,34.56777233187782,-0.9482668569472936,40.0,0.0,40.0,0.0,12.3455501096556,0.3041950786269416,9.012216776322267,0.4920643689630768,16.234438998544487,0.08501423990145052,66.0,0.0,66.0,0.0,18.333333333333332,-26.0,2,0.0
mvad_Two3__018.000,mvad_Two3,18.0,20.0,Azimuth,19.85863385870425,1,1,7.914189414259802,0.553950055347177,29.025300525370913,-0.6358887834483464,35.69196719203758,-1.011627364120617,40.0,0.0,40.0,0.0,13.469744969815357,0.2408345714536182,13.563989064012526,0.23552290012506005,17.35863385870425,0.021653732728126873,59.6,0.0,59.599999999999994,0.0,18.333333333333332,-19.6,2,0.0
mvad_Two3__018.500,mvad_Two3,18.5,20.5,Azimuth,20.682151675528043,1,1,8.182151675528042,0.538847491388778,27.071040564416933,-0.5257451538493221,30.95992945330582,-0.7449259925748133,34.6,0.0,34.599999999999994,0.0,22.071040564416933,-0.24394121834511928,32.62659611997248,-0.8388606377428807,14.394050558509347,0.18873998095311917,34.6,0.0,34.599999999999994,0.0,16.56587889479647,0.0,2,-16.666666666666664
mvad_Two3__018.500,mvad_Two3,18.5,20.5,Distance,0.9136164629832436,1,1,0.6121278456722522,-0.09197810926511796,0.7121278456722523,-0.270368639443644,0.5121278456722521,0.08641242091340773,34.6,0.0,34.599999999999994,0.0,0.31212784567225216,0.443193481270459,0.6121278456722522,-0.09197810926511796,0.25453882099441455,0.5459268477178956,34.6,0.0,34.599999999999994,0.0,0.25758902467783756,0.0,1,-0.22723292596648742
mvad_Two3__018.500,mvad_Two3,18.5,20.5,Elevation,11.390073994266952,1,1,5.880024664755651,0.2745479373457599,11.619975335244348,-0.43362240050989853,7.453308668577683,0.08044294786251538,34.6,0.0,34.599999999999994,0.0,7.453308668577683,0.08044294786251538,4.213357998088984,0.48017407669472556,6.713357998088984,0.1717348676712771,34.6,0.0,34.599999999999994,0.0,0.7399506704886987,0.0,1,0.0
mvad_Two3__019.000,mvad_Two3,19.0,21.0,Azimuth,20.829811926899936,1,1,13.329811926899934,0.24872130789374713,23.329811926899936,-0.3148865631146589,26.107589704677707,-0.47144430506143786,9.6,0.0,9.6,0.0,22.21870081578882,-0.2522634663359469,20.55438175341109,-0.15846113399340478,28.88536748245549,-0.6280020470082175,9.6,0.0,9.6,0.0,-2.777777777777782,0.0,1,-13.333333333333336
mvad_Two3__019.000,mvad_Two3,19.0,21.0,Distance,0.914462687752968,1,1,0.7118457707490107,-0.26986544449257255,0.5785124374156774,-0.0320114042545383,0.31184577074901076,0.44369667622153,9.6,0.0,9.6,0.0,0.3118457707490107,0.4436966762215301,0.445179104082344,0.20584263598349595,0.40220397891369863,0.28250618961672747,9.6,0.0,9.6,0.0,-0.09035820816468787,0.0,1,-0.5
mvad_Two3__019.000,mvad_Two3,19.0,21.0,Elevation,11.19634999976169,1,1,7.48211666658723,0.07688874141466973,10.851216666746103,-0.33877627425329115,11.684550000079435,-0.4415893439277738,9.6,0.0,9.6,0.0,7.51788333341277,0.07247600444463997,9.148783333253897,-0.12873739793429584,9.220316666904976,-0.13756287187435556,9.6,0.0,9.6,0.0,2.464233333174459,0.0,1,0.0
mvad_Two3__019.500,mvad_Two3,19.5,21.5,Azimuth,19.41107087210649,1,1,15.799959760995376,0.10950183170869143,19.525912512924382,-0.1004957980905703,28.022181983217603,-0.5793522328571383,0.0,0.0,0.0,0.0,21.355515316550935,-0.2036136521848675,19.525912512924386,-0.10049579809057052,21.91107087210649,-0.23492520057422328,0.0,0.0,0.0,0.0,6.111111111111114,0.0,2,-15.000000000000002
mvad_Two3__019.500,mvad_Two3,19.5,21.5,Distance,0.9129898268280668,1,1,0.6456700577239777,-0.15181423917779635,0.9036768398385999,-0.6120739056886246,0.379003391057311,0.3238938412982719,0.0,0.0,0.0,0.0,0.1876632756093556,0.6652264876900826,0.5703435065052664,-0.01743880509353879,0.6370101731719333,-0.13636582521255636,0.0,0.0,0.0,0.0,-0.2580067821146223,0.0,1,-0.7000000000000002
mvad_Two3__019.500,mvad_Two3,19.5,21.5,Elevation,11.782375537802148,1,1,8.155874820732619,-0.0062366314404112,8.98920815406595,-0.10904970111489365,6.010791845934048,0.25841444697420357,0.0,0.0,0.0,0.0,7.322541487399285,0.0965764382340718,12.677458512600715,-0.5640901104216589,16.967624462197854,-1.0933922672508878,0.0,0.0,0.0,0.0,-10.956832616263807,0.0,0,-16.435248924395708
mvad_Two3__022.000,mvad_Two3,22.0,24.0,Separation-2,33.6439982861023,1,1,10.714666095367434,0.3637902802102251,14.285333904632566,0.15177307443121146,15.285333904632566,0.09239560861686891,0.0,0.0,0.0,0.0,3.714666095367434,0.7794325409106229,16.714666095367434,0.007525485324169856,10.714666095367434,0.3637902802102251,0.0,0.0,0.0,0.0,4.570667809265132,0.0,2,-19.287996572204605
mvad_Two3__022.500,mvad_Two3,22.5,24.5,Separation-2,32.6165891179113,1,1,23.372196372637102,-0.3877817911223602,11.6278036273629,0.3095704876203713,20.627803627362898,-0.22482670470871158,0.0,0.0,0.0,0.0,9.6278036273629,0.4283254192490563,17.372196372637102,-0.031516996236304884,13.6278036273629,0.1908155559916862,0.0,0.0,0.0,0.0,6.999999999999998,0.0,2,-3.0
mvad_Two3__023.000,mvad_Two3,23.0,25.0,Separation-2,31.653571567362512,1,1,26.051190522454174,-0.546853674669947,10.05119052245417,0.40318577835953373,20.846428432637488,-0.23780809161007066,0.0,0.0,0.0,0.0,11.05119052245417,0.3438083125451912,16.05119052245417,0.046920983473478506,10.05119052245417,0.40318577835953373,0.0,0.0,0.0,0.0,10.795237910183317,0.0,2,-0.30714313472502397
mvad_Two3__023.500,mvad_Two3,23.5,25.5,Separation-2,30.690288418422384,1,1,20.730096139474128,-0.2309005748496593,14.730096139474128,0.12536422003639602,21.809711581577616,-0.29500540385579543,0.0,0.0,0.0,0.0,16.730096139474128,0.0066092884077109115,15.269903860525872,0.09331180553332785,9.730096139474128,0.4222515491081087,0.0,0.0,0.0,0.0,12.079615442103488,0.0,3,1.6194231631552327
mvad_Two3__024.000,mvad_Two3,24.0,26.0,Separation-2,30.45932657133117,1,1,24.653108857110393,-0.4638391283803376,8.653108857110391,0.4862003246491431,20.346891142889607,-0.20814683326507666,0.0,0.0,0.0,0.0,6.040673428668828,0.6413201199936094,15.95932657133117,0.05237563209085494,19.653108857110393,-0.16695179930862492,0.0,0.0,0.0,0.0,0.6937822857792142,0.0,1,-6.918653142662343
mvad_Two3__024.500,mvad_Two3,24.5,26.5,Separation-2,31.008199635234504,1,1,2.163933454921832,0.8715111152558668,9.491800364765496,0.43640094832457277,14.508199635234504,0.13853987213120633,0.0,0.0,0.0,0.0,13.163933454921832,0.21835899129809888,8.163933454921832,0.5152463203698116,14.508199635234504,0.13853987213120633,0.0,0.0,0.0,0.0,0.0,0.0,1,-12.0
mvad_Two3__025.000,mvad_Two3,25.0,27.0,Separation-2,31.76684093299688,1,1,11.26684093299688,0.3310035376653425,15.911053022334372,0.0552419930961493,20.91105302233437,-0.24164533597556348,0.0,0.0,0.0,0.0,9.911053022334373,0.4115067879822044,8.088946977665627,0.5196988273596299,10.911053022334372,0.35212932216786197,0.0,0.0,0.0,0.0,10.0,0.0,2,-3.0
mvad_Two3__025.500,mvad_Two3,25.5,27.5,Separation-2,32.387590423287804,1,1,14.704136525570732,0.12690563612349837,18.704136525570732,-0.11060422713387186,20.704136525570732,-0.22935915876255675,0.0,0.0,0.0,0.0,6.887590423287804,0.5910323350980353,17.295863474429268,-0.026984542182459714,21.295863474429268,-0.2644944054398297,0.0,0.0,0.0,0.0,-0.5917269488585362,0.0,1,-10.775180846575605
mvad_Two3__026.000,mvad_Two3,26.0,28.0,Separation-2,32.384586432570096,1,1,11.705137855809967,0.30497857711447696,27.884586432570092,-0.6557160776470103,17.29486214419003,-0.026925085730410414,0.0,0.0,0.0,0.0,10.705137855809967,0.3643560429288195,16.884586432570096,-0.0025639536892427817,13.705137855809967,0.18622364548579184,0.0,0.0,0.0,0.0,3.5897242883800633,0.0,1,-1.2308271348598083
mvad_Two3__026.500,mvad_Two3,26.5,28.5,Separation-2,32.32637016702935,1,1,10.275456722343117,0.38986941974231537,26.826370167029356,-0.5928818775156841,16.27545672234312,0.033604624856260035,0.0,0.0,0.0,0.0,11.724543277656883,0.30382633234214884,15.27545672234312,0.09298209067060248,15.826370167029355,0.0602702464420839,0.0,0.0,0.0,0.0,0.4490865553137642,0.0,1,-1.6527403340587092
mvad_Two3__036.000,mvad_Two3,36.0,38.0,Separation-2,32.99855006567143,1,1,22.49951668855714,-0.33596428301403103,19.49855006567143,-0.15777448995365195,19.500483311442856,-0.15788928118835543,1.3,1.3,0.0,0.0,11.49855006567143,0.3172452365610885,15.499516688557144,0.07967797768636653,10.499516688557144,0.3765653067580792,2.325,2.325,0.0,0.0,9.000966622885713,-1.0250000000000001,2,-3.0
mvad_Two3__036.500,mvad_Two3,36.5,38.5,Separation-2,33.562363731803266,1,1,7.062363731803266,0.580654738946399,25.062363731803263,-0.4881396457117666,19.312545422732246,-0.1467300056262213,0.0,0.0,0.0,0.0,12.687454577267756,0.24665109956726006,20.687454577267754,-0.22836862694748006,20.687454577267754,-0.22836862694748006,0.0,0.0,0.0,0.0,-1.3749091545355085,0.0,1,-12.000000000000004
mvad_Two3__037.000,mvad_Two3,37.0,39.0,Separation-2,33.68695657948389,1,1,11.18695657948389,0.33574686813516097,15.72898552649463,0.06605269960627647,14.27101447350537,0.1526233259634474,0.0,0.0,0.0,0.0,18.18695657948389,-0.07989539256523681,11.27101447350537,0.33075572340647497,16.72898552649463,0.006675233791934021,0.0,0.0,0.0,0.0,-2.4579710529892598,0.0,1,-18.0
mvad_Two3__037.500,mvad_Two3,37.5,39.5,Separation-2,33.76198103756846,1,1,12.246006320810514,0.2728631783238511,22.246006320810512,-0.32091147981957424,16.246006320810512,0.035353315066480984,0.0,0.0,0.0,0.0,15.246006320810514,0.09473078088082343,10.753993679189486,0.36145510794627056,8.753993679189486,0.48021003957495556,0.0,0.0,0.0,0.0,7.4920126416210255,0.0,2,-3.0
mvad_Two3__038.000,mvad_Two3,38.0,40.0,Separation-2,33.96269977452557,1,1,11.462699774525568,0.3193739359980362,16.179100075158143,0.03932603838047055,14.537300225474432,0.13681195282905778,0.0,0.0,0.0,0.0,9.462699774525568,0.4381288676267212,15.462699774525568,0.08186407274066598,12.462699774525568,0.25999647018369365,0.0,0.0,0.0,0.0,2.0746004509488642,0.0,2,-19.925399549051136
mvad_Two4__008.000,mvad_Two4,8.0,10.0,Azimuth,-20.536432712977785,2,1,14.703099379644451,0.17132174614135776,19.1475438240889,-0.07917064097348958,13.036432712977787,0.26525639130942524,0.0,0.0,0.0,0.0,15.258654935200008,0.14001019775200185,35.258654935200006,-0.9872055442648098,8.789922015437039,0.5045930766549614,0.0,0.0,0.0,0.0,4.246510697540748,0.0,1,-1.6666666666666645
mvad_Two4__008.000,mvad_Two4,8.0,10.0,Distance,1.2901575182145637,2,1,0.8866141605951455,-0.5816357017235652,0.4532808272618121,0.19138992905004626,0.18661416059514538,0.6670980095261149,0.0,0.0,0.0,0.0,0.1800525060715211,0.6788033798192914,0.6199474939284788,-0.10592762124749644,0.7199474939284788,-0.28431815142602224,0.0,0.0,0.0,0.0,-0.5333333333333334,0.0,0,-0.6196849635708727
mvad_Two4__008.000,mvad_Two4,8.0,10.0,Elevation,7.0332081511550175,2,1,8.072263949614994,0.004078916940901567,7.238930616281661,0.10689198661538424,9.427736050385006,-0.1631533801050402,0.0,0.0,0.0,0.0,12.550125182178318,-0.5483802737345367,4.427736050385007,0.4537250379418565,10.883458515511649,-0.3427541343855707,0.0,0.0,0.0,0.0,-1.4557224651266427,0.0,2,-13.433583697689967
mvad_Two4__008.500,mvad_Two4,8.5,10.5,Azimuth,-20.9227780944896,2,1,20.08944476115627,-0.13225691915762572,37.867222538934044,-1.134226467617014,3.422778094489599,0.8070895325230509,0.0,0.0,0.0,0.0,15.64500031671182,0.11823546795722151,36.20055587226738,-1.0402918224489461,23.422778094489598,-0.3201262094937609,0.0,0.0,0.0,0.0,-20.0,0.0,0,-33.33333333333333
mvad_Two4__008.500,mvad_Two4,8.5,10.5,Distance,1.290752027476789,2,1,0.8197493241744039,-0.4623551655296003,0.4925813058565443,0.12128159692220553,0.5925813058565444,-0.05710893325632038,0.0,0.0,0.0,0.0,0.08025067582559627,0.8568403939228689,0.4530826575077371,0.1917434451249942,0.5592479725232111,0.0023545768031881797,0.0,0.0,0.0,0.0,0.033333333333333326,0.0,1,-0.6999999999999997
mvad_Two4__008.500,mvad_Two4,8.5,10.5,Elevation,7.182218789473357,2,1,8.022593736842214,0.010207013396766551,14.067781210526642,-0.7356221237159066,10.522593736842214,-0.2982321956266818,0.0,0.0,0.0,0.0,15.73444787719331,-0.9412482630648724,10.522593736842214,-0.2982321956266818,6.3559270701755475,0.21583315274573212,0.0,0.0,0.0,0.0,4.166666666666667,0.0,2,-8.135562421053287
mvad_Two4__009.000,mvad_Two4,9.0,11.0,Azimuth,-20.89660831255758,2,1,21.729941645890914,-0.2247166148177473,26.729941645890914,-0.5065205503219503,13.952163868113134,0.21364506263323513,0.0,0.0,0.0,0.0,12.841052757002025,0.2762681594119468,36.72994164589092,-1.0701284213303563,18.39660831255758,-0.036847324481611876,0.0,0.0,0.0,0.0,-4.444444444444445,0.0,1,-38.33333333333334
mvad_Two4__009.000,mvad_Two4,9.0,11.0,Distance,1.2916519374878497,2,1,0.31944935417071674,0.4301326034429822,0.8250147291788171,-0.47174814943301957,0.6138839791626166,-0.09511088510922172,0.0,0.0,0.0,0.0,0.45278268750405015,0.19227856320494785,0.7194493541707168,-0.28342951727112053,0.2583480625121502,0.5391315215786263,0.0,0.0,0.0,0.0,0.3555359166504664,0.0,3,0.18330387497569953
mvad_Two4__009.000,mvad_Two4,9.0,11.0,Elevation,7.332249625500927,2,1,8.80591679149969,-0.08643600395858675,16.41775037449907,-1.0255511757819669,3.805916791499691,0.5304424140883099,0.0,0.0,0.0,0.0,6.417750374499072,0.20820566031182663,7.860749875166976,0.030174610468930885,12.972583458166357,-0.6005013523310008,0.0,0.0,0.0,0.0,-9.166666666666666,0.0,0,-14.999999999999998
mvad_Two4__009.500,mvad_Two4,9.5,11.5,Azimuth,-20.190052812914324,2,1,18.67446204874922,-0.052507379752282146,29.35671947958099,-0.6545678165677637,13.801163924025438,0.22215553833420065,0.0,0.0,0.0,0.0,13.24560836846988,0.25346708672355667,30.467830590692103,-0.7171909133464758,22.690052812914328,-0.2788292358954936,0.0,0.0,0.0,0.0,-8.88888888888889,0.0,2,-35.0
mvad_Two4__009.500,mvad_Two4,9.5,11.5,Distance,1.292118797303766,2,1,0.7578812026962342,-0.3519882956131988,0.6912145360295674,-0.23306127549418165,0.2245478693629007,0.5994278653389382,0.0,0.0,0.0,0.0,0.7912145360295675,-0.41145180567270745,0.4526270675654114,0.1925561744385491,0.6859604008987447,-0.2236883959780107,0.0,0.0,0.0,0.0,-0.46141253153584394,0.0,0,-0.9000000000000001
mvad_Two4__009.500,mvad_Two4,9.5,11.5,Elevation,7.454249866569315,2,1,5.401416622189771,0.3335965317782723,13.795750133430687,-0.7020601036161975,12.931916711143563,-0.5954840646168937,0.0,0.0,0.0,0.0,16.295750133430687,-1.010499312639646,9.598583377810229,-0.1842317859189626,3.765250044476895,0.535459701802417,0.0,0.0,0.0,0.0,9.166666666666668,0.0,2,-2.5915002668613702
mvad_Two4__010.000,mvad_Two4,10.0,12.0,Azimuth,-19.618007145201734,2,1,12.118007145201735,0.31701957920282,22.67356270075729,-0.27789984019494174,13.784673811868402,0.22308493403475238,0.0,0.0,0.0,0.0,21.562451589646184,-0.21527674341623038,27.118007145201734,-0.5283922273097887,12.928224603956139,0.271355085504579,0.0,0.0,0.0,0.0,0.856449207912263,0.0,2,-2.430652376263197
mvad_Two4__010.000,mvad_Two4,10.0,12.0,Distance,1.2950432823154046,2,1,0.5483477607718016,0.021799522337109578,0.24834776077180146,0.5569711128726869,0.5216233843512622,0.06947327912061474,0.0,0.0,0.0,0.0,0.6516522392281986,-0.16248588447941792,0.4816810941051349,0.1407265424561268,0.25165223922819857,0.5510762362346848,0.0,0.0,0.0,0.0,0.26997114512306364,0.0,1,-0.09008656463080911
mvad_Two4__010.000,mvad_Two4,10.0,12.0,Elevation,7.518615933566767,2,1,3.731384066433234,0.539637939994654,7.0647173997665655,0.12838566129672302,14.56471739976657,-0.7969319657736227,0.0,0.0,0.0,0.0,2.0895386445222557,0.7422017413038509,7.077128022144411,0.12685449227683854,12.8980507330999,-0.5913058264246567,0.0,0.0,0.0,0.0,1.6666666666666696,0.0,1,-10.0
mvad_Two4__010.500,mvad_Two4,10.5,12.5,Azimuth,-19.59617493162037,2,1,20.429508264953707,-0.1514231658959191,6.254280532762345,0.6475038264240496,22.651730487175925,-0.2766693594533425,0.0,0.0,0.0,0.0,30.429508264953707,-0.7150310369043249,18.207286042731482,-0.026176972338495474,13.76284159828704,0.22431541477635153,0.0,0.0,0.0,0.0,8.888888888888886,0.0,3,6.666666666666664
mvad_Two4__010.500,mvad_Two4,10.5,12.5,Distance,1.300097740849226,2,1,0.7833007530502579,-0.3973343662587392,0.4166992469497419,0.2566480041164315,0.883300753050258,-0.575724896437265,0.0,0.0,0.0,0.0,0.3166992469497419,0.4350385342949572,0.549902259150774,0.019026444437244217,0.38330075305025807,0.3162277544553632,0.0,0.0,0.0,0.0,0.49999999999999994,0.0,3,0.09999999999999987
mvad_Two4__010.500,mvad_Two4,10.5,12.5,Elevation,7.534173648182871,2,1,7.049159685150461,0.1303051049728845,5.382493018483795,0.33593124432185006,14.549159685150462,-0.7950125220974606,0.0,0.0,0.0,0.0,7.049159685150461,0.1303051049728845,9.571942117272377,-0.1809449021878895,9.549159685150462,-0.17813410405056396,0.0,0.0,0.0,0.0,5.0,0.0,2,-2.5
mvad_Two4__011.000,mvad_Two4,11.0,13.0,Azimuth,-19.60022612751676,2,1,29.878003905294538,-0.6839478171043891,30.98911501640565,-0.7465709138831009,9.322448349738982,0.4745794733017785,0.0,0.0,0.0,0.0,24.322448349738988,-0.37083233321083053,35.98911501640565,-1.028374849387304,34.322448349738984,-0.9344402042192363,0.0,0.0,0.0,0.0,-25.0,0.0,0,-31.666666666666664
mvad_Two4__011.000,mvad_Two4,11.0,13.0,Distance,1.302402804866304,2,1,0.6142638618003627,-0.09578855976075329,0.7142638618003628,-0.2741790899392791,0.5491990650445654,0.020280876131493764,0.0,0.0,0.0,0.0,0.8825323983778989,-0.574354224463592,0.48253239837789863,0.1392078962505111,0.38413426828876807,0.3147408422022665,0.0,0.0,0.0,0.0,0.16506479675579733,0.0,2,-0.104805609732608
mvad_Two4__011.000,mvad_Two4,11.0,13.0,Elevation,7.499187724725179,2,1,9.584145608608155,-0.18245051627386233,14.584145608608154,-0.7993289343207588,12.083604091758273,-0.4908229152857704,0.0,0.0,0.0,0.0,2.915854391391845,0.6402544711566203,14.584145608608154,-0.7993289343207588,7.083604091758274,0.1260555027611262,0.0,0.0,0.0,0.0,4.999999999999999,0.0,3,2.5
mvad_Two4__011.500,mvad_Two4,11.5,13.5,Azimuth,-19.47667098047966,2,1,21.976670980479664,-0.2386224743160359,9.547779215715442,0.4618796483372313,15.310004313812996,0.13711610635623472,0.0,0.0,0.0,0.0,23.08778209159077,-0.3012455710947475,17.325556993493223,0.02351797088624874,25.865559869368553,-0.4578033130415271,0.0,0.0,0.0,0.0,-10.555555555555557,0.0,0,-16.666666666666668
mvad_Two4__011.500,mvad_Two4,11.5,13.5,Distance,1.3030481286586797,2,1,0.7802852046746537,-0.3919549135237088,0.5156506237804402,0.08012811836919798,0.5802852046746537,-0.03517385316665744,0.0,0.0,0.0,0.0,0.7823172904471071,-0.39557996210687074,0.4156506237804401,0.2585186485477239,0.48231729044710686,0.13959162842870654,0.0,0.0,0.0,0.0,0.09796791422754686,0.0,1,-0.10000000000000053
mvad_Two4__011.500,mvad_Two4,11.5,13.5,Elevation,7.492709513088728,2,1,7.919096828970424,0.022976015156905616,4.585763495637091,0.43422829385483674,9.590623820244607,-0.18324977006307575,0.0,0.0,0.0,0.0,11.252430162303758,-0.38827626354102573,12.923957153577943,-0.5945020487610073,9.590623820244607,-0.18324977006307575,0.0,0.0,0.0,0.0,0.0,0.0,1,-2.500000000000001
mvad_Two4__012.000,mvad_Two4,12.0,14.0,Azimuth,-19.48564073329285,2,1,18.096751844403965,-0.019947177919196202,24.763418511070626,-0.3956857585914664,12.541196288848406,0.29316830597436294,0.0,0.0,0.0,0.0,19.76341851107063,-0.11388182308726358,27.541196288848408,-0.552243500538246,20.318974066626186,-0.1451933714766196,0.0,0.0,0.0,0.0,-7.77777777777778,0.0,0,-14.999999999999998
mvad_Two4__012.000,mvad_Two4,12.0,14.0,Distance,1.3033925108227655,2,1,0.5844641702742553,-0.042628732055765006,0.6177975036075886,-0.10209224211527346,0.779940822510568,-0.3913405683553559,0.0,0.0,0.0,0.0,0.7822024963924118,-0.39537518038408637,0.5177975036075885,0.07629828806325234,0.47994082251056797,0.14383102218022092,0.0,0.0,0.0,0.0,0.3,0.0,2,-0.10000000000000053
mvad_Two4__012.000,mvad_Two4,12.0,14.0,Elevation,7.498322029605553,2,1,10.418344637061113,-0.2853703916755259,4.583892656798149,0.4344591098755143,8.750559323464815,-0.07960623849689963,0.0,0.0,0.0,0.0,11.250559323464815,-0.3880454475203481,8.750559323464817,-0.07960623849689985,14.58501130372778,-0.7994357400479402,0.0,0.0,0.0,0.0,-5.8344519802629655,0.0,0,-15.0
mvad_Two4__012.500,mvad_Two4,12.5,14.5,Azimuth,-19.492247017577427,2,1,14.770024795355205,0.16754977703484875,19.21446923979965,-0.08294261007999837,21.992247017577427,-0.23950035202677777,0.0,0.0,0.0,0.0,11.992247017577427,0.32410751898162815,11.436691462021871,0.35541906737098405,20.32558035091076,-0.14556570685870995,0.0,0.0,0.0,0.0,1.6666666666666679,0.0,2,-11.666666666666666
mvad_Two4__012.500,mvad_Two4,12.5,14.5,Distance,1.3037297441092748,2,1,0.18457658136975819,0.6707328579090905,0.6154234186302419,-0.09785709933729603,0.44875675196357506,0.19946045096024712,0.0,0.0,0.0,0.0,0.7129369225573919,-0.2718119559885963,0.6179099147030916,-0.10229277286452088,0.7129369225573919,-0.2718119559885963,0.0,0.0,0.0,0.0,-0.2641801705938169,0.0,0,-0.5999999999999999
mvad_Two4__012.500,mvad_Two4,12.5,14.5,Elevation,7.522824425076492,2,1,6.227175574923508,0.23171795648818228,16.227175574923507,-1.0020388796056112,9.575725191641169,-0.18141164157428435,0.0,0.0,0.0,0.0,12.06050890825684,-0.4879735312331972,7.909058524974504,0.0242144977746811,9.56050890825684,-0.17953432220974874,0.0,0.0,0.0,0.0,0.015216283384328122,0.0,2,-2.5
mvad_Two4__015.000,mvad_Two4,15.0,17.0,Azimuth,5.884292658729212,2,1,3.871902447090264,0.7817765305043219,10.53856911375693,0.40603794983205144,16.09412466931249,0.0929224659384924,0.0,0.0,0.0,0.0,13.38429265872921,0.2456507309660193,15.57254199735418,0.12231927586822211,8.871902447090264,0.49997259500011904,0.0,0.0,0.0,0.0,7.222222222222225,0.0,2,-0.10191865079175422
mvad_Two4__015.000,mvad_Two4,15.0,17.0,Distance,1.3365342853956774,2,1,0.3288447617985591,0.4133720859632406,0.6378219048681075,-0.13781387768898856,0.7467990479376562,-0.3322187809841668,0.0,0.0,0.0,0.0,0.6044885715347743,-0.07835036762948033,0.3801323812709892,0.32187982967042783,0.26217809513189244,0.5322991060822577,0.0,0.0,0.0,0.0,0.4846209528057637,0.0,3,0.3000000000000001
mvad_Two4__015.000,mvad_Two4,15.0,17.0,Elevation,11.740635827102023,2,1,8.169788057632658,-0.007953186554172653,2.15730249376869,0.733841330079069,12.842697506231309,-0.5844765842197592,0.0,0.0,0.0,0.0,9.330211942367342,-0.15112127660996588,13.169788057632658,-0.6248316046010696,4.836454724299325,0.40329909214375836,0.0,0.0,0.0,0.0,8.006242781931984,0.0,3,6.518728345795953
mvad_Two4__015.500,mvad_Two4,15.5,17.5,Azimuth,5.675793155359561,2,1,9.947486607342077,0.43935182513513016,10.60806894821348,0.4021208844587021,6.163624503769037,0.6526132715735491,0.0,0.0,0.0,0.0,17.274735614880147,0.02638230378643147,11.163624503769038,0.3708093360693461,9.60198462241822,0.4588245889503415,0.0,0.0,0.0,0.0,-3.4383601186491832,0.0,0,-5.315080355947548
mvad_Two4__015.500,mvad_Two4,15.5,17.5,Distance,1.3346793124028709,2,1,0.8819873542637957,-0.5733819173787364,0.36155977080095697,0.3550116079559107,0.7486540209304625,-0.33552787714070265,0.0,0.0,0.0,0.0,0.49489310413429033,0.11715756771787633,0.49489310413429016,0.11715756771787667,0.6717735625323765,-0.198380419800676,0.0,0.0,0.0,0.0,0.076880458398086,0.0,2,-0.30000000000000004
mvad_Two4__015.500,mvad_Two4,15.5,17.5,Elevation,11.745595081641644,2,1,9.331865027213881,-0.15132522708297214,7.665198360547215,0.05430091226599343,13.168134972786119,-0.6246276541280633,0.0,0.0,0.0,0.0,9.00146830611945,-0.11056230575564929,7.9955950816416435,0.013537990938670919,7.6651983605472145,0.05430091226599354,0.0,0.0,0.0,0.0,5.502936612238904,0.0,2,0.0
mvad_Two4__016.000,mvad_Two4,16.0,18.0,Azimuth,5.539274281376362,2,1,5.098019683985658,0.7126715979549897,20.261496503598583,-0.14195389078374565,6.372607614709693,0.6408348189501514,0.0,0.0,0.0,0.0,14.901980316014344,0.16011266002819846,11.209130795096769,0.368244565672075,9.182947940845864,0.4824418261478838,0.0,0.0,0.0,0.0,-2.8103403261361706,0.0,1,-8.921451437247281
mvad_Two4__016.000,mvad_Two4,16.0,18.0,Distance,1.3327600775408093,2,1,0.24942674420747588,0.5550463086012487,0.32758669251360306,0.4156163624306869,0.9057466408197303,-0.6157662346325035,0.0,0.0,0.0,0.0,0.32758669251360306,0.4156163624306869,0.5609200258469365,-0.0006282079858730416,0.672413307486397,-0.19952166421594364,0.0,0.0,0.0,0.0,0.23333333333333328,0.0,2,0.0
mvad_Two4__016.000,mvad_Two4,16.0,18.0,Elevation,11.749350993119291,2,1,6.500216335626902,0.19803136598317606,8.667315673547375,-0.06933599628219556,10.166450331039764,-0.2542927594728319,0.0,0.0,0.0,0.0,7.333549668960235,0.09521829630869327,9.833549668960236,-0.21322091271475507,7.666450331039765,0.05414644955061643,0.0,0.0,0.0,0.0,2.499999999999999,0.0,2,0.0
mvad_Two4__016.500,mvad_Two4,16.5,18.5,Azimuth,5.598886687612015,2,1,6.032962229204004,0.6599775002124205,20.321108909834237,-0.14531369292016216,8.255184451426226,0.534731306654997,0.0,0.0,0.0,0.0,21.987775576500905,-0.23924833808822998,11.744815548573774,0.33805295132819124,9.76555335427868,0.44960572647759967,0.0,0.0,0.0,0.0,-1.5103689028524538,0.0,2,-7.864440041890695
mvad_Two4__016.500,mvad_Two4,16.5,18.5,Distance,1.3342175665558356,2,1,0.36140585551861176,0.355286178244112,0.32807252218527855,0.41474968830362036,0.6491157667774977,-0.15796105782678027,0.0,0.0,0.0,0.0,0.5385941444813882,0.03919905014915703,0.5614058555186118,-0.0014948821129392442,0.5052608111480548,0.09866256020866582,0.0,0.0,0.0,0.0,0.14385495562944295,0.0,2,0.0
mvad_Two4__016.500,mvad_Two4,16.5,18.5,Elevation,11.742110451110303,2,1,8.169296516296566,-0.007892542305810046,8.674556215556363,-0.07022930310225695,10.164036817036768,-0.2539949905328116,0.0,0.0,0.0,0.0,6.830703483703434,0.15725728816511975,7.664036817036767,0.054444218490636964,10.997370150370102,-0.3568080602072943,0.0,0.0,0.0,0.0,-0.8333333333333339,0.0,0,-2.5
mvad_Two4__017.000,mvad_Two4,17.0,19.0,Azimuth,5.713157464562329,2,1,4.404385821520777,0.7517653484033067,7.2622808451458924,0.5906921354202197,8.373391956257004,0.5280690386415079,0.0,0.0,0.0,0.0,7.342398090993228,0.5861766643839124,7.342398090993228,0.5861766643839124,15.51549693263189,0.12553438061618882,0.0,0.0,0.0,0.0,-7.1421049763748865,0.0,1,-14.759648262457988
mvad_Two4__017.000,mvad_Two4,17.0,19.0,Distance,1.3382226792542722,2,1,0.43725910691524267,0.21997116092001223,0.370592440248576,0.33889818103902936,0.7451106540790612,-0.32920684622831753,0.0,0.0,0.0,0.0,0.3627408930847574,0.3529045976517824,0.5039257735819093,0.10104414080099522,0.5294075597514242,0.05558704735423936,0.0,0.0,0.0,0.0,0.215703094327637,0.0,2,-0.3764453585085444
mvad_Two4__017.000,mvad_Two4,17.0,19.0,Elevation,11.674473219497504,2,1,12.358508926834167,-0.5247394872407827,8.1918422601675,-0.010674138868368432,12.908860113835829,-0.5926394411623459,0.0,0.0,0.0,0.0,1.257806552830837,0.8448172566961385,8.474824406499168,-0.045587254621287654,4.591139886164171,0.43356497799820737,0.0,0.0,0.0,0.0,8.317720227671657,0.0,3,4.151053561004993
mvad_Two4__017.500,mvad_Two4,17.5,19.5,Azimuth,5.777755257003838,2,1,8.277755257003836,0.5334591982871428,10.611133631885053,0.4019481564747571,4.981473974556835,0.7192402058716241,0.0,0.0,0.0,0.0,3.3518593587764998,0.8110865682880377,10.611133631885053,0.4019481564747571,16.648140641223502,0.06169768969515044,0.0,0.0,0.0,0.0,-11.666666666666668,0.0,1,-25.000000000000004
mvad_Two4__017.500,mvad_Two4,17.5,19.5,Distance,1.342261962062807,2,1,0.8077380379371935,-0.4409281683297801,0.5692460126457312,-0.015480979978837128,0.6744047046038598,-0.2030741280917454,0.0,0.0,0.0,0.0,0.4974206540209356,0.11264865807456315,0.7692460126457311,-0.3722620403358883,0.4025793459790645,0.2818365703187058,0.0,0.0,0.0,0.0,0.27182535862479534,0.0,2,0.0
mvad_Two4__017.500,mvad_Two4,17.5,19.5,Elevation,11.587489136635936,2,1,9.279163045545312,-0.14482308406704325,2.0041558033026026,0.7527359077078366,5.945829712211978,0.2664291946308879,0.0,0.0,0.0,0.0,2.0041558033026026,0.7527359077078366,14.05417028778802,-0.7339428668184746,9.05417028778802,-0.11706444877157796,0.0,0.0,0.0,0.0,-3.108340575576042,0.0,0,-9.325021726728128
mvad_Two4__018.000,mvad_Two4,18.0,20.0,Azimuth,5.740476316762578,2,1,11.759523683237424,0.3372239892817628,17.191269883365305,0.031086498110555416,20.524603216698637,-0.15678279222557978,0.0,0.0,0.0,0.0,16.69761900552359,0.058909050138735486,18.364285672190253,-0.03502559502933211,11.697619005523586,0.3407129856429385,0.0,0.0,0.0,0.0,8.82698421117505,0.0,3,1.6666666666666607
mvad_Two4__018.000,mvad_Two4,18.0,20.0,Distance,1.3456868553817454,2,1,0.3709798112849214,0.33820714779353467,0.4681043815394182,0.1649461119829233,0.26522895179391515,0.5268566667078884,0.0,0.0,0.0,0.0,0.5318956184605819,0.05114858623181995,0.4318956184605817,0.22953911641034597,0.6347710482060849,-0.1323714383146195,0.0,0.0,0.0,0.0,-0.36954209641216973,0.0,1,-0.9086262892365095
mvad_Two4__018.000,mvad_Two4,18.0,20.0,Elevation,11.541955169482684,2,1,6.569348276839105,0.18950216547687715,12.208044830517316,-0.5061758764990236,8.236014943505772,-0.016123973872088415,0.0,0.0,0.0,0.0,10.097318389827562,-0.245763558966533,6.374711497183983,0.21351561122235596,9.902681610172438,-0.22175011322105398,0.0,0.0,0.0,0.0,-1.666666666666666,0.0,1,-11.916089661034633
mvad_Two4__018.500,mvad_Two4,18.5,20.5,Azimuth,5.626190082546146,2,1,9.096032139676078,0.4873404691133131,9.651587695231635,0.45602892072395707,19.375396694182047,-0.0920126080751249,0.0,0.0,0.0,0.0,16.042063360848715,0.0958566822610103,9.651587695231635,0.45602892072395707,9.096032139676078,0.4873404691133131,0.0,0.0,0.0,0.0,10.27936455450597,0.0,3,1.6666666666666679
mvad_Two4__018.500,mvad_Two4,18.5,20.5,Distance,1.3452568135709888,2,1,0.3349143954763371,0.4025444342655581,0.4349143954763371,0.2241539040870324,0.19841893785699624,0.646039404782305,0.0,0.0,0.0,0.0,0.4682477288096704,0.16469039402752395,0.5317522711903296,0.05140430418721942,0.6317522711903295,-0.12698622599130593,0.0,0.0,0.0,0.0,-0.43333333333333324,0.0,0,-0.6094863728580222
mvad_Two4__018.500,mvad_Two4,18.5,20.5,Elevation,11.563857654637976,2,1,13.019475678695356,-0.6062867120947277,9.686142345362024,-0.19503443339679682,9.686142345362024,-0.19503443339679682,0.0,0.0,0.0,0.0,7.395380781787341,0.08758984049532048,9.89538078178734,-0.22084936852812787,4.480524321304643,0.4472122489305892,0.0,0.0,0.0,0.0,5.20561802405738,0.0,3,1.8722846907240474
mvad_Two4__019.000,mvad_Two4,19.0,21.0,Azimuth,5.474618238000107,2,1,12.341793920666632,0.30440678039485936,7.58093731755545,0.5727324058204397,14.008460587333296,0.21047213522679176,0.0,0.0,0.0,0.0,17.41906268244455,0.018247916658545527,7.58093731755545,0.5727324058204397,9.247603984222115,0.47879776065237223,0.0,0.0,0.0,0.0,4.760856603111181,0.0,1,0.0
mvad_Two4__019.000,mvad_Two4,19.0,21.0,Distance,1.3415613959337689,2,1,0.1971871319779229,0.6482368298207543,0.5694795346887437,-0.015897561189450737,0.47510527073289793,0.1524571886334637,0.0,0.0,0.0,0.0,0.6361462013554104,-0.13482458130846808,0.5694795346887438,-0.01589756118945096,0.6694795346887435,-0.1942880913679763,0.0,0.0,0.0,0.0,-0.19437426395584562,0.0,1,-0.5
mvad_Two4__019.000,mvad_Two4,19.0,21.0,Elevation,11.627340603588102,2,1,9.622659396411898,-0.1872021811725355,9.040886465470633,-0.11542554811222483,7.955992729745231,0.018423958176430055,0.0,0.0,0.0,0.0,7.374219798803966,0.09020059123674085,10.125780201196035,-0.2492750544008795,6.792446867862701,0.16197722429705164,0.0,0.0,0.0,0.0,1.1635458618825298,0.0,2,-7.5
mvad_Two4__019.500,mvad_Two4,19.5,21.5,Azimuth,5.327948598074282,2,1,12.727606957481273,0.28266205396622057,7.7276069574812745,0.5644659894704234,9.27598286602476,0.47719830453693335,0.0,0.0,0.0,0.0,9.831538421580314,0.44588675614757756,4.949829179703499,0.7210237314172028,9.39427362414794,0.47053134430235577,0.0,0.0,0.0,0.0,-0.11829075812318024,0.0,1,-7.677436137184771
mvad_Two4__019.500,mvad_Two4,19.5,21.5,Distance,1.3378680342825886,2,1,0.1959560114275295,0.6504330322977379,0.5121319657174115,0.08640507114300433,0.6121319657174115,-0.09198545903552136,0.0,0.0,0.0,0.0,0.6373773219058038,-0.13702078378545157,0.5040439885724705,0.10083325645258268,0.6121319657174115,-0.09198545903552136,0.0,0.0,0.0,0.0,0.0,0.0,2,-0.5
mvad_Two4__019.500,mvad_Two4,19.5,21.5,Elevation,11.685137826890204,2,1,12.898195506443129,-0.591323687934846,9.021620724369932,-0.11304862413368455,11.521620724369932,-0.4214878331571328,0.0,0.0,0.0,0.0,7.354954057703265,0.09257751521528113,11.521620724369932,-0.4214878331571328,5.978379275630068,0.26241336999299414,0.0,0.0,0.0,0.0,5.543241448739863,0.0,2,0.0
mvad_Two4__020.000,mvad_Two4,20.0,22.0,Azimuth,5.245876851779548,2,1,17.581958950593187,0.009066954769898827,9.804181172815404,0.44742863222088136,12.19032129622399,0.31294389673267664,5.4,0.0,5.4,0.0,20.359736728370958,-0.14749078717688024,13.13751450614874,0.25955934188474594,11.07921018511288,0.37556699351138834,4.35,0.0,4.35,0.0,1.1111111111111107,1.0500000000000007,2,0.0
mvad_Two4__020.000,mvad_Two4,20.0,22.0,Distance,1.3352959268515543,2,1,0.09509864228385136,0.830353027837258,0.7382346910494819,-0.31694077932497167,0.6049013577161486,-0.07908673908693764,5.4,0.0,5.4,0.0,0.6049013577161487,-0.07908673908693786,0.5715680243828154,-0.01962322902742919,0.5284319756171848,0.057327397063646535,4.35,0.0,4.35,0.0,0.07646938209896381,1.0500000000000007,1,-0.2705918537031085
mvad_Two4__020.000,mvad_Two4,20.0,22.0,Elevation,11.716892978384656,2,1,9.533107021615344,-0.17615359571316747,6.3002263117179895,0.22270527189799427,8.177702340538447,-0.00892961661795244,5.4,0.0,5.4,0.0,8.177702340538447,-0.00892961661795244,8.488964326128219,-0.047331776871703424,5.988964326128219,0.26110743215174503,4.35,0.0,4.35,0.0,2.1887380144102284,1.0500000000000007,2,-5.933785956769312
mvad_Two4__022.000,mvad_Two4,22.0,24.0,Separation-2,25.680270451688884,2,1,11.060090150562962,0.34327987518140113,10.939909849437038,0.3504158769030631,12.939909849437038,0.23166094527437797,0.313907,0.0,0.31390729440100434,0.0,1.1802704516888838,0.9299185316031646,13.060090150562962,0.22452494355271602,14.060090150562962,0.16514747773837346,0.489457,0.17554933776520176,0.31390729440100434,0.0,-1.1201803011259237,-0.17554999999999998,1,-20.639459096622236
mvad_Two4__022.500,mvad_Two4,22.5,24.5,Separation-2,25.664224577300647,2,1,5.164224577300647,0.6933614317037433,11.94525847423312,0.2907208233027374,12.94525847423312,0.23134335748839485,0.0,0.0,0.0,0.0,3.164224577300647,0.8121163633324283,10.94525847423312,0.35009828911707996,11.94525847423312,0.2907208233027374,0.475,0.475,0.0,0.0,1.0,-0.475,1,0.0
mvad_Two4__023.000,mvad_Two4,23.0,25.0,Separation-2,25.65480854766212,2,1,15.051602849220707,0.10627396636933673,11.845191452337879,0.29666254947446513,14.051602849220707,0.16565143218367928,0.0,0.0,0.0,0.0,16.051602849220707,0.04689650055499417,9.845191452337879,0.41541748110315024,17.948397150779293,-0.06573033824264041,0.475,0.475,0.0,0.0,-3.896794301558586,-0.475,1,-11.69038290467576
mvad_Two4__023.500,mvad_Two4,23.5,25.5,Separation-2,25.572941763089474,2,1,9.927058236910527,0.4105564389008577,10.024313921029824,0.4047816428418136,23.975686078970174,-0.42361548052945985,0.0,0.0,0.0,0.0,16.072941763089474,0.04562944992623619,15.975686078970176,0.05140424598528037,8.024313921029824,0.5235365744704987,8.65,8.649999999999999,0.0,0.0,15.95137215794035,-8.65,3,6.0
mvad_Two4__024.000,mvad_Two4,24.0,26.0,Separation-2,25.46206447588724,2,1,25.01264517470425,-0.4851874837872814,6.012645174704254,0.6429843666852266,13.037935524112761,0.22584042912739233,0.5,0.5,0.0,0.0,7.962064475887239,0.5272327887714143,17.987354825295746,-0.06804354622944753,17.012645174704254,-0.010167757272541378,19.3,19.3,0.0,0.0,-3.9747096505914925,-18.8,1,-18.0
mvad_Two4__024.500,mvad_Two4,24.5,26.5,Separation-2,25.378318930328643,2,1,14.121681069671359,0.16149036504454073,6.040560356557119,0.6413268339290569,17.95943964344288,-0.06638601347327788,0.5,0.5,0.0,0.0,18.121681069671357,-0.07601949821282927,13.040560356557117,0.2256845732286592,20.121681069671357,-0.19477442984151438,19.0,19.0,0.0,0.0,-2.1622414262284764,-18.5,1,-15.243362139342718
mvad_Two4__025.000,mvad_Two4,25.0,27.0,Separation-2,25.31837806200498,2,1,10.181621937995018,0.3954410914421408,4.06054064599834,0.7588953866044852,8.060540645998339,0.5213855233471152,10.675,10.674999999999999,0.0,0.0,14.060540645998339,0.16512072846105985,15.060540645998339,0.1057432626467173,24.18162193799502,-0.43584342995865466,29.675,29.675,0.0,0.0,-16.12108129199668,-19.0,0,-24.0
mvad_Two4__025.500,mvad_Two4,25.5,27.5,Separation-2,25.28887917570332,2,1,3.929626391901106,0.7666687432517538,6.929626391901106,0.5885363458087263,13.070373608098896,0.22391433790442283,23.175,23.175,0.0,0.0,11.21112082429668,0.3343120565148602,16.21112082429668,0.03742472744314729,11.929626391901104,0.2916490167370136,34.0,34.0,0.0,0.0,1.1407472161977914,-10.825,1,-9.0
mvad_Two4__026.000,mvad_Two4,26.0,28.0,Separation-2,25.573324623705528,2,1,21.024441541235177,-0.24837805888033482,8.024441541235175,0.5235289967061183,13.926675376294474,0.17306930893662886,35.175,35.175,0.0,0.0,15.926675376294474,0.05431437730794375,17.024441541235177,-0.010868195622964816,12.926675376294474,0.23244677475097142,35.675,35.675000000000004,0.0,0.0,1.0,-0.5,1,-6.0
mvad_Two4__026.500,mvad_Two4,26.5,28.5,Separation-2,25.635935005396767,2,1,17.04531166846559,-0.012107410889129477,5.135935005396767,0.6950411947923683,21.86406499460323,-0.2982327717796167,47.675,47.675,0.0,0.0,15.045311668465589,0.10664752073955563,12.045311668465589,0.2847799181825832,12.045311668465589,0.2847799181825832,48.175,48.175000000000004,0.0,0.0,9.81875332613764,-0.5,1,-3.271870010793535
mvad_Two4__037.000,mvad_Two4,37.0,39.0,Separation-2,25.59607935287721,2,1,8.967973549040929,0.4675044571678941,6.96797354904093,0.5862593887965791,14.903920647122789,0.11504296127579272,50.0,50.0,0.0,0.0,12.967973549040929,0.2299945939105239,6.96797354904093,0.5862593887965791,11.903920647122789,0.2931753587188203,12.15,12.15,0.0,0.0,3.0,37.85,2,-15.0
mvad_Two4__037.500,mvad_Two4,37.5,39.5,Separation-2,25.504702661014274,2,1,22.001567553671425,-0.30639732528007313,7.001567553671425,0.5842646619350651,13.995297338985727,0.1689947106928159,55.175,55.175,0.0,0.0,11.001567553671427,0.34675479867769476,10.998432446328573,0.34694095340676934,17.995297338985726,-0.0685151525645542,24.65,24.65,0.0,0.0,-3.9999999999999982,30.525,1,-12.000000000000004
mvad_Two4__038.000,mvad_Two4,38.0,40.0,Separation-2,25.601913785076192,2,1,8.101913785076192,0.5189288911958878,3.101913785076192,0.8158162202676005,9.966028738307935,0.4082424692863653,67.675,67.675,0.0,0.0,10.101913785076192,0.4001739595672028,17.966028738307937,-0.06677725722837513,14.033971261692065,0.16669835116941378,37.175,37.175000000000004,0.0,0.0,-4.067942523384129,30.5,1,-15.0
mvad_Two5__008.000,mvad_Two5,8.0,10.0,Azimuth,15.319706015016424,0,1,11.708594903905313,0.3400943753710056,11.708594903905313,0.3400943753710056,25.597483792794204,-0.4426943343628915,35.0,0.0,35.0,0.0,11.153039348349756,0.3714059237603615,8.717679782783252,0.5086647057492509,15.5974837927942,0.12091353664551452,33.0,0.0,33.0,0.0,10.000000000000004,2.0,2,-1.6666666666666607
mvad_Two5__008.000,mvad_Two5,8.0,10.0,Distance,1.0252111535021702,0,1,0.6082629488326099,-0.08508349930202708,0.27492961549927664,0.5095516012930583,0.6581221798311633,-0.17402764582328234,35.0,0.0,35.0,0.0,0.19145551316449658,0.6584614950098375,0.5584037178340567,0.003860647219227742,0.5415962821659432,0.03384352081699005,33.0,0.0,33.0,0.0,0.11652589766522004,2.0,3,0.10000000000000009
mvad_Two5__008.000,mvad_Two5,8.0,10.0,Elevation,16.401849635055406,0,1,3.4851829683887394,0.5700131687712733,5.883949878351802,0.2740636614350219,5.681483698277927,0.299043064809416,35.0,0.0,35.0,0.0,3.383949878351802,0.5825028704584703,8.383949878351801,-0.034375547588426425,5.782716788314865,0.2865533631222189,33.0,0.0,33.0,0.0,-0.10123309003693759,2.0,1,-2.803699270110812
mvad_Two5__008.500,mvad_Two5,8.5,10.5,Azimuth,15.558079966054311,0,1,9.724746632720976,0.4519056254235967,15.280302188276531,0.13879014153003788,24.169191077165422,-0.36219463269965635,10.6,0.0,10.6,0.0,22.13047109979588,-0.24729077009690115,15.835857743832088,0.10747859314068187,19.90824887757366,-0.12204457653947753,8.6,0.0,8.6,0.0,4.260942199591764,2.0,2,-16.666666666666668
mvad_Two5__008.500,mvad_Two5,8.5,10.5,Distance,1.0238646870740864,0,1,0.49280197959258026,0.12088793587452629,1.0594686462592469,-0.8899917351371192,0.5420451043086378,0.033042864617078505,10.6,0.0,10.6,0.0,0.4420451043086379,0.21143339479560408,0.9420451043086379,-0.6805192560970241,0.6420451043086379,-0.1453476655614474,8.6,0.0,8.6,0.0,-0.10000000000000009,2.0,0,-0.20000000000000018
mvad_Two5__008.500,mvad_Two5,8.5,10.5,Elevation,16.37046861607476,0,1,2.459843794641747,0.6965150902637847,7.540156205358254,0.06972807364242173,10.040156205358253,-0.2387111353810265,10.6,0.0,10.6,0.0,6.70682287202492,0.1725411433169045,8.373489538691587,-0.033084996032061165,11.70682287202492,-0.4443372747299923,8.6,0.0,8.6,0.0,-1.6666666666666679,2.0,0,-2.5
mvad_Two5__009.000,mvad_Two5,9.0,11.0,Azimuth,15.597778738514757,0,1,15.875556516292532,0.10524113907787414,29.764445405181423,-0.677547570656023,34.20888984962587,-0.9280399577708702,0.0,0.0,0.0,0.0,19.764445405181423,-0.11393969964761719,22.143704023949365,-0.24803658811783724,29.764445405181423,-0.677547570656023,0.0,0.0,0.0,0.0,4.444444444444446,0.0,2,-1.6666666666666714
mvad_Two5__009.000,mvad_Two5,9.0,11.0,Distance,1.0166462163616634,0,1,0.6333537836383366,-0.129843172538181,0.5111179278794455,0.08821401861836264,0.5111179278794455,0.08821401861836264,0.0,0.0,0.0,0.0,0.5000204503050034,0.10801086769985302,0.4111179278794455,0.26660454879688844,0.66668711697167,-0.18930668259768968,0.0,0.0,0.0,0.0,-0.1555691890922245,0.0,1,-0.5667075672766733
mvad_Two5__009.000,mvad_Two5,9.0,11.0,Elevation,16.38947500722393,0,1,7.546491669074643,0.06894643147542967,7.453508330925357,0.08041831438388003,9.21315833574131,-0.136679707873536,0.0,0.0,0.0,0.0,7.546491669074643,0.06894643147542967,10.046491669074642,-0.23949277754801868,12.360524992776073,-0.5249882207545669,0.0,0.0,0.0,0.0,-3.1473666570347625,0.0,0,-7.221049985552144
mvad_Two5__009.500,mvad_Two5,9.5,11.5,Azimuth,15.354804873760411,0,1,18.965915984871522,-0.0689339529957731,18.965915984871522,-0.0689339529957731,23.965915984871526,-0.35073788849997634,0.0,0.0,0.0,0.0,8.96591598487152,0.49467391801263283,24.521471540427076,-0.3820494368893319,26.188138207093743,-0.4759840820573997,0.0,0.0,0.0,0.0,-2.222222222222218,0.0,2,-21.666666666666668
mvad_Two5__009.500,mvad_Two5,9.5,11.5,Distance,1.0114378016047665,0,1,0.6128540661317445,-0.0932736177930713,0.5871459338682555,-0.0474127443492367,0.9385621983952336,-0.6743060817724831,0.0,0.0,0.0,0.0,0.6385621983952335,-0.1391344912369059,0.6052288650619002,-0.07967098117739746,0.6385621983952336,-0.13913449123690613,0.0,0.0,0.0,0.0,0.29999999999999993,0.0,3,0.09999999999999987
mvad_Two5__009.500,mvad_Two5,9.5,11.5,Elevation,16.429216372148776,0,1,6.606927875950408,0.18486575674675365,6.726405457382925,0.1701251284615216,12.559738790716258,-0.5495663592598579,0.0,0.0,0.0,0.0,6.726405457382925,0.1701251284615216,4.106927875950408,0.4933049657702021,12.320783627851222,-0.5200851026893936,0.0,0.0,0.0,0.0,0.23895516286503593,0.0,1,-2.141567255702448
mvad_Two5__010.000,mvad_Two5,10.0,12.0,Azimuth,15.16581262223708,0,1,15.333048651856808,0.13581730932586766,11.55470151112597,0.3487679281176682,22.555270874079028,-0.27123281973575875,0.0,0.0,0.0,0.0,13.77692373334819,0.22352173456024482,10.443590400014855,0.41139102489638013,23.22136817779263,-0.3087745880588051,0.0,0.0,0.0,0.0,-0.6660973037136024,0.0,2,-26.998291911140818
mvad_Two5__010.000,mvad_Two5,10.0,12.0,Distance,1.009876330857978,0,1,0.08004122304734074,0.8572140378444726,0.7467078897140075,-0.33205616334569865,0.6067903358086888,-0.08245649712117609,0.0,0.0,0.0,0.0,0.47345700247535566,0.15539754311685772,0.7734570024753555,-0.379774047418719,0.5133745563806741,0.08418840707086139,0.0,0.0,0.0,0.0,0.09341577942801471,0.0,1,-0.9000000000000002
mvad_Two5__010.000,mvad_Two5,10.0,12.0,Elevation,16.47850735129498,0,1,2.7285073512949793,0.663368540300765,5.076169117098327,0.37372416506117434,8.40950245043166,-0.0375281136367569,0.0,0.0,0.0,0.0,4.923830882901673,0.39251899884503216,8.104825982038355,6.155393095863548e-05,7.576169117098327,0.06528495603772588,0.0,0.0,0.0,0.0,0.833333333333333,0.0,1,-7.957014702589959
mvad_Two5__010.500,mvad_Two5,10.5,12.5,Azimuth,14.793338635051285,0,1,9.65333510057265,0.4559304355835533,25.626671968384617,-0.44433940291320484,23.960005301717953,-0.35040475774513724,0.0,0.0,0.0,0.0,19.515560857273506,-0.09991237063029024,21.737783079495728,-0.22515856418771363,25.626671968384617,-0.44433940291320484,0.0,0.0,0.0,0.0,-1.6666666666666643,0.0,0,-5.0
mvad_Two5__010.500,mvad_Two5,10.5,12.5,Distance,1.008565090441,0,1,0.047144969853000006,0.9158978383267272,1.041434909559,-0.8578212566265495,0.7138116365196666,-0.2733723628634437,0.0,0.0,0.0,0.0,0.11381163651966673,0.79697081820771,0.44714496985300006,0.20233571761262448,0.4804783031863334,0.14287220755311592,0.0,0.0,0.0,0.0,0.23333333333333323,0.0,2,0.0
mvad_Two5__010.500,mvad_Two5,10.5,12.5,Elevation,16.50706034664519,0,1,3.419020115548397,0.5781760559699973,5.919020115548396,0.269736846946549,9.423727013311856,-0.1626587624155249,0.0,0.0,0.0,0.0,1.9237270133118567,0.76265886465482,9.914313217784937,-0.22318517076172206,12.414313217784937,-0.5316243797851705,0.0,0.0,0.0,0.0,-2.9905862044730807,0.0,0,-5.0
mvad_Two5__011.000,mvad_Two5,11.0,13.0,Azimuth,14.497826026773405,0,1,2.888164231146691,0.8372207906560785,16.22149756448003,0.085743629311537,5.665942008924468,0.6806630487092991,0.0,0.0,0.0,0.0,25.33115936010674,-0.42768407971244127,6.221497564480024,0.6493515003199432,10.665942008924468,0.39885911320509615,0.0,0.0,0.0,0.0,-5.0,0.0,0,-8.333333333333332
mvad_Two5__011.000,mvad_Two5,11.0,13.0,Distance,1.010739164106479,0,1,0.43926083589352133,0.21640026598292372,0.479753611964507,0.1441649880658893,0.8059275025601881,-0.43769834467167046,0.0,0.0,0.0,0.0,0.40592750256018784,0.2758637760424326,0.2725941692268545,0.5137178162804669,0.3797536119645071,0.32255551824441475,0.0,0.0,0.0,0.0,0.426173890595681,0.0,3,0.1785216717870421
mvad_Two5__011.000,mvad_Two5,11.0,13.0,Elevation,16.553466664509077,0,1,1.7678222215030257,0.7818937249222125,5.732177778496975,0.2927886480074422,4.0655111118303076,0.4984147873564079,0.0,0.0,0.0,0.0,7.601155554836359,0.062202237200832955,4.898844445163641,0.3956017176819251,5.3034666645090764,0.34568117476663773,0.0,0.0,0.0,0.0,-1.237955552678769,0.0,0,-3.106933329018153
mvad_Two5__011.500,mvad_Two5,11.5,13.5,Azimuth,14.483734700077637,0,1,2.3279115666925456,0.8687970718000572,16.42817914452208,0.07409489278112158,1.5609773221963448,0.9120220894744515,0.0,0.0,0.0,0.0,4.550133788914768,0.7435508782426337,5.661244900025878,0.680927781463922,1.005421766640789,0.9433336378638074,0.0,0.0,0.0,0.0,0.5555555555555558,0.0,1,0.0
mvad_Two5__011.500,mvad_Two5,11.5,13.5,Distance,1.017082421353156,0,1,0.8662509119801776,-0.5453095945577524,0.7329175786468441,-0.30745555431971816,0.6776391928822815,-0.208844148880184,0.0,0.0,0.0,0.0,0.5109725262156147,0.08847340141735882,0.46625091198017743,0.16825252615635045,0.8443058595489482,-0.5061616991777269,0.0,0.0,0.0,0.0,-0.16666666666666674,0.0,2,-0.8658351572936884
mvad_Two5__011.500,mvad_Two5,11.5,13.5,Elevation,16.605159725512934,0,1,9.285053241837645,-0.14554979106120336,8.811506941153732,-0.087125692493633,8.214946758162355,-0.013524672102935398,0.0,0.0,0.0,0.0,5.9517199085043115,0.2657024876367279,8.811506941153732,-0.087125692493633,12.0218263921796,-0.4832010493684369,0.0,0.0,0.0,0.0,-3.8068796340172444,0.0,0,-10.710319451025867
mvad_Two5__012.000,mvad_Two5,12.0,14.0,Azimuth,14.532891695391374,0,1,10.921780584280262,0.38443984972728584,30.366225028724703,-0.7114643439001698,27.588447250946928,-0.5549066019533906,0.0,0.0,0.0,0.0,26.477336139835813,-0.49228350517467856,17.588447250946928,0.008701269055015337,25.366225028724703,-0.429660408395967,0.0,0.0,0.0,0.0,2.222222222222225,0.0,1,-3.333333333333332
mvad_Two5__012.000,mvad_Two5,12.0,14.0,Distance,1.0260525713749418,0,1,0.4239474286250584,0.24371793439753164,0.27464914287501935,0.5100519378944766,0.5253508571249806,0.06282382067731818,0.0,0.0,0.0,0.0,0.37464914287501955,0.33166140771595054,0.40798247620835276,0.2721978976564422,0.5413158095416861,0.03434385741840795,0.0,0.0,0.0,0.0,-0.01596495241670548,0.0,1,-0.3478948572501167
mvad_Two5__012.000,mvad_Two5,12.0,14.0,Elevation,16.570630394702803,0,1,6.773543464900935,0.16430944456000307,6.559789868432399,0.19068144064827208,9.48729706136947,-0.17050176055171407,0.0,0.0,0.0,0.0,8.440210131567602,-0.041316694788962494,9.059789868432398,-0.11775776837517626,11.773543464900934,-0.4525689734868936,0.0,0.0,0.0,0.0,-2.2862464035314645,0.0,0,-5.0
mvad_Two5__012.500,mvad_Two5,12.5,14.5,Azimuth,14.791124435740793,0,1,2.2911244357407914,0.8708704234556797,16.18001332462968,0.08808171372178264,1.597764453148099,0.909948737818829,4.35,0.0,0.0,4.35,26.735568880185237,-0.5068377056759792,5.624457769074124,0.6830011331195445,3.5414859230247084,0.8003990658717804,4.35,0.0,0.0,4.35,-1.9437214698766094,0.0,1,-7.915582204814914
mvad_Two5__012.500,mvad_Two5,12.5,14.5,Distance,1.040947794073153,0,1,0.5030174019756156,0.10266458972545367,0.6423855392601803,-0.1459549692764166,0.6030174019756157,-0.07572594045307213,4.35,0.0,0.0,4.35,0.4303159313577177,0.23235712860830693,0.6696840686422824,-0.19465296057208925,0.5969825980243844,-0.06496042168923588,4.35,0.0,0.0,4.35,0.006034803951231349,0.0,1,-0.6999999999999997
mvad_Two5__012.500,mvad_Two5,12.5,14.5,Elevation,16.461368866287664,0,1,6.596210377904112,0.18618803539479767,8.12196446704567,-0.002052918372847934,4.096210377904112,0.4946272444182461,4.35,0.0,0.0,4.35,8.403789622095887,-0.03682328953548786,8.12196446704567,-0.002052918372847934,12.711368866287664,-0.568273823489222,4.35,0.0,0.0,4.35,-8.615158488383553,0.0,0,-10.422737732575328
mvad_Two5__015.000,mvad_Two5,15.0,17.0,Azimuth,-18.46009819991525,0,1,1.4311438444161955,0.9193396064741803,2.542254955527307,0.8567165096954685,9.208921622193973,0.4809779290231979,0.0,0.0,0.0,0.0,1.4311438444161955,0.9193396064741803,4.679967266694915,0.7362333612429051,2.542254955527307,0.8567165096954685,0.0,0.0,0.0,0.0,6.666666666666666,0.0,1,-3.333333333333334
mvad_Two5__015.000,mvad_Two5,15.0,17.0,Distance,1.0166917748540885,0,1,0.17776940838197045,0.6828762098921746,0.6333082251459116,-0.12976190050200254,0.25556392495136276,0.5440981593342145,0.0,0.0,0.0,0.0,1.3333082251459116,-1.3784956117516822,0.15556392495136276,0.7224886895127403,0.17776940838197056,0.6828762098921743,0.0,0.0,0.0,0.0,0.07779451656939221,0.0,1,-0.1666164502918233
mvad_Two5__015.000,mvad_Two5,15.0,17.0,Elevation,9.50213883077592,0,1,2.581194502557414,0.6815433637182071,9.24786116922408,-0.14096119367765514,6.4159537230746935,0.20842732340951708,0.0,0.0,0.0,0.0,9.749287056408027,-0.20282495528841404,3.9159537230746935,0.5168665324329655,8.915953723074693,-0.10001188561393137,0.0,0.0,0.0,0.0,-2.5,0.0,1,-10.99572233844816
mvad_Two5__015.500,mvad_Two5,15.5,17.5,Azimuth,-17.362409272686627,0,1,1.1569746868822353,0.9347919959915686,9.39858086867332,0.4702885846106696,11.529075939353293,0.3502122055126854,0.0,0.0,0.0,0.0,3.934752464660013,0.7782342540447892,10.417964828242184,0.412835302291397,2.640187050464405,0.8511969797423794,0.0,0.0,0.0,0.0,8.888888888888888,0.0,2,0.0
mvad_Two5__015.500,mvad_Two5,15.5,17.5,Distance,1.0138739126029448,0,1,0.13612608739705523,0.75716395098111,0.5361260873970553,0.04360183026700726,0.7027927540637219,-0.25371572003053533,0.0,0.0,0.0,0.0,1.3361260873970553,-1.3835224111611981,0.8361260873970552,-0.4915697602685696,0.3120420291323518,0.4433465698509681,0.0,0.0,0.0,0.0,0.3907507249313701,0.0,2,-0.2277478252058895
mvad_Two5__015.500,mvad_Two5,15.5,17.5,Elevation,9.607792891004689,0,1,6.642207108995311,0.18051315725262418,14.142207108995313,-0.7448044698177212,10.547402369665104,-0.3012929776606199,0.0,0.0,0.0,0.0,10.547402369665104,-0.3012929776606199,9.975540442328645,-0.23073912144530717,8.880735702998438,-0.09566683831165435,0.0,0.0,0.0,0.0,1.666666666666666,0.0,1,-5.0
mvad_Two5__016.000,mvad_Two5,16.0,18.0,Azimuth,-15.917984804874484,0,1,7.749560620597393,0.5632286637374523,22.250439379402604,-0.25405227676266984,9.529095915985598,0.4629326538156462,0.0,0.0,0.0,0.0,1.6384495094862828,0.9076556960203669,25.640207027096707,-0.4451022494756742,19.529095915985597,-0.10067521719275963,0.0,0.0,0.0,0.0,-9.999999999999998,0.0,1,-28.333333333333336
mvad_Two5__016.000,mvad_Two5,16.0,18.0,Distance,1.012035648917105,0,1,0.5459881170276317,0.026008903322658594,0.31265478369429833,0.44225347373921864,0.7712976844162284,-0.3759220284848015,0.0,0.0,0.0,0.0,1.0046310177495619,-0.7921665989013618,0.6459881170276317,-0.1523816268558671,0.20463101774956174,0.6349576425268438,0.0,0.0,0.0,0.0,0.5666666666666667,0.0,3,0.29999999999999993
mvad_Two5__016.000,mvad_Two5,16.0,18.0,Elevation,9.808352210980557,0,1,7.2749811223527745,0.10244423078439657,12.147215929673147,-0.49867106927416693,12.147215929673147,-0.49867106927416693,0.0,0.0,0.0,0.0,7.8527840703268526,0.031157397086580052,7.1472159296731474,0.11820734877272965,8.813882596339814,-0.08741879057623603,0.0,0.0,0.0,0.0,3.333333333333332,0.0,2,-5.3832955780388865
mvad_Two5__016.500,mvad_Two5,16.5,18.5,Azimuth,-15.094662652557638,0,1,12.039107097002082,0.3214664480216467,6.357334671369675,0.6416956140581414,15.927995985890973,0.10228560929615538,0.0,0.0,0.0,0.0,2.468445782480787,0.8608764527836326,9.135112449147455,0.48513787211136183,19.198220884185883,-0.08202683996851201,0.0,0.0,0.0,0.0,-3.2702248982949094,0.0,0,-5.0
mvad_Two5__016.500,mvad_Two5,16.5,18.5,Distance,1.0130801684306083,0,1,0.7035864982360582,-0.2551316844678273,0.6035864982360583,-0.07674115428930173,0.6456399438564638,-0.15176051888988118,0.0,0.0,0.0,0.0,0.6456399438564641,-0.15176051888988162,0.5789732771897973,-0.03283349877086428,0.17897327718979728,0.6807286219432382,0.0,0.0,0.0,0.0,0.46666666666666656,0.0,3,0.3000000000000001
mvad_Two5__016.500,mvad_Two5,16.5,18.5,Elevation,10.000886187426868,0,1,7.91637127085771,0.023312282752278812,3.749704604191044,0.5373776311246927,9.583628729142289,-0.18238674591641746,0.0,0.0,0.0,0.0,12.91637127085771,-0.5935661352946178,6.249113812573132,0.22901131142097497,6.249113812573132,0.22901131142097497,0.0,0.0,0.0,0.0,3.334514916569157,0.0,2,-4.998227625146264
mvad_Two5__017.000,mvad_Two5,17.0,19.0,Azimuth,-15.211070334065846,0,1,2.2889296659341523,0.870994122409487,24.37773700073252,-0.3739484450985697,30.488848111843627,-0.7183754773814841,0.0,0.0,0.0,0.0,6.459245666910839,0.6359518301352112,23.125912333577503,-0.30339462154546526,12.014801222466394,0.32283634624165236,0.0,0.0,0.0,0.0,18.474046889377234,0.0,3,10.0
mvad_Two5__017.000,mvad_Two5,17.0,19.0,Distance,1.016357130883151,0,1,0.2445476230389497,0.5637501987218353,0.6112142897056163,-0.09034841193275867,0.5554523769610503,0.009125559849959441,0.0,0.0,0.0,0.0,1.000309535783516,-0.784457484310563,0.477880956372283,0.14750562830527547,0.6336428691168491,-0.13035887365596843,0.0,0.0,0.0,0.0,-0.07819049215579876,0.0,1,-0.767285738233698
mvad_Two5__017.000,mvad_Two5,17.0,19.0,Elevation,9.995205236057608,0,1,2.918264921314131,0.6399570703795974,7.0817350786858695,0.1262860935266089,6.245205236057608,0.22949353472051726,0.0,0.0,0.0,0.0,14.588128097275726,-0.7998202765825873,6.251598254647464,0.22870479168166624,2.918264921314131,0.6399570703795974,0.0,0.0,0.0,0.0,3.3269403147434766,0.0,3,2.490410472115215
mvad_Two5__017.500,mvad_Two5,17.5,19.5,Azimuth,-15.988161532534592,0,1,2.0673940230209626,0.8834800456149652,14.948390600266249,0.15749693987818725,25.710383754756815,-0.44905746508275923,0.0,0.0,0.0,0.0,8.940498288622644,0.4961064793795096,9.948390600266249,0.43930087538239027,30.71038375475682,-0.7308614005869625,0.0,0.0,0.0,0.0,-5.0000000000000036,0.0,1,-20.000000000000004
mvad_Two5__017.500,mvad_Two5,17.5,19.5,Distance,1.0249510347097068,0,1,0.25838229862362655,0.5390704475978512,0.2750163217634311,0.5093969255287352,0.5249836782365689,0.06347883304305957,0.0,0.0,0.0,0.0,0.8083496550967645,-0.4420192354234018,0.19171563195695995,0.6579974677168682,0.5416829884300979,0.03368884505266656,0.0,0.0,0.0,0.0,-0.016699310193528993,0.0,1,-0.3000000000000001
mvad_Two5__017.500,mvad_Two5,17.5,19.5,Elevation,10.047898709441617,0,1,7.067367096852794,0.12805875310735182,7.900700430186127,0.025245683432869037,12.900700430186127,-0.5916327346140278,0.0,0.0,0.0,0.0,6.26596623648054,0.22693213210092344,7.86876795722505,0.02918537411377986,9.599299569813873,-0.18432014659700768,0.0,0.0,0.0,0.0,3.3014008603722544,0.0,2,-9.904202581116765
mvad_Two5__018.000,mvad_Two5,18.0,20.0,Azimuth,-16.14264638626343,0,1,1.5635623156899676,0.9118763972065005,18.99199323986559,-0.07040368761266813,30.86486860848566,-0.7395682885382782,0.0,0.0,0.0,0.0,2.1191178712455234,0.8805648488171445,11.563562315689966,0.3482685261980947,21.97597971959677,-0.23858351430858393,0.0,0.0,0.0,0.0,8.888888888888893,0.0,3,5.0
mvad_Two5__018.000,mvad_Two5,18.0,20.0,Distance,1.032766603521018,0,1,0.17241113215966072,0.6924348672535827,0.12758886784033932,0.7723935422108402,0.5505667298123155,0.017841091701239487,0.0,0.0,0.0,0.0,1.2172333964789825,-1.1714291094889324,0.21723339647898218,0.612476192296325,0.5172333964789823,0.07730460176074783,0.0,0.0,0.0,0.0,0.033333333333333215,0.0,1,-0.30000000000000004
mvad_Two5__018.000,mvad_Two5,18.0,20.0,Elevation,10.02375196020864,0,1,5.40874934659712,0.3326918518917964,2.9087493465971206,0.6411310609152447,11.22624803979136,-0.385046026277714,0.0,0.0,0.0,0.0,7.90874934659712,0.02425264286834805,8.72624803979136,-0.07660681725426555,16.22624803979136,-1.0019244443246111,0.0,0.0,0.0,0.0,-5.000000000000002,0.0,0,-7.500000000000002
mvad_Two5__018.500,mvad_Two5,18.5,20.5,Azimuth,-16.043515612147427,0,1,1.5966059070619683,0.9100140343881359,14.514505204049142,0.1819510623205436,29.099071167702984,-0.6400465549151166,0.0,0.0,0.0,0.0,3.1231510545192385,0.8239767483324754,11.596605907061969,0.34640616337972996,33.543515612147424,-0.8905389420299634,0.0,0.0,0.0,0.0,-4.444444444444439,0.0,0,-8.333333333333332
mvad_Two5__018.500,mvad_Two5,18.5,20.5,Distance,1.034117119980952,0,1,0.5158828800190479,0.07971379523377298,0.34921621335238134,0.37703134553131556,1.015882880019048,-0.8122388556588556,0.0,0.0,0.0,0.0,0.6492162133523814,-0.1581402450042615,0.24921621335238142,0.5554218757098411,0.7825495466857147,-0.39599428524229574,0.0,0.0,0.0,0.0,0.23333333333333328,0.0,2,-0.20000000000000018
mvad_Two5__018.500,mvad_Two5,18.5,20.5,Elevation,9.984160393023878,0,1,7.0991729403094554,0.12413468542811323,7.921946535658708,0.022624430646152383,14.588613202325371,-0.7998801267497095,0.0,0.0,0.0,0.0,5.421946535658708,0.33106363966960084,9.599172940309456,-0.1843045235953351,6.255279868992041,0.22825056999511806,0.0,0.0,0.0,0.0,8.33333333333333,0.0,3,4.968320786047756
mvad_Two5__019.000,mvad_Two5,19.0,21.0,Azimuth,-16.163843097048517,0,1,1.5564967454282719,0.9122746183077659,22.887947699016177,-0.289982747439425,15.88606531927074,0.10464885467053464,0.0,0.0,0.0,0.0,3.002823569618149,0.8307585000913653,23.663843097048517,-0.33371282278044756,28.663843097048517,-0.6155167582846506,0.0,0.0,0.0,0.0,-12.777777777777777,0.0,1,-21.66666666666667
mvad_Two5__019.000,mvad_Two5,19.0,21.0,Distance,1.0283921872218784,0,1,0.17386927092604051,0.6898336857774992,0.48827447944478836,0.1289645673920058,0.8882744794447882,-0.5845975533220966,0.0,0.0,0.0,0.0,0.6882744794447883,-0.22781649296504547,0.5738692709260407,-0.023728434936603815,0.5882744794447882,-0.04942596278651967,0.0,0.0,0.0,0.0,0.30000000000000004,0.0,2,-0.20000000000000018
mvad_Two5__019.000,mvad_Two5,19.0,21.0,Elevation,10.126272709979096,0,1,7.0412424300069665,0.13128190173852305,8.707909096673633,-0.07434423761044262,9.457060623354238,-0.16677131934167222,0.0,0.0,0.0,0.0,5.3745757633403,0.3369080410874886,10.374575763340301,-0.2799703769594084,11.207909096673637,-0.3827834466338913,0.0,0.0,0.0,0.0,-1.7508484733193992,0.0,1,-7.5
mvad_Two5__019.500,mvad_Two5,19.5,21.5,Azimuth,-16.228770028305274,0,1,1.826785527250281,0.8970409298197501,30.39543669497195,-0.7131107364023916,20.395436694971945,-0.1495028653939856,0.0,0.0,0.0,0.0,2.382341082805837,0.8657293814303941,1.534854435009353,0.9134943959576569,19.839881139416388,-0.11819131700462959,0.0,0.0,0.0,0.0,0.5555555555555571,0.0,2,-20.0
mvad_Two5__019.500,mvad_Two5,19.5,21.5,Distance,1.0185824892566628,0,1,0.1104725035811124,0.8029275151601629,0.23141751074333725,0.5871730756590141,0.8980841774100039,-0.6020971255311569,0.0,0.0,0.0,0.0,0.8314175107433371,-0.4831701054121398,0.17713917024777912,0.6840004950411456,0.5980841774100037,-0.06692553499557974,0.0,0.0,0.0,0.0,0.30000000000000016,0.0,2,-0.20000000000000018
mvad_Two5__019.500,mvad_Two5,19.5,21.5,Elevation,10.277751782532969,0,1,6.990749405822345,0.1375115131148057,10.324082739155678,-0.27374076558312543,7.824082739155678,0.03469844344032291,0.0,0.0,0.0,0.0,11.805581550800367,-0.4565216942362722,5.972248217467032,0.2631697934851076,6.157416072489011,0.2403245827892886,0.0,0.0,0.0,0.0,1.666666666666667,0.0,2,-7.5
mvad_Two5__022.000,mvad_Two5,22.0,24.0,Separation-2,32.423110718657014,0,1,1.3077035728856714,0.9223518758056874,12.076889281342986,0.282904919553457,8.692296427114329,0.4838734660508872,0.0,0.0,0.0,0.0,13.307703572885671,0.209822286033577,13.692296427114329,0.18698613697917443,12.692296427114329,0.246363602793517,0.0,0.0,0.0,0.0,-4.0,0.0,2,-20.999999999999996
mvad_Two5__022.500,mvad_Two5,22.5,24.5,Separation-2,32.36662868564199,0,1,3.866628685641992,0.7704093874015364,12.28887622854733,0.27031767184274424,18.13337131435801,-0.07671363531707232,0.0,0.0,0.0,0.0,9.71112377145267,0.42337808024171997,23.288876228547327,-0.38283445211502354,5.2888762285473305,0.685959932543142,0.0,0.0,0.0,0.0,12.844495085810678,0.0,2,-3.0
mvad_Two5__023.000,mvad_Two5,23.0,25.0,Separation-2,32.28151003352538,0,1,9.260503344508459,0.4501347792378443,14.781510033525379,0.12231139329998564,18.78151003352538,-0.11519846995738448,0.0,0.0,0.0,0.0,9.73949665549154,0.4216933702896476,14.739496655491541,0.12480604121793482,18.26050334450846,-0.08426241309123883,0.0,0.0,0.0,0.0,0.521006689016918,0.0,1,-15.0
mvad_Two5__023.500,mvad_Two5,23.5,25.5,Separation-2,32.26697793893032,0,1,10.766977938930317,0.36068413550738476,14.744340687023227,0.12451841490125859,24.74434068702323,-0.46925624324216697,0.0,0.0,0.0,0.0,10.744340687023227,0.3620282781586287,9.233022061069683,0.45176654820576445,7.744340687023228,0.5401606756016563,0.0,0.0,0.0,0.0,17.0,0.0,3,6.0
mvad_Two5__024.000,mvad_Two5,24.0,26.0,Separation-2,32.44145601494318,0,1,10.686181328352275,0.36548163348989726,14.686181328352275,0.12797177023252715,15.686181328352275,0.06859430441818459,0.0,0.0,0.0,0.0,12.686181328352276,0.24672670186121204,9.313818671647727,0.44696905022325184,7.686181328352274,0.5436140309329249,0.0,0.0,0.0,0.0,8.0,0.0,2,-6.0
mvad_Two5__024.500,mvad_Two5,24.5,26.5,Separation-2,32.73857677740316,0,1,22.41285892580105,-0.33081876466843396,12.412858925801054,0.26295589347499126,12.412858925801054,0.26295589347499126,0.0,0.0,0.0,0.0,18.23857677740316,-0.08296046910251786,18.412858925801054,-0.09330890141106396,20.23857677740316,-0.20171540073120298,0.0,0.0,0.0,0.0,-7.825717851602107,0.0,0,-20.47715355480632
mvad_Two5__025.000,mvad_Two5,25.0,27.0,Separation-2,32.99546300199199,0,1,21.501512332669336,-0.2767053134897379,17.501512332669336,-0.03919545023236792,10.498487667330666,0.3766264074307766,0.0,0.0,0.0,0.0,26.495463001991997,-0.5732334486359574,15.498487667330666,0.07973907835906391,17.498487667330668,-0.039015853269621203,0.0,0.0,0.0,0.0,-7.000000000000002,0.0,0,-15.000000000000004
mvad_Two5__025.500,mvad_Two5,25.5,27.5,Separation-2,33.00481139374627,0,1,25.504811393746277,-0.5144110666334236,11.504811393746275,0.31687345476737205,15.504811393746273,0.07936359151000194,0.0,0.0,0.0,0.0,20.498396202084578,-0.217142819738126,12.501603797915427,0.25768644786482187,17.501603797915426,-0.03920088120689069,0.0,0.0,0.0,0.0,-1.9967924041691525,0.0,2,-21.000000000000004
mvad_Two5__026.000,mvad_Two5,26.0,28.0,Separation-2,32.70672575271845,0,1,13.402241917572816,0.2042088387037715,12.206725752718448,0.2751955589129057,9.793274247281552,0.4185001931715585,0.0,0.0,0.0,0.0,11.793274247281552,0.2997452615428734,11.206725752718448,0.33457302472724815,17.402241917572816,-0.033301024553598735,0.0,0.0,0.0,0.0,-7.608967670291264,0.0,1,-20.413451505436896
mvad_Two5__036.000,mvad_Two5,36.0,38.0,Separation-2,33.86666797354624,0,1,6.788889324515414,0.5968929562162311,11.211110675484585,0.3343126591256034,24.366667973546242,-0.44683099460867726,88.0,88.0,0.0,0.0,9.633332026453758,0.4279971569210309,9.211110675484585,0.4530675907542884,5.211110675484586,0.6905774540116585,0.0,0.0,0.0,0.0,19.155557298061655,88.0,3,7.733335947092485
mvad_Two5__036.500,mvad_Two5,36.5,38.5,Separation-2,33.831388539781294,0,1,10.331388539781292,0.386548330164446,8.222870486739568,0.5117467887778551,18.77712951326043,-0.11493836576510352,97.7,97.7,0.0,0.0,15.222870486739568,0.09610452807745729,15.331388539781292,0.08966100109273334,8.77712951326043,0.4788362923783218,0.0,0.0,0.0,0.0,10.0,97.7,2,-11.999999999999996
mvad_Two5__037.000,mvad_Two5,37.0,39.0,Separation-2,33.85191222424651,0,1,26.351912224246508,-0.5647097672377523,21.783970741415505,-0.29347697799903716,16.783970741415505,0.0034103510726755104,100.0,100.0,0.0,0.0,5.216029258584496,0.6902854010117887,6.783970741415504,0.5971850092161008,6.783970741415504,0.5971850092161008,0.0,0.0,0.0,0.0,10.0,100.0,3,3.0
mvad_Two5__037.500,mvad_Two5,37.5,39.5,Separation-2,33.80092284334351,0,1,17.766974281114503,-0.0549579080011795,9.233025718885498,0.45176633101393093,7.233025718885497,0.5705212626426159,100.0,100.0,0.0,0.0,12.300922843343507,0.26960237438450574,14.233025718885498,0.15487900194221815,23.7669742811145,-0.4112227028872346,0.0,0.0,0.0,0.0,-16.533948562229003,100.0,0,-19.601845686687014
mvad_Two5__038.000,mvad_Two5,38.0,40.0,Separation-2,33.63236282683196,0,1,20.13236282683196,-0.1954086855121553,15.289212391056013,0.09216531392184923,8.710787608943987,0.48277550653392987,100.0,100.0,0.0,0.0,13.710787608943988,0.18588817746221709,11.710787608943987,0.3046431090909022,3.710787608943986,0.7796628356056425,0.0,0.0,0.0,0.0,5.0,100.0,3,3.0
mvad_Two6__008.000,mvad_Two6,8.0,10.0,Azimuth,-14.880749221815384,3,1,2.5397502593948715,0.856857676340941,26.269638110704275,-0.4805774807735319,23.57136085171624,-0.32850045064066746,0.0,0.0,0.0,0.0,6.42863914828376,0.6376768376154498,4.2064169260615385,0.7629230311728733,24.126916407271796,-0.3598119990300235,0.0,0.0,0.0,0.0,-0.5555555555555571,0.0,2,-34.76149844363077
mvad_Two6__008.000,mvad_Two6,8.0,10.0,Distance,1.2054738171148969,3,1,0.6815087276283678,-0.2157470324291697,0.7111928495517699,-0.26870069490716664,0.4851579390382989,0.13452418034637026,0.0,0.0,0.0,0.0,0.714842060961701,-0.27521054248867793,0.38150872762836774,0.31942455810640735,0.485157939038299,0.13452418034637004,0.0,0.0,0.0,0.0,-1.1102230246251565e-16,0.0,1,-0.20000000000000018
mvad_Two6__008.000,mvad_Two6,8.0,10.0,Elevation,13.769121409683365,3,1,8.352454743016699,-0.030489813736088056,8.326959530105546,-0.02734432441440804,9.173040469894454,-0.13173013874973072,0.0,0.0,0.0,0.0,6.660292863438879,0.17828181493455764,7.506373803227788,0.07389600059923485,5.006373803227788,0.3823352096226832,0.0,0.0,0.0,0.0,4.166666666666666,0.0,2,0.0
mvad_Two6__008.500,mvad_Two6,8.5,10.5,Azimuth,-14.974621055098684,3,1,3.064015203855993,0.8273096914217337,19.14128772176535,-0.078818042122351,8.585732166209796,0.5161013772754108,0.0,0.0,0.0,0.0,9.175126314967107,0.4828826591388188,8.602651462810673,0.5151477924017929,13.03017661065424,0.26560899016056383,0.0,0.0,0.0,0.0,-4.444444444444443,0.0,1,-15.000000000000002
mvad_Two6__008.500,mvad_Two6,8.5,10.5,Distance,1.2072927881114632,3,1,0.8760405452218701,-0.562773373200141,0.18576426270382104,0.6686141468804244,0.6190975960371543,-0.10441148389318666,0.0,0.0,0.0,0.0,0.9142357372961792,-0.6309099788442072,0.5475690706295123,0.023188631810387328,0.6760405452218702,-0.20599231284308983,0.0,0.0,0.0,0.0,-0.056942949184715874,0.0,1,-0.18541442377707368
mvad_Two6__008.500,mvad_Two6,8.5,10.5,Elevation,13.705791828140171,3,1,9.151930609380058,-0.12912569527786832,3.3775415051931623,0.5832935078777415,7.455791828140171,0.08013658635398213,0.0,0.0,0.0,0.0,8.318597276046724,-0.02631262560338543,5.014736057286609,0.3813035108116608,5.789125161473504,0.2857627257029478,0.0,0.0,0.0,0.0,1.666666666666667,0.0,2,0.0
mvad_Two6__009.000,mvad_Two6,9.0,11.0,Azimuth,-14.96995167111872,3,1,14.732238331849315,0.16967945185979783,17.48998389037291,0.014250741557560898,6.914396115563165,0.6102991925998653,0.0,0.0,0.0,0.0,8.601095001484017,0.5152355157872551,7.469951671118721,0.5789876442105094,8.025507226674277,0.5476760958211535,0.0,0.0,0.0,0.0,-1.1111111111111116,0.0,1,-5.0
mvad_Two6__009.000,mvad_Two6,9.0,11.0,Distance,1.209355218677553,3,1,0.2531184062258509,0.5484607331542702,0.25311840622585086,0.5484607331542704,0.8468815937741491,-0.5107565651180526,0.0,0.0,0.0,0.0,0.5739781146557804,-0.023922601843152647,0.6802149271074823,-0.21343901482050964,0.5802149271074823,-0.03504848464198407,0.0,0.0,0.0,0.0,0.2666666666666667,0.0,2,-0.381289562644894
mvad_Two6__009.000,mvad_Two6,9.0,11.0,Elevation,13.68350437773116,3,1,9.14450145924372,-0.12820911880116115,3.35549854075628,0.5860130736839191,6.600171044397825,0.185699385458587,0.0,0.0,0.0,0.0,10.85549854075628,-0.33930455338642607,5.811168125910387,0.2830431598967701,4.933504377731159,0.39132552480755256,0.0,0.0,0.0,0.0,1.666666666666666,0.0,2,-2.5
mvad_Two6__009.500,mvad_Two6,9.5,11.5,Azimuth,-14.815169856063331,3,1,14.783832270201112,0.16677157688465838,5.092947633841109,0.7129574626933515,6.759614300507778,0.6190228175252837,0.0,0.0,0.0,0.0,5.216167729798888,0.7060126810985299,18.426280967174446,-0.03851969865118998,7.870725411618888,0.556399720746572,0.0,0.0,0.0,0.0,-1.1111111111111098,0.0,1,-4.999999999999998
mvad_Two6__009.500,mvad_Two6,9.5,11.5,Distance,1.2121365095515908,3,1,0.31262116348280306,0.44231344901275216,0.5045301571150759,0.09996597781186767,0.7126211634828031,-0.2712486717013507,0.0,0.0,0.0,0.0,0.3711968237817425,0.3378200180499019,0.4792878301494698,0.14499589871520924,0.5792878301494697,-0.03339463146331623,0.0,0.0,0.0,0.0,0.13333333333333341,0.0,3,0.024273019103181526
mvad_Two6__009.500,mvad_Two6,9.5,11.5,Elevation,13.662461404045144,3,1,7.529179531984951,0.07108232822360971,5.9208719292881895,0.2695083781604848,6.5791280707118105,0.18829557672227326,0.0,0.0,0.0,0.0,7.470820468015049,0.07828241763569999,5.7457947373784775,0.29110864639675604,8.304153801348383,-0.024530652038782907,0.0,0.0,0.0,0.0,-1.7250257306365722,0.0,1,-7.675077191909711
mvad_Two6__010.000,mvad_Two6,10.0,12.0,Azimuth,-14.6034120111375,3,1,1.812248448156944,0.8978602510395978,19.88118978891528,-0.12051950500445985,14.88118978891528,0.16128443049974295,0.0,0.0,0.0,0.0,5.436745344470835,0.693580753118793,29.881189788915282,-0.6841273760128659,9.034470670379166,0.49081012197797125,0.0,0.0,0.0,0.0,5.8467191185361145,0.0,2,-3.333333333333332
mvad_Two6__010.000,mvad_Two6,10.0,12.0,Distance,1.2122896236272718,3,1,0.28742987454242386,0.4872523229122989,0.32076320787575724,0.42778881285279025,0.8792367921242429,-0.5684751749950985,0.0,0.0,0.0,0.0,0.37104370970606165,0.3380931590612869,0.36228962362727185,0.3537096196295245,0.4540965412090905,0.18993477261475622,0.0,0.0,0.0,0.0,0.4251402509151524,0.0,2,0.0
mvad_Two6__010.000,mvad_Two6,10.0,12.0,Elevation,13.647754901709694,3,1,8.231088235043027,-0.015516137847553235,6.700748366096768,0.1732905896383795,11.632584967236566,-0.43517812247700105,0.0,0.0,0.0,0.0,2.465918300569898,0.6957656439423099,4.897754901709694,0.3957361408503779,4.132584967236565,0.4901395045933442,0.0,0.0,0.0,0.0,7.500000000000001,0.0,2,0.0
mvad_Two6__010.500,mvad_Two6,10.5,12.5,Azimuth,-14.290133498233288,3,1,2.181066611700014,0.8770733690452237,26.234577942677735,-0.4786014621076684,19.012355720455513,-0.07155133304604178,0.0,0.0,0.0,0.0,5.514399945033349,0.6892040787090883,27.9012446093444,-0.5725361072757358,29.012355720455513,-0.6351592040544478,0.0,0.0,0.0,0.0,-10.0,0.0,0,-10.0
mvad_Two6__010.500,mvad_Two6,10.5,12.5,Distance,1.2119897107626871,3,1,0.4126700964124377,0.26383562712161945,0.638010289237313,-0.13814993756398763,0.8380102892373129,-0.4949309979210388,0.0,0.0,0.0,0.0,0.6713436225706463,-0.19761344762349609,0.6206632369208958,-0.10720443896638487,0.6126700964124376,-0.0929454332354318,0.0,0.0,0.0,0.0,0.22534019282487527,0.0,3,0.09999999999999964
mvad_Two6__010.500,mvad_Two6,10.5,12.5,Elevation,13.635627928602675,3,1,5.871457357132442,0.2756049347804651,11.704790690465776,-0.4440865529409146,10.947705404730657,-0.3506806382627419,0.0,0.0,0.0,0.0,6.704790690465775,0.17279186510598232,4.052294595269342,0.5000453841220517,4.961875976200892,0.3878251594512585,0.0,0.0,0.0,0.0,5.985829428529765,0.0,2,-2.2712558572053503
mvad_Two6__011.000,mvad_Two6,11.0,13.0,Azimuth,-13.905878560237088,3,1,1.927454773096244,0.8913671318870235,30.29476744912598,-0.707436938469665,23.628100782459313,-0.3316983577973942,0.0,0.0,0.0,0.0,7.69084840896792,0.5665377301973205,26.961434115792645,-0.5195676481335294,24.739211893570424,-0.394321454576106,0.0,0.0,0.0,0.0,-1.1111111111111107,0.0,1,-25.000000000000007
mvad_Two6__011.000,mvad_Two6,11.0,13.0,Distance,1.2100085944856571,3,1,0.41333046850478095,0.26265758584493726,1.0399914055143429,-0.855246182108137,0.41333046850478095,0.26265758584493726,0.0,0.0,0.0,0.0,0.3133304685047809,0.44104811602346294,0.8066580721810096,-0.43900161169157714,0.5133304685047809,0.08426705566641157,0.0,0.0,0.0,0.0,-0.09999999999999998,0.0,1,-0.6200171889713143
mvad_Two6__011.000,mvad_Two6,11.0,13.0,Elevation,13.648621258851277,3,1,6.6328737529504265,0.18166466643503154,12.601378741148723,-0.554703716609924,4.26804540781539,0.4734269801349039,0.0,0.0,0.0,0.0,6.7004595803829075,0.1733262187732436,11.700459580382907,-0.4435521992736531,11.632873752950426,-0.43521375161186504,0.0,0.0,0.0,0.0,-7.364828345135035,0.0,0,-12.297242517702553
mvad_Two6__011.500,mvad_Two6,11.5,13.5,Azimuth,-13.641366845000276,3,1,4.414188710555279,0.7512128498614599,20.585811289444724,-0.16023252738247473,28.363589067222502,-0.5985942048334572,0.0,0.0,0.0,0.0,5.730655496111019,0.6770157456354249,28.91914462277806,-0.6299057532228132,28.91914462277806,-0.6299057532228132,0.0,0.0,0.0,0.0,-0.5555555555555571,0.0,2,-8.333333333333332
mvad_Two6__011.500,mvad_Two6,11.5,13.5,Distance,1.206939452532027,3,1,0.5143535158226578,0.0824420361320739,0.31435351582265775,0.4392230964891253,0.2810201824893244,0.49868660654863384,0.0,0.0,0.0,0.0,0.3763938808013065,0.3285489604790215,0.7189798175106756,-0.2825919083338906,0.5189798175106757,0.07418915202316068,0.0,0.0,0.0,0.0,-0.23795963502135126,0.0,0,-0.5
mvad_Two6__011.500,mvad_Two6,11.5,13.5,Elevation,13.672435915352493,3,1,5.755769248685826,0.2898780342455425,10.910897417980841,-0.34613942773519835,10.077564084647507,-0.24332635806071545,0.0,0.0,0.0,0.0,2.4741453051174975,0.6947506316321923,6.6408119717841645,0.18068528325977828,5.8074786384508315,0.28349835293426107,0.0,0.0,0.0,0.0,4.270085446196676,0.0,3,2.655128169295015
mvad_Two6__012.000,mvad_Two6,12.0,14.0,Azimuth,-13.617681614555392,3,1,4.437873941000162,0.7498779316309214,25.006570503444284,-0.4093899962667833,10.562126058999837,0.40471026185646974,0.0,0.0,0.0,0.0,5.7385505729259805,0.676570772891912,25.562126058999837,-0.4407015446561391,25.562126058999837,-0.4407015446561391,0.0,0.0,0.0,0.0,-15.0,0.0,0,-25.000000000000004
mvad_Two6__012.000,mvad_Two6,12.0,14.0,Distance,1.2050252592391395,3,1,0.3850084197463797,0.31318143878246973,0.6149915802536203,-0.09708674056772648,0.7149915802536203,-0.27547727074625206,0.0,0.0,0.0,0.0,0.28165824692028685,0.49754836002735936,0.38835859257247285,0.30720504771610535,0.4516750864130464,0.1942544186634526,0.0,0.0,0.0,0.0,0.26331649384057393,0.0,1,-0.2100505184782791
mvad_Two6__012.000,mvad_Two6,12.0,14.0,Elevation,13.726365811123806,3,1,5.809699144457139,0.2832243964877741,9.19030085554286,-0.1338596506284644,8.30969914445714,-0.02521481253567437,0.0,0.0,0.0,0.0,2.4921219370412686,0.6925327523796028,8.341211396292065,-0.029102658147879268,7.492121937041269,0.07565433433270607,0.0,0.0,0.0,0.0,0.8175772074158711,0.0,1,0.0
mvad_Two6__012.500,mvad_Two6,12.5,14.5,Azimuth,-13.78299868649425,3,1,2.0503346468390813,0.8844415254840253,20.727443130938696,-0.16821500944761647,10.983221784386972,0.38097697532885144,0.540304,0.0,0.5403035915007249,0.0,9.572333771168585,0.4604957342649808,29.060776464272035,-0.6378882352879551,29.060776464272035,-0.6378882352879551,0.540304,0.0,0.5403035915007249,0.0,-18.07755467988506,0.0,0,-24.23266403965517
mvad_Two6__012.500,mvad_Two6,12.5,14.5,Distance,1.2015784223760806,3,1,0.5161405258746398,0.07925417942599966,0.31719280745869344,0.43415806908628674,0.9484215776239194,-0.6918942806508472,0.540304,0.0,0.5403035915007249,0.0,0.6484215776239195,-0.1567226901152703,0.6161405258746399,-0.09913635075252603,0.6161405258746399,-0.09913635075252603,0.540304,0.0,0.5403035915007249,0.0,0.3322810517492796,0.0,2,-0.20000000000000018
mvad_Two6__012.500,mvad_Two6,12.5,14.5,Elevation,13.73612406501412,3,1,6.662041355004707,0.17806609359233838,7.50462531166196,0.0741117219414541,11.662041355004709,-0.43881232445455853,0.540304,0.0,0.5403035915007249,0.0,4.99537468833804,0.38369223294130395,10.828708021671373,-0.33599925478007564,5.837958644995293,0.27973786129041966,0.540304,0.0,0.5403035915007249,0.0,5.8240827100094155,0.0,3,4.972248130028242
mvad_Two6__015.000,mvad_Two6,15.0,17.0,Azimuth,13.21061125989872,3,1,3.0964629133670947,0.8254809129740686,17.540907357811538,0.011380654850815741,18.570203753299577,-0.04663130015894823,0.0,0.0,0.0,0.0,5.236870419966239,0.7048458611855932,24.125759308855127,-0.3597467840525068,11.429796246700427,0.35580768713373045,5.0,0.0,5.0,0.0,7.14040750659915,-5.0,1,-1.6666666666666643
mvad_Two6__015.000,mvad_Two6,15.0,17.0,Distance,1.130274567486648,3,1,0.6934248558288827,-0.2370042767028211,0.886392099180019,-0.5812395651877991,0.2732418108377841,0.5125624849770727,0.0,0.0,0.0,0.0,0.586392099180019,-0.0460679746522219,0.6732418108377841,-0.20099963573702984,0.6267581891622159,-0.11807725658380375,5.0,0.0,5.0,0.0,-0.35351637832443183,-5.0,1,-0.8999999999999999
mvad_Two6__015.000,mvad_Two6,15.0,17.0,Elevation,7.62650898103925,3,1,8.707830339653583,-0.07433452090925474,11.207830339653583,-0.3827737299327032,11.956824352294083,-0.47518137826155704,0.0,0.0,0.0,0.0,8.623491018960749,-0.06392909956362569,6.207830339653583,0.2341046881141936,8.707830339653583,-0.07433452090925474,5.0,0.0,5.0,0.0,3.2489940126405,-5.0,2,-2.7530179620785002
mvad_Two6__015.500,mvad_Two6,15.5,17.5,Azimuth,13.262587793815843,3,1,5.3013596242836085,0.7012111988707592,16.36530704238306,0.07763841394436133,10.856915179839163,0.3880957149772005,0.0,0.0,0.0,0.0,12.476418153494171,0.29681925266985243,26.318143349371393,-0.48331127420332476,11.41247073539472,0.3567841665878445,5.0,0.0,5.0,0.0,-0.5555555555555571,-5.0,1,-24.85850892096502
mvad_Two6__015.500,mvad_Two6,15.5,17.5,Distance,1.1333521399840378,3,1,0.4833145266826288,0.13781265342102655,0.6499811933492956,-0.15950489687651648,0.5388826200053206,0.03868443713257874,0.0,0.0,0.0,0.0,0.7166478600159621,-0.2784319169955334,0.37221595333865404,0.33600198743012133,0.2722159533386541,0.5143925176086469,5.0,0.0,5.0,0.0,0.2666666666666665,-5.0,3,0.06670427996807549
mvad_Two6__015.500,mvad_Two6,15.5,17.5,Elevation,7.682254394921187,3,1,11.901078938412146,-0.46830374971578537,6.3107514649737295,0.22140672391997385,14.522581868359602,-0.7917334657820434,0.0,0.0,0.0,0.0,10.355915201692936,-0.2776681174096296,6.1892485350262705,0.2363972309627842,6.3107514649737295,0.22140672391997385,5.0,0.0,5.0,0.0,8.211830403385871,-5.0,2,0.0
mvad_Two6__016.000,mvad_Two6,16.0,18.0,Azimuth,13.831449349833704,3,1,3.4450724389443224,0.8058330057216854,16.55492756105568,0.06695125226150267,22.998116016500365,-0.2961919205264092,0.0,0.0,0.0,0.0,13.221594227722344,0.2548205425976382,17.666038672166792,0.004328155482790863,16.331449349833704,0.07954666014586109,5.0,0.0,5.0,0.0,6.666666666666661,-5.0,2,-6.666666666666671
mvad_Two6__016.000,mvad_Two6,16.0,18.0,Distance,1.134029623945554,3,1,0.17199012535148203,0.6931859035307804,0.5826370427211126,-0.03936930952667583,0.6159703760544458,-0.09883281958618428,0.0,0.0,0.0,0.0,0.11597037605444598,0.7931198313064438,0.5386567920181488,0.039087292876186175,0.27199012535148204,0.5147953733522547,5.0,0.0,5.0,0.0,0.3439802507029638,-5.0,3,0.03194075210889191
mvad_Two6__016.000,mvad_Two6,16.0,18.0,Elevation,7.742996500205458,3,1,6.840336833127876,0.1560687670944313,12.673670166461209,-0.5636227206269482,6.840336833127876,0.1560687670944313,0.0,0.0,0.0,0.0,13.507003499794543,-0.6664357903014311,13.507003499794543,-0.6664357903014311,4.340336833127876,0.46450797611787964,5.0,0.0,5.0,0.0,2.5,-5.0,1,-5.000000000000001
mvad_Two6__016.500,mvad_Two6,16.5,18.5,Azimuth,14.471497559418896,3,1,2.1206119246381463,0.8804806427919656,16.768276964250745,0.05492671196993426,18.638164226085564,-0.05046160589691184,0.0,0.0,0.0,0.0,0.657165853139632,0.9629616152612549,9.546054742028522,0.4619768410315608,19.74927533719667,-0.11308470267562343,0.0,0.0,0.0,0.0,-1.1111111111111072,0.0,1,-3.333333333333332
mvad_Two6__016.500,mvad_Two6,16.5,18.5,Distance,1.1314377163801757,3,1,0.5061874278732749,0.09700956371982283,0.5061874278732749,0.09700956371982283,0.4061874278732747,0.27540009389834874,0.0,0.0,0.0,0.0,0.20618742787327485,0.6321811542553998,1.0852289502864911,-0.9359456780669202,0.4852289502864911,0.1343975030042338,0.0,0.0,0.0,0.0,-0.07904152241321638,0.0,1,-0.20000000000000018
mvad_Two6__016.500,mvad_Two6,16.5,18.5,Elevation,7.770748777955967,3,1,10.979251222044033,-0.35457262503879616,10.1459178887107,-0.2517595553643135,6.812584555377366,0.15949272333361786,0.0,0.0,0.0,0.0,10.1459178887107,-0.2517595553643135,9.312584555377365,-0.14894648568983038,20.145917888710702,-1.4855163914581073,0.0,0.0,0.0,0.0,-13.333333333333336,0.0,0,-17.5
mvad_Two6__017.000,mvad_Two6,17.0,19.0,Azimuth,14.776485853956814,3,1,2.7235141460431884,0.8465005990487322,7.018949159792175,0.6044065007333292,22.276485853956814,-0.2555202765697471,0.0,0.0,0.0,0.0,10.203273062430048,0.4249354991966383,17.42549528465227,0.01788537013501179,20.609819187290146,-0.16158563140167925,0.0,0.0,0.0,0.0,1.6666666666666679,0.0,1,-1.6666666666666607
mvad_Two6__017.000,mvad_Two6,17.0,19.0,Distance,1.1298672238397542,3,1,0.17337759205341527,0.6907107943251511,0.740044258720082,-0.3201688766864943,0.740044258720082,-0.3201688766864943,0.0,0.0,0.0,0.0,0.35346610949357915,0.36944993327299613,0.740044258720082,-0.3201688766864943,0.4867994428269125,0.13159589303496189,0.0,0.0,0.0,0.0,0.25324481589316944,0.0,1,-0.1402655523204917
mvad_Two6__017.000,mvad_Two6,17.0,19.0,Elevation,7.851655686733829,3,1,7.565010979932839,0.06666159883832523,10.89834431326617,-0.3445906798596057,7.799448104422056,0.037737758341050864,0.0,0.0,0.0,0.0,11.731677646599502,-0.44740374953408835,8.033885228911275,0.008813917843776276,15.065010979932836,-0.8586560282320197,0.0,0.0,0.0,0.0,-7.26556287551078,0.0,0,-19.29668862653234
mvad_Two6__017.500,mvad_Two6,17.5,19.5,Azimuth,14.6347566964317,3,1,9.044918898810566,0.49022125159976815,12.3782522321439,0.30235196126363284,6.822696676588343,0.6154674451571918,0.0,0.0,0.0,0.0,17.378252232143897,0.020548025759430044,28.245867807542812,-0.5919593419794074,19.912534474209476,-0.12228611613906892,0.0,0.0,0.0,0.0,-13.089837797621133,0.0,0,-22.602846726196724
mvad_Two6__017.500,mvad_Two6,17.5,19.5,Distance,1.126344344846559,3,1,0.17455188505114702,0.6886159668206482,0.7903223218201078,-0.40986018001412394,0.674551885051147,-0.20333668407198013,0.0,0.0,0.0,0.0,0.4412185517178137,0.2129078863445797,0.14121855171781364,0.7480794768801569,0.47455188505114704,0.15344437628507113,0.0,0.0,0.0,0.0,0.2,0.0,2,-0.5473113103068818
mvad_Two6__017.500,mvad_Two6,17.5,19.5,Elevation,7.914864427640764,3,1,13.335135572359235,-0.6452314672635728,5.835135572359236,0.2800861598067722,10.278378524119745,-0.2681019768092372,0.0,0.0,0.0,0.0,9.168468905692569,-0.1311661188911588,10.001802239025903,-0.2339791885656417,10.001802239025901,-0.23397918856564148,0.0,0.0,0.0,0.0,0.276576285093844,0.0,1,-14.17027114471847
mvad_Two6__018.000,mvad_Two6,18.0,20.0,Azimuth,14.35760941130615,3,1,4.508092025990939,0.7459203850921277,1.6030190851201738,0.9096525826249576,13.396980914879826,0.24493561086243354,0.0,0.0,0.0,0.0,17.28586980376872,0.025754772136942106,3.9525364704353834,0.7772319334814835,7.285869803768716,0.5893626431453483,0.0,0.0,0.0,0.0,6.11111111111111,0.0,1,0.0
mvad_Two6__018.000,mvad_Two6,18.0,20.0,Distance,1.123028364448214,3,1,0.542323878517262,0.03254555782831281,0.4089905451839287,0.27039959806634706,0.6243427881494047,-0.11376840991111226,0.0,0.0,0.0,0.0,0.3936383022184528,0.2977865456867549,0.4089905451839288,0.27039959806634684,0.7603049688851197,-0.3563120649678395,0.0,0.0,0.0,0.0,-0.13596218073571498,0.0,1,-0.8539432711035724
mvad_Two6__018.000,mvad_Two6,18.0,20.0,Elevation,7.97685714078467,3,1,7.439809525881997,0.08210841382073608,12.439809525881998,-0.5347700042261607,10.25771428640511,-0.2655525123549274,0.0,0.0,0.0,0.0,11.606476192548664,-0.43195693455167783,6.091047619738443,0.24851283601748664,11.606476192548664,-0.43195693455167783,0.0,0.0,0.0,0.0,-1.3487619061435545,0.0,0,-2.5
mvad_Two6__018.500,mvad_Two6,18.5,20.5,Azimuth,14.193754117431729,3,1,3.3062458825682737,0.8136573797095388,15.009029150255023,0.15407930347216636,16.13819856187617,0.09043842666300539,0.0,0.0,0.0,0.0,1.1201402613661322,0.9368680132060635,11.693754117431729,0.3409308137778523,11.138198561876171,0.3722423621672083,0.0,0.0,0.0,0.0,4.999999999999998,0.0,2,0.0
mvad_Two6__018.500,mvad_Two6,18.5,20.5,Distance,1.1218532043711396,3,1,0.10518653770447288,0.812357177712556,0.1760489318762868,0.6859453770522606,0.3239510681237132,0.42210197205511113,0.0,0.0,0.0,0.0,0.16148012896219385,0.7119347418113754,0.40938226520962023,0.2697008066357005,0.761480128962194,-0.35840843925977883,0.0,0.0,0.0,0.0,-0.43752906083848075,0.0,0,-0.8562935912577212
mvad_Two6__018.500,mvad_Two6,18.5,20.5,Elevation,7.976910736158786,3,1,6.606422597174547,0.18492809586113879,4.4243630879470714,0.4541411794884255,10.257696421280404,-0.265550308232954,0.0,0.0,0.0,0.0,11.606422597174548,-0.43195032218575813,6.9243630879470714,0.14570197046497713,16.606422597174546,-1.0488287402326546,0.0,0.0,0.0,0.0,-6.348726175894143,0.0,0,-10.0
mvad_Two6__019.000,mvad_Two6,19.0,21.0,Azimuth,14.22914634349154,3,1,5.534728996613933,0.6880583173609931,6.68749322560829,0.6230876180731775,3.909715447830513,0.7796453600199569,0.0,0.0,0.0,0.0,10.020826558941623,0.43521832773704217,14.46527100338607,0.18472594062219505,17.284701899047093,0.025820596166311827,0.0,0.0,0.0,0.0,-13.37498645121658,0.0,1,-43.333333333333336
mvad_Two6__019.000,mvad_Two6,19.0,21.0,Distance,1.122170598134136,3,1,0.8611627351991973,-0.536232769021741,0.7759431339552881,-0.38420907054670606,0.30927646728862135,0.4482800702864139,0.0,0.0,0.0,0.0,0.3611627351991973,0.3557198818708872,0.9426098006219549,-0.681526620844249,0.324056866044712,0.4219132385829235,0.0,0.0,0.0,0.0,-0.014780398756090662,0.0,0,-0.04434119626827204
mvad_Two6__019.000,mvad_Two6,19.0,21.0,Elevation,7.927048089341145,3,1,13.322951910658853,-0.6437282996724227,15.822951910658853,-0.9521675086958712,15.822951910658853,-0.9521675086958712,0.0,0.0,0.0,0.0,11.656285243992187,-0.43810216032345717,9.440983970219618,-0.16478785127103768,3.607650636886285,0.5549036364503418,0.0,0.0,0.0,0.0,12.215301273772567,0.0,3,10.000000000000002
mvad_Two6__019.500,mvad_Two6,19.5,21.5,Azimuth,14.267013723652212,3,1,5.522106536560375,0.6887697291447605,1.6332176476714864,0.9079505678702516,9.544791501429989,0.46204803826599183,0.0,0.0,0.0,0.0,3.299884314338153,0.814015922702184,12.744328758782595,0.2817196000831341,0.5890045745507374,0.9668032385723248,0.0,0.0,0.0,0.0,8.955786926879252,0.0,3,6.867360780637753
mvad_Two6__019.500,mvad_Two6,19.5,21.5,Distance,1.12349090681708,3,1,0.5421696977276401,0.03282060175635282,0.7265090931829201,-0.29602342312421026,0.5755030310609733,-0.026642908303155632,0.0,0.0,0.0,0.0,0.12650909318292006,0.7743197579469439,0.9421696977276399,-0.6807415189577495,0.8755030310609735,-0.5618144988387328,0.0,0.0,0.0,0.0,-0.30000000000000016,0.0,1,-0.9530181863658405
mvad_Two6__019.500,mvad_Two6,19.5,21.5,Elevation,7.835060933576929,3,1,7.581605733089737,0.06461420982326394,9.248272399756404,-0.14101192952570174,12.581605733089736,-0.5522642082236326,0.0,0.0,0.0,0.0,11.748272399756402,-0.44945113854914975,8.638313022141023,-0.06575777433845253,8.028353644525643,0.00949638084879667,0.0,0.0,0.0,0.0,4.5532520885640935,0.0,1,-0.670121867153858
mvad_Two6__022.000,mvad_Two6,22.0,24.0,Separation-2,28.781343295738527,3,1,10.093781098579509,0.4006568578816383,18.09378109857951,-0.07436286863310193,4.093781098579509,0.7569216527676936,0.0,0.0,0.0,0.0,8.906218901420491,0.4711712916458535,13.906218901420493,0.17428396257414058,7.281343295738528,0.5676522873747933,0.0,0.0,0.0,0.0,-3.1875621971590187,0.0,1,-9.562686591477055
mvad_Two6__022.500,mvad_Two6,22.5,24.5,Separation-2,29.02445574331348,3,1,9.174818581104494,0.4552225233476732,25.825181418895507,-0.5334338268496621,18.825181418895507,-0.11779156614926434,0.0,0.0,0.0,0.0,9.524455743313482,0.4344619547011853,12.825181418895506,0.238473228736791,9.174818581104494,0.4552225233476732,0.0,0.0,0.0,0.0,9.650362837791013,0.0,2,-10.048911486626963
mvad_Two6__023.000,mvad_Two6,23.0,25.0,Separation-2,28.91163351987928,3,1,11.411633519879281,0.3224061207875626,20.137211173293093,-0.1956965680384073,14.862788826706906,0.1174852645364185,0.0,0.0,0.0,0.0,16.137211173293093,0.04181329521896293,12.862788826706906,0.2362401961651035,5.137211173293093,0.6949654191767308,0.0,0.0,0.0,0.0,9.725577653413811,0.0,2,-6.82326703975856
mvad_Two6__023.500,mvad_Two6,23.5,25.5,Separation-2,28.61180627504622,3,1,12.11180627504622,0.28083163695350366,4.11180627504622,0.755851363468244,16.11180627504622,0.04332177369613344,0.0,0.0,0.0,0.0,7.03726875834874,0.582144814874807,15.96273124165126,0.0521734713953147,9.03726875834874,0.46338988324612185,0.0,0.0,0.0,0.0,7.074537516697481,0.0,2,-3.0
mvad_Two6__024.000,mvad_Two6,24.0,26.0,Separation-2,28.548726011515708,3,1,8.048726011515708,0.5220870464022165,19.016242003838567,-0.12913625950018925,14.98375799616143,0.11030242181254302,0.0,0.0,0.0,0.0,15.01624200383857,0.10837360375718075,7.048726011515708,0.581464512216559,16.95127398848429,-0.006523691760779826,0.0,0.0,0.0,0.0,-1.9675159923228591,0.0,2,-17.999999999999996
mvad_Two6__024.500,mvad_Two6,24.5,26.5,Separation-2,28.557653790043773,3,1,8.019217930014591,0.523839161502796,15.019217930014591,0.10819690080239808,19.057653790043773,-0.13159518641989965,0.0,0.0,0.0,0.0,7.942346209956227,0.5284036094326511,7.019217930014591,0.5832166273171384,14.980782069985409,0.11047912476732569,0.0,0.0,0.0,0.0,4.076871720058364,0.0,2,-14.884692419912454
mvad_Two6__025.000,mvad_Two6,25.0,27.0,Separation-2,28.7129241562125,3,1,16.9290252812625,-0.005202619908304618,10.212924156212502,0.39358244505001905,5.212924156212502,0.6904697741217318,0.0,0.0,0.0,0.0,9.929025281262499,0.41043964079209316,15.070974718737501,0.10512371384934338,13.929025281262499,0.17292977753472305,0.0,0.0,0.0,0.0,-8.716101125049997,0.0,0,-14.574151687574997
mvad_Two6__025.500,mvad_Two6,25.5,27.5,Separation-2,28.92266407193973,3,1,3.5773359280602683,0.787586858225182,19.42266407193973,-0.15326857195506038,16.85911197602009,-0.0010513450163056604,0.0,0.0,0.0,0.0,11.859111976020088,0.295835984055407,14.140888023979912,0.16034990477168698,8.14088802397991,0.5166146996577423,0.0,0.0,0.0,0.0,8.718223952040178,0.0,2,0.0
mvad_Two6__026.000,mvad_Two6,26.0,28.0,Separation-2,28.9392496152748,3,1,1.1464165384249334,0.9319286911806766,16.146416538424933,0.041266703965538554,13.439249615274798,0.20201141539860457,0.0,0.0,0.0,0.0,8.853583461575067,0.474296650675898,7.146416538424933,0.5756638962946214,14.439249615274798,0.142633949584262,0.0,0.0,0.0,0.0,-1.0,0.0,1,-6.0
mvad_Two6__026.500,mvad_Two6,26.5,28.5,Separation-2,28.95153716415373,3,1,2.1505123880512436,0.8723080241951672,12.150512388051245,0.2785333660517416,11.849487611948755,0.2964074544040374,0.0,0.0,0.0,0.0,23.150512388051244,-0.37461875790602606,15.849487611948755,0.05889759114666726,12.849487611948755,0.23702998858969493,0.0,0.0,0.0,0.0,-1.0,0.0,2,-18.0
mvad_Two6__036.000,mvad_Two6,36.0,38.0,Separation-2,27.72727896566777,3,1,8.772721034332228,0.47909805668517436,21.22727896566777,-0.2604220311154506,21.74242632188926,-0.2910101756488408,0.0,0.0,0.0,0.0,3.7727210343322284,0.775985385756887,14.742426321889257,0.1246320850515571,14.257573678110743,0.15342140633250934,0.0,0.0,0.0,0.0,7.484852643778515,0.0,3,1.4545579313355432
mvad_Two6__036.500,mvad_Two6,36.5,38.5,Separation-2,28.16012993294401,3,1,14.33987006705599,0.1485348553112691,12.886709977648003,0.23481981884285874,12.886709977648003,0.23481981884285874,0.0,0.0,0.0,0.0,13.33987006705599,0.20791232112561164,13.113290022351997,0.22136606998423525,12.886709977648003,0.23481981884285874,0.0,0.0,0.0,0.0,0.0,0.0,1,-5.320259865888019
mvad_Two6__037.000,mvad_Two6,37.0,39.0,Separation-2,28.61903868685753,3,1,2.960320437714157,0.8242236744101281,11.039679562285842,0.34449180418907643,6.039679562285843,0.641379133260789,0.0,0.0,0.0,0.0,2.039679562285843,0.8788889965181592,17.960320437714156,-0.06643831280500989,15.039679562285842,0.10698194093170621,0.0,0.0,0.0,0.0,-9.0,0.0,1,-18.0
mvad_Two6__037.500,mvad_Two6,37.5,39.5,Separation-2,28.90775560897193,3,1,9.864081463676024,0.414295840100687,13.135918536323976,0.22002244616943467,6.1359185363239765,0.6356647068698325,0.0,0.0,0.0,0.0,2.135918536323976,0.8731745701272026,10.135918536323976,0.39815484361246223,16.40775560897193,0.025749052238182246,0.0,0.0,0.0,0.0,-10.271837072647951,0.0,1,-21.0
mvad_Two6__038.000,mvad_Two6,38.0,40.0,Separation-2,29.01416157762708,3,1,9.485838422372922,0.4367549533551749,11.82861280745764,0.2976469473940897,11.82861280745764,0.2976469473940897,0.0,0.0,0.0,0.0,10.17138719254236,0.3960488046903745,8.82861280745764,0.47577934483711726,15.485838422372922,0.08049015846911967,0.0,0.0,0.0,0.0,-3.6572256149152818,0.0,1,-7.9716768447458435
mvad_Two7__003.500,mvad_Two7,3.5,5.5,Azimuth,-9.113300455614,2,0,17.204433485204667,0.030344587149806923,23.835522677836224,-0.3433888190827852,18.835522677836224,-0.06158488357858216,0.0,0.0,0.0,0.0,10.50218934450289,0.40808834226175605,16.648877929649114,0.061656135539162715,11.613300455614,0.34546524548304436,0.0,0.0,0.0,0.0,7.222222222222223,0.0,2,0.0
mvad_Two7__004.000,mvad_Two7,4.0,6.0,Azimuth,-8.771161958285102,2,0,15.979276208317257,0.09939541559750387,23.49338418050733,-0.32410562407583,12.382273069396215,0.3021253437112881,0.0,0.0,0.0,0.0,19.604495291618438,-0.10492478535033856,12.090387319428368,0.31857625432299497,4.604495291618437,0.7404870211622704,0.0,0.0,0.0,0.0,7.777777777777778,0.0,2,0.0
mvad_Two7__004.500,mvad_Two7,4.5,6.5,Azimuth,-8.374304766125558,2,0,13.041898411291479,0.2649483402504098,17.540971432792222,0.011377043534470888,5.874304766125559,0.6689195597109442,0.0,0.0,0.0,0.0,20.87430476612556,-0.17649224680166475,15.29143492204185,0.13816269189244046,3.6520825439033366,0.7941657532683677,0.0,0.0,0.0,0.0,2.2222222222222223,0.0,2,0.0
mvad_Two7__005.000,mvad_Two7,5.0,7.0,Azimuth,-8.031008952770605,2,0,12.399225206479093,0.3011699079222556,3.8643422861039394,0.7822026271281203,1.8436696509235357,0.8960893273200176,0.0,0.0,0.0,0.0,18.510336317590205,-0.043257124360659205,8.864342286103941,0.5003986916239171,5.177002984256869,0.7082200369838823,0.0,0.0,0.0,0.0,-3.333333333333333,0.0,0,-9.395351238874547
mvad_Two7__005.500,mvad_Two7,5.5,7.5,Azimuth,-8.034795751992512,2,0,23.868129085325847,-0.34522654187343105,8.511598583997506,0.5202796043195004,1.6459068631036242,0.9072353937008043,0.0,0.0,0.0,0.0,19.06715413955306,-0.07463981507826145,4.979240196436957,0.719366103364669,2.400487472886393,0.8647066366024152,0.0,0.0,0.0,0.0,-0.754580609782769,0.0,0,-1.6666666666666665
mvad_Two7__006.000,mvad_Two7,6.0,8.0,Azimuth,-8.364176279091106,2,0,25.86417627909111,-0.4577253328044655,13.065836537474814,0.26359916861699784,11.975287390202219,0.3250633769294319,0.0,0.0,0.0,0.0,15.843614315252594,0.10704142667021832,3.641954056868885,0.7947366027697701,2.510280981919258,0.8585185880147597,0.0,0.0,0.0,0.0,9.46500640828296,0.0,3,1.7283525581822143
mvad_Two7__006.500,mvad_Two7,6.5,8.5,Azimuth,-8.992409648517933,2,0,23.159076315184603,-0.3052637696522391,4.825742981851267,0.7280173271965051,3.159076315184601,0.8219519723645727,0.0,0.0,0.0,0.0,15.058085672716246,0.1513144392538217,4.825742981851267,0.7280173271965051,2.835863450494022,0.8401685038196512,0.0,0.0,0.0,0.0,0.32321286469057897,0.0,2,-1.666666666666666
mvad_Two7__007.000,mvad_Two7,7.0,9.0,Azimuth,-9.537093553077291,2,0,23.70376021974396,-0.33596258323436357,15.432079926752012,0.13023582872517425,13.148204664188404,0.25895683616339815,0.0,0.0,0.0,0.0,19.81487133085507,-0.11678174450887235,10.925982441966182,0.38420302972082165,7.037093553077292,0.6033838684463129,0.0,0.0,0.0,0.0,6.111111111111112,0.0,2,0.0
mvad_Two7__007.500,mvad_Two7,7.5,9.5,Azimuth,-10.060786910037924,2,0,22.56078691003793,-0.271543707864079,24.186928970012644,-0.36319435430203617,20.338564687815705,-0.14629751430665516,1.330366,0.0,1.3303663802057208,0.0,31.409151192234862,-0.7702444833636624,24.783009132260148,-0.39678990142150217,8.116342465593481,0.5425565502591743,1.330366,0.0,1.3303663802057208,0.0,12.222222222222223,0.0,3,3.333333333333332
mvad_Two7__010.500,mvad_Two7,10.5,12.5,Azimuth,-19.59066203089462,2,0,7.646217586450177,0.5690531584833785,25.42399536422796,-0.43291638997601,10.423995364227954,0.41249541653659905,0.0,0.0,0.0,0.0,12.646217586450177,0.28724922297917543,8.757328697561286,0.5064300617046668,11.535106475339065,0.34987231975788724,0.0,0.0,0.0,0.0,-1.1111111111111107,0.0,0,-3.333333333333334
mvad_Two7__011.000,mvad_Two7,11.0,13.0,Azimuth,-20.118543198236058,2,0,2.618543198236059,0.8524168442898633,16.42840328830091,0.074082259861323,13.72965430934717,0.22618587650274558,0.0,0.0,0.0,0.0,22.0629876426805,-0.24348734933759242,15.396320976013834,0.1322512313346781,13.174098753791613,0.2574974248921016,0.0,0.0,0.0,0.0,0.5555555555555571,0.0,1,0.0
mvad_Two7__011.500,mvad_Two7,11.5,13.5,Azimuth,-20.135281975623467,2,0,3.190837531179024,0.8201618852318473,14.85750419784569,0.16261936905537366,22.079726420067914,-0.24443076000625275,0.0,0.0,0.0,0.0,21.524170864512357,-0.21311921161689695,20.413059753401246,-0.15049611483818515,12.635281975623466,0.2878655626127974,0.0,0.0,0.0,0.0,9.444444444444448,0.0,2,-6.666666666666664
mvad_Two7__014.000,mvad_Two7,14.0,16.0,Azimuth,-16.59306145307195,2,0,2.5736052135947154,0.8549495844749748,29.648617008627507,-0.6710193910576161,29.093061453071954,-0.6397078426682603,0.0,0.0,0.0,0.0,14.142131595468427,0.20293833199573297,17.98195034196084,-0.013476874881142464,12.475464928801761,0.29687297716380057,0.0,0.0,0.0,0.0,16.61759652427019,0.0,2,-5.0
mvad_Two7__014.500,mvad_Two7,14.5,16.5,Azimuth,-17.18167337222258,2,0,1.9849932944440856,0.8881242155352407,16.56055779074086,0.06663392808488744,27.459451150000362,-0.5476362801711028,0.0,0.0,0.0,0.0,14.338335568518639,0.19188012164231083,9.681673372222582,0.4543332682882857,17.671668901851973,0.004010831306175522,0.0,0.0,0.0,0.0,9.787782248148389,0.0,3,7.696680077778494
mvad_Two7__015.000,mvad_Two7,15.0,17.0,Azimuth,-17.812624949799535,2,0,1.5624583500668205,0.9119386175779532,5.3126249497995355,0.7005762762577344,25.312624949799538,-0.4266394657590775,0.0,0.0,0.0,0.0,14.75706939424398,0.16827995363868453,15.312624949799535,0.13696840524932863,9.201513838688424,0.48139543753224334,0.0,0.0,0.0,0.0,16.111111111111114,0.0,2,0.0
mvad_Two7__015.500,mvad_Two7,15.5,17.5,Azimuth,-18.413327619988724,2,0,0.8599980955517962,0.9515298304294768,5.859998095551798,0.6697258949252738,16.415553651107352,0.07480647552751207,0.0,0.0,0.0,0.0,6.415553651107352,0.638414346535918,23.13554984221095,-0.30393779911773744,18.691105397766503,-0.053445412002890214,0.0,0.0,0.0,0.0,-2.2755517466591506,0.0,2,-20.0
mvad_Two7__016.000,mvad_Two7,16.0,18.0,Azimuth,-18.50124410809653,2,0,10.889303591587733,0.38627027859810503,12.5559702582544,0.2923356334300373,19.222636924921066,-0.0834029472422333,0.0,0.0,0.0,0.0,26.556799663652086,-0.4967621319227702,13.66708136936551,0.22971253665132563,11.556799663652086,0.34864967458983864,0.0,0.0,0.0,0.0,7.66583726126898,0.0,2,-8.66915488285973
mvad_Two7__016.500,mvad_Two7,16.5,18.5,Azimuth,-18.289874329059767,2,0,1.3454298846153232,0.9241705127140872,19.70773588746437,-0.11074350659297494,11.374402554131033,0.3589297192473635,0.0,0.0,0.0,0.0,13.01209655128199,0.2666279965376137,15.234318773504212,0.1413818029801902,25.234318773504214,-0.4222260680282157,0.0,0.0,0.0,0.0,-13.859916219373181,0.0,0,-20.0
mvad_Two7__017.000,mvad_Two7,17.0,19.0,Azimuth,-17.966972723564343,2,0,4.044546463410336,0.7720461778562723,24.355861612453236,-0.3727155309970127,8.244750501342121,0.5353193722943079,0.0,0.0,0.0,0.0,22.13363939023101,-0.2474693374395891,18.48899090785478,-0.042054080266980653,10.466972723564345,0.4100731787368844,0.0,0.0,0.0,0.0,-2.222222222222223,0.0,0,-3.333333333333334
mvad_Two7__017.500,mvad_Two7,17.5,19.5,Azimuth,-17.765602700482077,2,0,17.487824922704302,0.014372422674688856,15.088534233494029,0.14959833440229808,8.598936033815411,0.5153571969043831,0.0,0.0,0.0,0.0,19.154491589370966,-0.07956222249337874,7.8663120112718055,0.5566484634639246,9.710047144926522,0.4527341001256713,0.0,0.0,0.0,0.0,-1.1111111111111107,0.0,0,-3.333333333333332
mvad_Two7__018.000,mvad_Two7,18.0,20.0,Azimuth,-17.721953044974477,2,0,15.073984348324826,0.15041837738266117,26.333064156085587,-0.4841522226139163,12.4441752671967,0.2986364871199808,0.0,0.0,0.0,0.0,19.518428792769267,-0.10007400973218572,25.77750860053003,-0.4528406742245603,11.888619711641143,0.3299480355093367,0.0,0.0,0.0,0.0,0.5555555555555571,0.0,1,0.0
mvad_Two7__018.500,mvad_Two7,18.5,20.5,Azimuth,-17.74584194774934,2,0,0.6375028714720017,0.9640698363847919,24.13473083663823,-0.36025242641985944,28.579175281082673,-0.6107448135347064,15.35,15.35,0.0,0.0,19.690286392193787,-0.10976003930501266,24.526391760360895,-0.38232674435751113,10.801397503304898,0.39122473492468157,16.35,16.35,0.0,0.0,17.777777777777775,-1.0000000000000018,2,-3.333333333333334
mvad_Two7__024.000,mvad_Two7,24.0,26.0,Separation-2,8.068472652312428,2,0,31.431527347687574,-0.8663244405798916,28.431527347687574,-0.688192043136864,28.431527347687574,-0.688192043136864,8.8,8.799999999999999,0.0,0.0,31.431527347687574,-0.8663244405798916,13.810509115895856,0.17996696709222781,14.43152734768757,0.1430924782639319,16.3,16.3,0.0,0.0,14.000000000000004,-7.5,2,-3.0
mvad_Two7__024.500,mvad_Two7,24.5,26.5,Separation-2,8.124701733005335,2,0,21.375298266994665,-0.26921104211985103,34.37529826699466,-1.041118097706304,32.37529826699466,-0.9223631660776188,0.0,0.0,0.0,0.0,16.375298266994665,0.02767628695186164,19.79176608899822,-0.17518491435495576,19.375298266994665,-0.15045611049116592,5.975,5.975,0.0,0.0,12.999999999999996,-5.975,2,-5.9999999999999964
mvad_Two7__025.000,mvad_Two7,25.0,27.0,Separation-2,8.739485751198727,2,0,9.760514248801272,0.4204453988613992,22.76051424880127,-0.3514616567250537,32.76051424880127,-0.9452363148684793,0.0,0.0,0.0,0.0,24.76051424880127,-0.4702165883537388,9.586838082933758,0.4307578494629636,27.76051424880127,-0.6483489857967664,0.8,0.8,0.0,0.0,5.0,-0.8,2,-18.0
mvad_Two7__025.500,mvad_Two7,25.5,27.5,Separation-2,9.8003948917914,2,0,28.6996051082086,-0.7041098211977868,25.2332017027362,-0.49828357149062863,24.2332017027362,-0.43890610567628596,0.0,0.0,0.0,0.0,36.6996051082086,-1.179129547712527,8.699605108208601,0.48343949508906403,10.233201702736201,0.3923784157245094,0.0,0.0,0.0,0.0,13.999999999999998,0.0,2,0.0
mvad_Two7__026.000,mvad_Two7,26.0,28.0,Separation-2,10.840377277277602,2,0,24.6596227227224,-0.46422590521303375,12.886540907574135,0.23482985779539012,21.886540907574133,-0.29956733453369266,0.0,0.0,0.0,0.0,25.659622722722403,-0.5236033710273764,23.6596227227224,-0.4048484393986913,4.113459092425868,0.7557532233607865,0.0,0.0,0.0,0.0,17.773081815148267,0.0,2,-6.0
mvad_Two7__026.500,mvad_Two7,26.5,28.5,Separation-2,11.10874665670123,2,0,19.39125334329877,-0.15140348248897828,13.797084447766258,0.1807640898651619,18.202915552233744,-0.08084299592412325,0.0,0.0,0.0,0.0,24.39125334329877,-0.44829081156069095,7.797084447766257,0.5370288847512172,9.202915552233742,0.45355419640495964,0.0,0.0,0.0,0.0,9.000000000000002,0.0,2,-13.782506686597541
mvad_Two7__027.000,mvad_Two7,27.0,29.0,Separation-2,10.630190412172484,2,0,19.86980958782752,-0.17981893953872397,17.86980958782752,-0.061064007910039075,33.86980958782752,-1.0111034609395197,0.0,0.0,0.0,0.0,18.956603195942506,-0.12559505822313266,5.956603195942506,0.6463119973633203,18.86980958782752,-0.12044147372438152,0.0,0.0,0.0,0.0,15.0,0.0,3,3.0
mvad_Two7__027.500,mvad_Two7,27.5,29.5,Separation-2,9.37844661841922,2,0,25.12155338158078,-0.4916541771179941,20.12155338158078,-0.19476684804628142,33.12155338158078,-0.9666739036327343,0.0,0.0,0.0,0.0,33.12155338158078,-0.9666739036327343,10.373851127193594,0.3840270093319835,20.12155338158078,-0.19476684804628142,0.0,0.0,0.0,0.0,13.0,0.0,2,-3.0
mvad_Two7__028.000,mvad_Two7,28.0,30.0,Separation-2,8.08934176480954,2,0,29.410658235190464,-0.7463303539373336,19.803552745063488,-0.1758847761225366,30.410658235190464,-0.8057078197516763,0.0,0.0,0.0,0.0,24.410658235190464,-0.44944302486562093,4.196447254936513,0.7508255965783156,28.410658235190464,-0.6869528881229912,0.0,0.0,0.0,0.0,2.0,0.0,1,-12.0
mvad_Two7__028.500,mvad_Two7,28.5,30.5,Separation-2,7.181479574652666,2,0,30.31852042534733,-0.8002369100975071,29.31852042534733,-0.7408594442831646,20.318520425347334,-0.20646225195408197,0.0,0.0,0.0,0.0,9.106173475115778,0.4592984957818401,24.31852042534733,-0.44397211521145197,7.318520425347334,0.5654448036323712,0.0,0.0,0.0,0.0,13.0,0.0,2,0.0
mvad_Two7__029.000,mvad_Two7,29.0,31.0,Separation-2,7.09081463144974,2,0,30.409185368550258,-0.8056203646630982,15.136395122850088,0.10123921604058783,20.40918536855026,-0.21184570651967305,0.0,0.0,0.0,0.0,30.409185368550265,-0.8056203646630986,16.40918536855026,0.025664156737697064,14.409185368550261,0.14441908836638218,0.0,0.0,0.0,0.0,6.0,0.0,1,-18.0
mvad_Two7__031.500,mvad_Two7,31.5,33.5,Separation-2,10.292618808394964,2,0,28.207381191605037,-0.6748828124166568,3.930872936131655,0.7665947266143184,14.069127063868345,0.16461088872751595,0.0,0.0,0.0,0.0,25.207381191605037,-0.49675041497362926,27.207381191605037,-0.6155053466023144,6.930872936131654,0.5884623291712908,0.0,0.0,0.0,0.0,7.138254127736691,0.0,1,-5.585237616789929
mvad_Two7__032.000,mvad_Two7,32.0,34.0,Separation-2,9.81273328437777,2,0,22.68726671562223,-0.34711240382773023,7.770911094792591,0.5385829921226578,20.68726671562223,-0.22835747219904512,0.0,0.0,0.0,0.0,35.68726671562223,-1.1190194594141833,16.68726671562223,0.009152391058324993,3.77091109479259,0.7760928553800279,0.0,0.0,0.0,0.0,16.916355620829638,0.0,2,-1.6254665687555416
mvad_Two7__040.000,mvad_Two7,40.0,42.0,Azimuth,-9.543569272963866,2,0,16.23674531321018,0.08488425419158985,15.429921353456487,0.1303574876151249,6.488013717408312,0.6343304401658167,0.0,0.0,0.0,0.0,13.154680384074979,0.25859185949354624,15.932458161852757,0.10203411754676672,4.26579149518609,0.7595766337232404,0.0,0.0,0.0,0.0,2.2222222222222223,0.0,2,0.0
mvad_Two7__040.500,mvad_Two7,40.5,42.5,Azimuth,-9.51430988478292,2,0,22.338103294927645,-0.2589930840420027,15.439674482850137,0.1298077935658024,21.458754329227364,-0.20943228419882476,0.0,0.0,0.0,0.0,18.68097655144959,-0.052874542252045575,23.68097655144959,-0.33467847775624837,7.0143098847829215,0.6046679739244281,0.0,0.0,0.0,0.0,14.444444444444443,0.0,2,-1.666666666666667
mvad_Two7__041.000,mvad_Two7,41.0,43.0,Azimuth,-9.475977770969449,2,0,2.4684666734749943,0.8608752753507557,22.325325923656482,-0.25827294134008016,15.65865925698982,0.11746563933219012,0.0,0.0,0.0,0.0,5.801800006808328,0.6730059850146204,27.531533326525004,-0.5516988883759733,22.531533326525004,-0.26989495287177023,0.0,0.0,0.0,0.0,-6.872874069535184,0.0,0,-13.333333333333332
mvad_Two7__041.500,mvad_Two7,41.5,43.5,Azimuth,-9.390359930932917,2,0,12.703213356355695,0.28403689652588204,24.11258215315514,-0.3590041091855052,19.66813770871069,-0.10851172207065796,0.0,0.0,0.0,0.0,20.074564421422085,-0.13141825149787922,12.296786643644305,0.3069434259531032,3.557026597599584,0.7995231812206625,0.0,0.0,0.0,0.0,16.111111111111107,0.0,3,5.0
mvad_Two7__042.000,mvad_Two7,42.0,44.0,Azimuth,-9.133155778466184,2,0,14.966489111799518,0.15647689352281857,26.077600222910633,-0.46975407426429916,15.54438525948873,0.12390621177651107,0.0,0.0,0.0,0.0,18.877718592822063,-0.06396307855962435,17.744266889577293,-8.084842396072212e-05,17.744266889577293,-8.084842396072212e-05,0.0,0.0,0.0,0.0,-2.199881630088564,0.0,1,-8.266311556932365
mvad_Two7__042.500,mvad_Two7,42.5,44.5,Azimuth,-8.712613449837777,2,0,12.929128850054076,0.2713041214827664,19.848648927723705,-0.11868547645476357,10.706906627831854,0.3965503150401898,0.0,0.0,0.0,0.0,25.101502338726664,-0.4147404292242256,3.181982261057037,0.820660975225913,3.181982261057037,0.820660975225913,0.0,0.0,0.0,0.0,7.524924366774817,0.0,2,0.0
mvad_Two7__043.000,mvad_Two7,43.0,45.0,Azimuth,-8.343495536211165,2,0,15.281165178737055,0.13874150270842223,18.61449851207039,-0.04912778762771319,6.947831845403723,0.6084147285487604,0.0,0.0,0.0,0.0,18.058942956514834,-0.01781623923835718,14.725609623181503,0.1700530510977779,3.058942956514833,0.8275955672742517,0.0,0.0,0.0,0.0,3.8888888888888897,0.0,2,-3.333333333333332
mvad_Two7__043.500,mvad_Two7,43.5,45.5,Azimuth,-8.229146876840831,2,0,16.90971562561361,0.04695511768903382,17.465271181169168,0.015643569299677917,11.909715625613613,0.3287590531932367,0.0,0.0,0.0,0.0,18.576382292280275,-0.04697952747903367,10.173591321285278,0.42660838549008095,3.0208267367247217,0.829743827422931,0.0,0.0,0.0,0.0,8.888888888888891,0.0,2,0.0
mvad_Two7__044.000,mvad_Two7,44.0,46.0,Azimuth,-8.461089258893614,2,0,16.98702975296454,0.04259763261752092,5.235192469257685,0.7049404318082437,0.9610892588936152,0.9458322528945923,0.0,0.0,0.0,0.0,11.346303580368795,0.360513399525329,11.51664481444917,0.35091283349683056,2.542585308520094,0.8566978907407738,0.0,0.0,0.0,0.0,-1.5814960496264785,0.0,1,-3.333333333333332
mvad_Two7__044.500,mvad_Two7,44.5,46.5,Azimuth,-9.170393819353023,2,0,18.33457571756212,-0.03335111860176032,12.779020162006566,0.2797643652917986,2.22594937490858,0.8745437411835283,0.0,0.0,0.0,0.0,17.223464606451007,0.029271978176951707,12.22594937490858,0.31093587017512236,3.337060486019691,0.8119206444048166,0.0,0.0,0.0,0.0,-1.1111111111111107,0.0,1,-5.0
mvad_Two7__045.000,mvad_Two7,45.0,47.0,Azimuth,-9.824023144149574,2,0,12.996896603605414,0.2674846775525571,7.003103396394586,0.6052995804306311,6.76846758859402,0.6185238392403125,0.0,0.0,0.0,0.0,14.780881174172364,0.16693790297964872,7.996896603605414,0.54928861305676,3.4351342552606856,0.8063931295764479,0.0,0.0,0.0,0.0,3.3333333333333344,0.0,3,1.6666666666666674
mvad_Two7__045.500,mvad_Two7,45.5,47.5,Azimuth,-10.161467846157436,2,0,27.105912290601882,-0.527710551784671,13.5572884957253,0.23590054942775096,2.1059122906018812,0.8813091257363438,0.0,0.0,0.0,0.0,4.560754376064785,0.7429522935913856,8.109378170941367,0.5429490633873695,2.1059122906018812,0.8813091257363438,0.0,0.0,0.0,0.0,0.0,0.0,2,-3.333333333333335
mvad_Two7__048.500,mvad_Two7,48.5,50.5,Azimuth,-16.9188651245954,2,0,2.8033570976268223,0.8420005874530243,16.085531791262067,0.09340676730887565,11.085531791262065,0.3752107028130788,0.0,0.0,0.0,0.0,14.638156069579312,0.17498200221356297,6.304822736245978,0.6446552280539013,11.085531791262065,0.3752107028130788,0.0,0.0,0.0,0.0,0.0,0.0,2,-5.0
mvad_Two7__049.000,mvad_Two7,49.0,51.0,Azimuth,-16.410064470359863,2,0,4.423268862973469,0.7507010853241751,15.576731137026533,0.12208317265901303,22.2433978036932,-0.2536554080132576,0.0,0.0,0.0,0.0,18.525577045675508,-0.04411610379153674,5.918867398768934,0.666407974659878,8.910064470359865,0.49782175333128365,0.0,0.0,0.0,0.0,13.333333333333334,0.0,2,-1.666666666666666
mvad_Two7__049.500,mvad_Two7,49.5,51.5,Azimuth,-16.58764247039712,2,0,18.02921415679904,-0.016140700686811726,26.309864692619346,-0.48284468259264157,18.532086914841567,-0.04448300514165937,0.0,0.0,0.0,0.0,24.643198025952675,-0.38891003742457375,9.140325267910152,0.4848440735428823,12.976531359286012,0.26863247875189955,0.0,0.0,0.0,0.0,5.555555555555555,0.0,3,3.333333333333332
mvad_Two7__050.000,mvad_Two7,50.0,52.0,Azimuth,-17.475903413631674,2,0,29.420347858076116,-0.6581539620616994,22.198125635853902,-0.25110383300007344,14.975903413631675,0.1559462960615533,0.0,0.0,0.0,0.0,23.30923674696501,-0.313726929778785,24.420347858076124,-0.37635002655749683,13.864792302520563,0.21856939284026522,0.0,0.0,0.0,0.0,1.1111111111111125,0.0,1,0.0
mvad_Two7__050.500,mvad_Two7,50.5,52.5,Azimuth,-18.741202323717125,2,0,1.252932558760957,0.9293837348039623,7.919599225427625,0.5536451541316916,10.68564676816157,0.3977485374648605,0.0,0.0,0.0,0.0,24.0189801014949,-0.3537286238796806,16.241202323717125,0.08463305357130169,11.241202323717125,0.3664369890755046,0.0,0.0,0.0,0.0,-0.5555555555555554,0.0,1,-3.333333333333332
mvad_Two7__051.000,mvad_Two7,51.0,53.0,Azimuth,-19.764035314340333,2,0,1.3102339936690004,0.9261541808305374,18.134210450775445,-0.02205837445799319,12.81959086989589,0.27747776826191795,0.0,0.0,0.0,0.0,21.70847975878478,-0.22350700596777617,11.708479758784781,0.34010086504062953,12.264035314340335,0.30878931665127385,0.0,0.0,0.0,0.0,0.5555555555555554,0.0,2,-3.3333333333333304
mvad_Two7__051.500,mvad_Two7,51.5,53.5,Azimuth,-20.04580239716857,2,0,7.545802397168571,0.5747126375881696,9.15139920094381,0.4842199379608032,13.101357952724124,0.2615971536946109,0.0,0.0,0.0,0.0,24.21246906383524,-0.36463381409250695,16.990246841613015,0.042416314969119684,12.54580239716857,0.2929087020839667,0.0,0.0,0.0,0.0,0.5555555555555536,0.0,2,-3.333333333333334
mvad_Two7__052.000,mvad_Two7,52.0,54.0,Azimuth,-19.628897795600228,2,0,2.128897795600229,0.8800136445827267,8.179256290355479,0.5390106775760637,12.684453351155783,0.28509422518496497,0.0,0.0,0.0,0.0,12.684453351155787,0.28509422518496474,22.684453351155785,-0.27851364582344096,12.684453351155783,0.28509422518496497,0.0,0.0,0.0,0.0,0.0,0.0,2,-3.333333333333334
mvad_Two7__052.500,mvad_Two7,52.5,54.5,Azimuth,-18.637601700226,2,0,4.268089455630888,0.7594471188638449,14.268089455630891,0.19583924785543882,13.359823922448223,0.24702980820217868,0.0,0.0,0.0,0.0,12.248712811337112,0.3096529049808904,18.712533900075332,-0.05465313925940807,12.804268366892666,0.2783413565915347,0.0,0.0,0.0,0.0,0.5555555555555571,0.0,1,0.0
mvad_Two7__053.000,mvad_Two7,53.0,55.0,Azimuth,-17.59221033747449,2,0,13.919625668047054,0.21547894119980404,10.030736779158163,0.43465977992529536,10.647765893030048,0.3998835334033417,0.0,0.0,0.0,0.0,19.475181223602608,-0.09763654269375466,11.141847890269275,0.37203668314658345,10.647765893030048,0.3998835334033417,0.0,0.0,0.0,0.0,0.0,0.0,2,-5.0
mvad_Two7__053.500,mvad_Two7,53.5,55.5,Azimuth,-16.88239252409305,2,0,6.604614746315273,0.6277587143998526,9.79413084136435,0.44799507681208717,9.937948079648606,0.43988942406371734,0.0,0.0,0.0,0.0,18.826836968537496,-0.06109535016597678,12.715725857426383,0.28333168211693793,9.382392524093051,0.47120097245307324,0.0,0.0,0.0,0.0,0.5555555555555554,0.0,2,-3.333333333333332
mvad_Two7__054.000,mvad_Two7,54.0,56.0,Azimuth,-16.53315473578403,2,0,15.233273800816898,0.14144069846334606,14.677718245261344,0.17275224685270185,11.255376958006254,0.36563809553010274,0.0,0.0,0.0,0.0,20.14426584689514,-0.13534667869959138,25.14426584689515,-0.4171506142037946,9.588710291339588,0.45957274069817033,0.0,0.0,0.0,0.0,1.666666666666666,0.0,2,0.0
mvad_Two7__054.500,mvad_Two7,54.5,56.5,Azimuth,-16.597786832718324,2,0,3.634071055760558,0.7951808949169522,11.8755646104961,0.33068383128555234,11.320009054940547,0.36199537967490814,0.0,0.0,0.0,0.0,19.097786832718324,-0.07636629777607418,25.208897943829438,-0.420793330058989,9.097786832718326,0.48724157323233164,0.0,0.0,0.0,0.0,2.2222222222222214,0.0,3,1.666666666666666
mvad_Two7__055.000,mvad_Two7,55.0,57.0,Azimuth,-17.15467124067002,2,0,1.2262206975544376,0.9308892363264901,14.65467124067002,0.1740511941717856,9.65467124067002,0.4558551296759885,0.0,0.0,0.0,0.0,19.099115685114466,-0.07644119294306151,19.654671240670023,-0.10775274133241752,9.65467124067002,0.4558551296759885,0.0,0.0,0.0,0.0,0.0,0.0,2,-5.0
mvad_Two8__004.500,mvad_Two8,4.5,6.5,Azimuth,-9.289940876416422,3,0,16.234385320860866,0.08501726521794906,22.818869181027697,-0.2860894277938346,8.45660754308309,0.5233789426689314,0.0,0.0,0.0,0.0,2.0989480124724658,0.8817016379333069,22.34549643197198,-0.25940976706496577,10.123274209749756,0.42944429750086377,0.0,0.0,0.0,0.0,-1.666666666666666,0.0,1,-3.333333333333332
mvad_Two8__005.000,mvad_Two8,5.0,7.0,Azimuth,-9.3040878434584,3,0,20.69297673234729,-0.1662724560944735,12.915198954569512,0.2720892213565088,9.026310065680624,0.4912700600819999,0.0,0.0,0.0,0.0,17.915198954569515,-0.009714714147694314,7.823584836708356,0.5590566006529156,2.359643399013956,0.8670086407542705,0.0,0.0,0.0,0.0,6.666666666666668,0.0,2,-1.666666666666666
mvad_Two8__005.500,mvad_Two8,5.5,7.5,Azimuth,-9.315522986291956,3,0,25.148856319625292,-0.41740933686003046,7.827396550986208,0.5588417694360124,6.815522986291957,0.6158717599887138,0.0,0.0,0.0,0.0,9.950381226791569,0.4391886821045994,2.9266340974030682,0.8350525987142049,2.371078541847513,0.8663641471035608,0.0,0.0,0.0,0.0,4.444444444444445,0.0,2,0.0
mvad_Two8__006.000,mvad_Two8,6.0,8.0,Azimuth,-9.289207614241292,3,0,19.011429836463517,-0.07149914949548886,10.122540947574626,0.4294856247342054,4.011429836463515,0.7739126570171201,0.0,0.0,0.0,0.0,6.233652058685738,0.6486664634596965,3.4558742809079592,0.805224205406476,2.3447631697968485,0.8678473021851877,0.0,0.0,0.0,0.0,1.6666666666666665,0.0,1,-3.3333333333333344
mvad_Two8__006.500,mvad_Two8,6.5,8.5,Azimuth,-9.287110693645424,3,0,24.564888471423206,-0.3844964492937768,21.23155513808987,-0.19662715895764138,13.453777360312094,0.24173451849334104,0.0,0.0,0.0,0.0,18.453777360312092,-0.04006941701086175,5.120444026978759,0.7114077443336793,2.898221804756536,0.8366539378911029,0.0,0.0,0.0,0.0,10.555555555555557,0.0,3,5.0
mvad_Two8__007.000,mvad_Two8,7.0,9.0,Azimuth,-9.299897957087753,3,0,26.799897957087754,-0.5104633430836756,14.488854874584808,0.18339673507854926,2.35545351264331,0.8672447860479833,0.0,0.0,0.0,0.0,1.7998979570877538,0.8985563344373392,6.799897957087754,0.6167523989331363,1.7998979570877538,0.8985563344373392,0.0,0.0,0.0,0.0,0.555555555555556,0.0,1,-1.666666666666666
mvad_Two8__007.500,mvad_Two8,7.5,9.5,Azimuth,-9.304093174573548,3,0,26.804093174573552,-0.5106997888432343,20.04580883596896,-0.12979756406819565,9.026315396795772,0.49126975961615404,0.0,0.0,0.0,0.0,11.804093174573552,0.33471201766937453,10.509746719586596,0.4076624026536221,0.1374265079068823,0.9922545338458483,0.0,0.0,0.0,0.0,8.88888888888889,0.0,3,6.666666666666668
mvad_Two8__010.500,mvad_Two8,10.5,12.5,Azimuth,-17.432980543714155,3,0,5.022339818761947,0.7169369747266836,5.533215736793608,0.6881436058755547,26.04409165482527,-0.4678655049923861,0.0,0.0,0.0,0.0,14.466784263206392,0.18464065210763358,17.710758321491934,0.0018077208479523321,26.04409165482527,-0.4678655049923861,0.0,0.0,0.0,0.0,0.0,0.0,2,-30.0
mvad_Two8__011.000,mvad_Two8,11.0,13.0,Azimuth,-17.443598262395916,3,0,0.6119572931596385,0.965509605285423,17.758977198576417,-0.0009099330176478571,23.31453275413197,-0.31402541691120667,0.0,0.0,0.0,0.0,15.574356134756918,0.12221702965629477,23.83248715128481,-0.3432177344170819,21.054709373507027,-0.1866599924703023,0.0,0.0,0.0,0.0,2.259823380624944,0.0,2,-41.553863191458504
mvad_Two8__011.500,mvad_Two8,11.5,13.5,Azimuth,-17.456688078406735,3,0,1.6811039738644211,0.9052516568346503,4.487756366037708,0.7470665188933068,8.845576967295626,0.501456319762152,0.0,0.0,0.0,0.0,12.178910300628957,0.3135870294260169,4.401132522851181,0.7519487068769992,23.29002141174007,-0.3126439383611008,0.0,0.0,0.0,0.0,-14.444444444444445,0.0,1,-26.66666666666667
mvad_Two8__012.000,mvad_Two8,12.0,14.0,Azimuth,-17.484765170313228,3,0,1.1161893876733682,0.9370906875571237,9.439366167882186,0.4679898930451146,21.661588390104413,-0.22086417152071514,0.0,0.0,0.0,0.0,1.1161893876733682,0.9370906875571237,3.8736540592021176,0.7816778082670025,14.98476517031323,0.15544684047988477,0.0,0.0,0.0,0.0,6.676823219791183,0.0,2,-24.96953034062646
mvad_Two8__012.500,mvad_Two8,12.5,14.5,Azimuth,-17.48729338075351,3,0,0.568262174802045,0.9679722965485212,19.431737825197953,-0.09518803856533298,9.987293380753512,0.43710828405371693,0.0,0.0,0.0,0.0,6.106875571362281,0.6558116860711263,23.32909779358451,-0.3148463139989064,9.987293380753512,0.43710828405371693,0.0,0.0,0.0,0.0,0.0,0.0,1,-1.666666666666666
mvad_Two8__013.000,mvad_Two8,13.0,15.0,Azimuth,-17.483122971353584,3,0,2.2165965460067505,0.875070873982055,19.438818768228973,-0.09558712608797748,11.094234082464697,0.37472023483131767,0.0,0.0,0.0,0.0,11.094234082464697,0.37472023483131767,6.116736787326583,0.6552559001776068,2.21659654600675,0.875070873982055,0.0,0.0,0.0,0.0,8.877637536457947,0.0,3,6.666666666666668
mvad_Two8__013.500,mvad_Two8,13.5,15.5,Azimuth,-17.517928625531788,3,0,2.7957064033095658,0.8424317866066128,25.017928625531784,-0.41003014896762235,8.906817514420679,0.49800475432369795,0.0,0.0,0.0,0.0,10.01792862553179,0.43538165754498626,8.33930954184393,0.5299899503441259,15.573484181087345,0.12226617365142745,0.0,0.0,0.0,0.0,-6.666666666666666,0.0,0,-20.0
mvad_Two8__014.000,mvad_Two8,14.0,16.0,Azimuth,-17.544266599823793,3,0,26.155377710934903,-0.47413767470807344,11.155377710934905,0.3712741318045354,9.48871104426824,0.465208776972603,0.0,0.0,0.0,0.0,1.1258666443857084,0.9365452697518393,8.933155488712684,0.4965203253619589,10.59982215537935,0.4025856801938913,0.0,0.0,0.0,0.0,-1.1111111111111107,0.0,1,-5.000000000000002
mvad_Two8__014.500,mvad_Two8,14.5,16.5,Azimuth,-17.54445649042138,3,0,14.488900934865825,0.18339413908485702,12.822234268199159,0.27732878425292473,10.600012045976934,0.40257497781034834,0.0,0.0,0.0,0.0,1.0962922809706501,0.9382121041519182,8.903707719029349,0.49818002483967594,9.488900934865823,0.46519807458906015,0.0,0.0,0.0,0.0,1.1111111111111107,0.0,2,0.0
mvad_Two8__023.000,mvad_Two8,23.0,25.0,Separation-2,8.121278294441238,3,0,23.37872170555876,-0.38816924885484316,22.37872170555876,-0.3287917830405007,35.37872170555876,-1.1006988386269536,0.0,0.0,0.0,0.0,27.37872170555876,-0.6256791121122134,30.37872170555876,-0.8038115095552409,30.37872170555876,-0.8038115095552409,0.0,0.0,0.0,0.0,5.0,0.0,1,-9.0
mvad_Two8__023.500,mvad_Two8,23.5,25.5,Separation-2,8.112882441243597,3,0,22.7957058529188,-0.3535512449954943,10.7957058529188,0.3589783447766163,21.7957058529188,-0.2941737791811516,0.0,0.0,0.0,0.0,32.3871175587564,-0.9230649656701513,17.3871175587564,-0.032402978455013054,21.3871175587564,-0.2699128417123833,0.0,0.0,0.0,0.0,0.4085882941623993,0.0,1,-37.7742351175128
mvad_Two8__024.000,mvad_Two8,24.0,26.0,Separation-2,8.10380337466746,3,0,25.396196625332536,-0.5079617969350041,15.798732208444179,0.061911318383153335,3.79873220844418,0.7744409081552638,0.0,0.0,0.0,0.0,12.396196625332541,0.2639452586514487,24.79873220844418,-0.47248587394592945,3.20126779155582,0.8099168311443384,0.0,0.0,0.0,0.0,0.5974644168883598,0.0,2,-2.9999999999999996
mvad_Two8__024.500,mvad_Two8,24.5,26.5,Separation-2,8.095206268266825,3,0,21.404793731733175,-0.27096240806904004,2.595206268266825,0.8459032285248191,11.198402089422274,0.33506726276006693,0.0,0.0,0.0,0.0,22.801597910577726,-0.3539011004477133,10.404793731733173,0.38218971588872797,24.40479373173318,-0.4490948055120678,0.0,0.0,0.0,0.0,-13.206391642310905,0.0,1,-40.80958746346636
mvad_Two8__025.000,mvad_Two8,25.0,27.0,Separation-2,8.13156984352352,3,0,19.210523281174506,-0.14067218940357074,21.36843015647648,-0.2688032311223485,27.368430156476478,-0.6250680260084034,0.0,0.0,0.0,0.0,6.210523281174507,0.6312348661828823,21.368430156476478,-0.2688032311223483,34.36843015647648,-1.0407102867088014,0.0,0.0,0.0,0.0,-7.0,0.0,2,-33.0
mvad_Two8__025.500,mvad_Two8,25.5,27.5,Separation-2,8.166660337578856,3,0,29.33333966242115,-0.7417393730259099,21.333339662421142,-0.2667196465111692,26.33333966242115,-0.5636069755828823,0.0,0.0,0.0,0.0,8.777779887473715,0.478797674805706,17.777779887473717,-0.055599517523376996,20.333339662421142,-0.20734218069682675,0.0,0.0,0.0,0.0,6.000000000000007,0.0,2,-2.9999999999999964
mvad_Two8__026.000,mvad_Two8,26.0,28.0,Separation-2,8.216475214752839,3,0,11.76117492841572,0.30165123775149305,17.28352478524716,-0.026251902087355283,16.28352478524716,0.033125563726987384,0.0,0.0,0.0,0.0,37.28352478524716,-1.213801218374206,15.76117492841572,0.06414137449412294,18.76117492841572,-0.11399102294890473,0.0,0.0,0.0,0.0,-2.4776501431685602,0.0,2,-24.0
mvad_Two8__026.500,mvad_Two8,26.5,28.5,Separation-2,8.25432662271431,3,0,22.245673377285687,-0.32089171047681075,2.7543266227143093,0.8364550651182475,10.748557792428564,0.3617778771265878,0.0,0.0,0.0,0.0,36.24567337728569,-1.1521762318776068,7.748557792428564,0.5399102745696155,22.245673377285687,-0.32089171047681075,0.0,0.0,0.0,0.0,-11.497115584857124,0.0,1,-33.0
mvad_Two8__027.000,mvad_Two8,27.0,29.0,Separation-2,8.260725713838882,3,0,21.23927428616112,-0.26113428284797635,1.760725713838882,0.8954525691180979,23.746424762053707,-0.41000252452170116,0.0,0.0,0.0,0.0,17.23927428616112,-0.02362441959060635,11.253575237946293,0.33179122101971226,4.253575237946294,0.74743348172011,0.0,0.0,0.0,0.0,19.492849524107413,0.0,2,0.0
mvad_Two8__027.500,mvad_Two8,27.5,29.5,Separation-2,8.24807790237466,3,0,11.750640699208446,0.3022767335861284,0.7480779023746607,0.9555810299252835,24.25192209762534,-0.44001767528384694,0.0,0.0,0.0,0.0,19.750640699208446,-0.17274299292861195,8.249359300791554,0.5101739501270208,22.750640699208446,-0.3508753903716395,0.0,0.0,0.0,0.0,1.501281398416893,0.0,2,-24.0
mvad_Two8__028.000,mvad_Two8,28.0,30.0,Separation-2,8.239745270425301,3,0,33.2602547295747,-0.9749096381816462,13.246581756808434,0.2134515445782137,5.246581756808434,0.688471271092954,0.0,0.0,0.0,0.0,29.753418243191565,-0.7666825745949428,22.260254729574697,-0.32175751422387844,18.753418243191565,-0.11353045063717482,0.0,0.0,0.0,0.0,-13.506836486383131,0.0,1,-22.520509459149395
mvad_Two8__028.500,mvad_Two8,28.5,30.5,Separation-2,8.224416182851346,3,0,23.275583817148654,-0.3820451824116087,35.27558381714866,-1.0945747721837193,15.758527939049552,0.0642985460147234,0.0,0.0,0.0,0.0,21.758527939049554,-0.29196624887133193,36.27558381714866,-1.153952237998062,19.275583817148657,-0.14453531915423867,0.0,0.0,0.0,0.0,-3.5170558780991055,0.0,1,-18.000000000000004
mvad_Two8__038.000,mvad_Two8,38.0,40.0,Azimuth,-17.60943038291362,3,0,2.814254572082317,0.8413863972153013,19.480921238748984,-0.09796005446537515,19.55387482735806,-0.10207177614121377,7.65,7.6499999999999995,0.0,0.0,8.925365683193428,0.49695936493238657,9.480921238748985,0.46564781654303056,10.664985938469178,0.39891299808848013,6.6,6.6000000000000005,0.0,0.0,8.888888888888884,1.0500000000000007,1,-3.3333333333333357
mvad_Two8__038.500,mvad_Two8,38.5,40.5,Azimuth,-17.616502213934186,3,0,2.8166118490891727,0.8412535392277802,17.816611849089174,-0.004158267284828598,22.261056293533617,-0.2546506543996756,0.0,0.0,0.0,0.0,7.338724436156411,0.5863837144620522,15.116502213934188,0.14802203701106975,9.005391102823076,0.4924490692939846,0.0,0.0,0.0,0.0,13.255665190710541,0.0,2,-6.899671094535041
mvad_Two8__039.000,mvad_Two8,39.0,41.0,Azimuth,-17.602607114703112,3,0,1.70086903823437,0.9041376822496612,20.034202371567705,-0.12914341459908307,19.547051559147558,-0.1016872113742695,0.0,0.0,0.0,0.0,7.324829336925334,0.5871668531915599,9.478646816012148,0.46577600479867887,9.547051559147558,0.4619206596341363,0.0,0.0,0.0,0.0,10.0,0.0,2,-1.6666666666666679
mvad_Two8__039.500,mvad_Two8,39.5,41.5,Azimuth,-17.556378951025284,3,0,2.796570761452872,0.842383070701319,1.1299040947862053,0.9363177158693867,19.500823395469727,-0.09908175568316047,0.0,0.0,0.0,0.0,12.278601173247509,0.3079683733784657,10.018792983675093,0.4353329416396926,22.241015205897316,-0.25352112292613693,0.0,0.0,0.0,0.0,-2.7401918104275893,0.0,2,-28.333333333333336
mvad_Two8__040.000,mvad_Two8,40.0,42.0,Azimuth,-17.548426729661802,3,0,2.793920020998378,0.8425324685197344,8.31719109011273,0.5312365636931482,8.381760062995136,0.527597405559203,0.0,0.0,0.0,0.0,12.270648951884027,0.30841656683371166,12.826204507439579,0.277105018444356,10.048426729661804,0.43366276039113527,0.0,0.0,0.0,0.0,-1.6666666666666679,0.0,0,-3.333333333333334
mvad_Two8__040.500,mvad_Two8,40.5,42.5,Azimuth,-17.541797050218012,3,0,1.6805990167393368,0.9052801166156722,18.347265683406004,-0.03406633506500434,8.930685939106901,0.4966595111215254,0.0,0.0,0.0,0.0,20.59735260577357,-0.16088300505494835,12.819574827995789,0.2774786723960343,11.70846371688468,0.3401017691747459,0.0,0.0,0.0,0.0,-2.7777777777777786,0.0,0,-5.0
mvad_Two8__041.000,mvad_Two8,41.0,43.0,Azimuth,-17.532512680096595,3,0,2.7886153378099756,0.8428314446395533,11.69917934676326,0.34062504358252454,18.921401568985484,-0.06642508547910198,0.0,0.0,0.0,0.0,7.254734902318817,0.5911174306973717,15.566393115587752,0.12266583168436807,6.12194867114331,0.6549621543034179,0.0,0.0,0.0,0.0,12.799452897842173,0.0,2,-1.6666666666666652
mvad_Two8__041.500,mvad_Two8,41.5,43.5,Azimuth,-17.5414899036082,3,0,1.6804966345360655,0.9052858869572337,20.597045459163752,-0.16086569403026352,19.485934348052645,-0.09824259725155216,0.0,0.0,0.0,0.0,7.263712125830421,0.5906114673142775,11.680496634536064,0.34167801594882785,11.15260101471931,0.37143062858878617,0.0,0.0,0.0,0.0,8.333333333333334,0.0,1,-6.666666666666668
mvad_Two8__042.000,mvad_Two8,42.0,44.0,Azimuth,-17.50732371479336,3,0,2.78021901604223,0.8433046679431354,20.562879270348912,-0.1589400607364233,7.78021901604223,0.5615007324389324,0.0,0.0,0.0,0.0,18.896212603682248,-0.0650054155683557,13.335774571597787,0.24838524854537358,11.11843482590447,0.3733562618826265,0.0,0.0,0.0,0.0,-3.3382158098622403,0.0,0,-8.347980762920054
mvad_Two8__042.500,mvad_Two8,42.5,44.5,Azimuth,-17.484514000860294,3,0,1.6718286663799014,0.9057744204650802,20.56071755526879,-0.15881822477301988,8.873402889749185,0.4998880288708625,0.0,0.0,0.0,0.0,5.550393555842322,0.6871754504732933,7.7726157780645435,0.5619292569158698,16.65118066752696,0.06152635141988039,0.0,0.0,0.0,0.0,-7.777777777777773,0.0,0,-11.666666666666663
mvad_Two8__043.000,mvad_Two8,43.0,45.0,Azimuth,-17.484514000860287,3,0,0.571041554695268,0.967815648510087,10.560717555268793,0.4047896462353858,9.428958445304731,0.46857648048150713,0.0,0.0,0.0,0.0,10.55039355584232,0.4053715149690905,11.0956251119714,0.3746418353134394,9.428958445304731,0.46857648048150713,0.0,0.0,0.0,0.0,0.0,0.0,2,-3.3333333333333357
mvad_Two8__043.500,mvad_Two8,43.5,45.5,Azimuth,-17.48211297783246,3,0,1.6845536888342043,0.9050572281836797,7.771815437055264,0.5619743647651019,9.426557422276908,0.46871180402920254,0.0,0.0,0.0,0.0,6.105148770388599,0.6559090099331695,9.982112977832463,0.43740025563984664,10.53766853338802,0.40608870725049073,0.0,0.0,0.0,0.0,-1.1111111111111125,0.0,1,-5.000000000000002
mvad_Two8__044.000,mvad_Two8,44.0,46.0,Azimuth,-17.490074993246886,3,0,2.2189138866378513,0.8749402668401054,15.552247219971186,0.12346310549556405,9.99669166441563,0.43657858938912286,0.0,0.0,0.0,0.0,29.996691664415636,-0.6906371526276891,17.21229721546911,0.029901381122554138,17.767852771024668,-0.001410167266801876,0.0,0.0,0.0,0.0,-7.771161106609037,0.0,0,-23.313483319827107
mvad_Two8__044.500,mvad_Two8,44.5,46.5,Azimuth,-17.49140119266625,3,0,1.6695329357779165,0.9059038096487795,13.880290081555138,0.21769592581556163,10.546956748221804,0.40556521615169694,0.0,0.0,0.0,0.0,26.108244841999863,-0.47148122911657375,17.769178970444027,-0.001484912909929692,9.99140119266625,0.43687676454105273,0.0,0.0,0.0,0.0,0.5555555555555536,0.0,1,0.0
mvad_Two8__045.000,mvad_Two8,45.0,47.0,Azimuth,-17.474140640295165,3,0,1.6752864532349445,0.905579536876303,10.546935768987277,0.4055663985578677,9.991380213431723,0.4368779469472235,0.0,0.0,0.0,0.0,26.102491324542836,-0.47115695634409716,18.88026910232061,-0.06410682728247052,9.974140640295166,0.4378495828584823,0.0,0.0,0.0,0.0,0.017239573136556885,0.0,1,0.0
mvad_Two8__045.500,mvad_Two8,45.5,47.5,Azimuth,-17.465037811336487,3,0,2.812739966441292,0.8414717615813768,21.076148922447597,-0.18786834232367977,20.520593366892044,-0.15655679393432398,0.0,0.0,0.0,0.0,24.409482255780933,-0.3757376326598152,13.877234826001052,0.21786812242338416,10.520593366892042,0.40705107707408195,0.0,0.0,0.0,0.0,10.000000000000002,0.0,1,0.0
mvad_Two8__046.000,mvad_Two8,46.0,48.0,Azimuth,-17.444935424687767,3,0,7.240577080659634,0.5919153766697165,3.314978474895922,0.8131652039325217,11.05604653579888,0.3768725150188532,0.0,0.0,0.0,0.0,24.94493542468777,-0.40591619471504403,21.611602091354438,-0.2180469043789086,9.426089586007032,0.46873817164960707,0.0,0.0,0.0,0.0,1.629956949791847,0.0,1,-3.333333333333334
mvad_Two8__046.500,mvad_Two8,46.5,48.5,Azimuth,-17.410777018878697,3,0,12.251963215929328,0.309469709619677,14.970259006292899,0.1562644193018845,11.02188812998981,0.3787977096563624,0.0,0.0,0.0,0.0,28.859147895181792,-0.6265242904320127,24.970259006292896,-0.4073434517065211,10.466332574434254,0.4101092580457182,0.0,0.0,0.0,0.0,0.5555555555555554,0.0,1,-3.333333333333334
mvad_Two8__049.500,mvad_Two8,49.5,51.5,Azimuth,-9.35766748191833,3,0,6.857667481918331,0.6134964630432433,7.413223037473887,0.5821849146538876,3.3970002717505543,0.8085423909023693,10.65,10.65,0.0,0.0,21.857667481918337,-0.2319153434693657,9.936333061582777,0.43998044775308953,6.174778049528332,0.6519846489555899,9.6,9.6,0.0,0.0,-2.777777777777778,1.0500000000000007,1,-14.61799836949667
mvad_Two8__050.000,mvad_Two8,50.0,52.0,Azimuth,-9.356721770248567,3,0,20.1900551035819,-0.13792739724721947,14.634499548026348,0.17518808664633923,22.412277325804126,-0.2631735908046433,0.0,0.0,0.0,0.0,1.8567217702485685,0.8953536996015246,24.63449954802635,-0.3884197843620669,20.74561065913746,-0.1692389456365755,0.0,0.0,0.0,0.0,1.6666666666666679,0.0,2,-11.666666666666668
mvad_Two8__050.500,mvad_Two8,50.5,52.5,Azimuth,-9.33832658450026,3,0,20.171659917833598,-0.1368906300995789,22.279442194833422,-0.255686898268491,24.060548806722483,-0.3560714688250699,0.0,0.0,0.0,0.0,17.279442194833422,0.026117037235711904,21.838326584500265,-0.23082527526764673,15.612775528166756,0.1200516824037795,0.0,0.0,0.0,0.0,8.447773278555728,0.0,2,-13.333333333333336
mvad_Two8__051.000,mvad_Two8,51.0,53.0,Azimuth,-9.34252098032162,3,0,19.064743202543845,-0.0745039327707715,21.28696542476607,-0.1997501263281951,12.953632091432732,0.2699230995121433,0.0,0.0,0.0,0.0,18.391951437884984,-0.036584859359634514,26.842520980321627,-0.5128656102217539,11.608048562115016,0.34576124633441685,0.0,0.0,0.0,0.0,1.3455835293177163,0.0,2,-15.000000000000002
mvad_Two8__051.500,mvad_Two8,51.5,53.5,Azimuth,-9.34536180277765,3,0,25.734250691666542,-0.45040262443267753,21.289806247222096,-0.19991023731783053,12.956472913888762,0.2697629885225078,0.0,0.0,0.0,0.0,24.067584024999874,-0.35646797926460994,20.734250691666542,-0.16859868892847474,7.043527086111239,0.6030212694606804,0.0,0.0,0.0,0.0,5.912945827777523,0.0,2,-1.309276394444698
mvad_Two8__052.000,mvad_Two8,52.0,54.0,Azimuth,-9.347255684415003,3,0,19.06947790663723,-0.07477078442016416,17.958366795526118,-0.012147687641452354,10.180589017748337,0.4262139898095302,0.0,0.0,0.0,0.0,23.513922351081675,-0.32526317153501116,22.40281123997056,-0.26264007475629936,13.513922351081673,0.23834469947339476,0.0,0.0,0.0,0.0,-3.3333333333333357,0.0,1,-11.666666666666668
mvad_Two8__052.500,mvad_Two8,52.5,54.5,Azimuth,-9.349623036461695,3,0,20.182956369795033,-0.1375273070235723,11.849623036461695,0.33214591881676625,4.627400814239475,0.7391960478783925,0.0,0.0,0.0,0.0,22.960734147572808,-0.2940850489703515,20.738511925350583,-0.16883885541292787,14.627400814239477,0.1755881768699865,0.0,0.0,0.0,0.0,-10.000000000000004,0.0,1,-35.0
mvad_Two8__053.000,mvad_Two8,53.0,55.0,Azimuth,-9.350231784130845,3,0,28.516898450797513,-0.6072348423616893,11.17229948359917,0.37032040737803595,4.628009561908624,0.7391617383806135,0.0,0.0,0.0,0.0,24.628009561908627,-0.38805400363619835,25.18356511746418,-0.41936555202555414,20.61674392804362,-0.1619759152410143,0.0,0.0,0.0,0.0,-15.988734366134995,0.0,0,-25.000000000000004
mvad_Two8__053.500,mvad_Two8,53.5,55.5,Azimuth,-9.351042680216825,3,0,20.18437601355016,-0.13760731926301406,21.851042680216825,-0.23154196443108166,2.962153791327937,0.8330506808070184,0.0,0.0,0.0,0.0,12.962153791327937,0.26944280979861246,4.50590311562783,0.7460437538030855,3.517709346883493,0.8017391324176625,0.0,0.0,0.0,0.0,-0.5555555555555558,0.0,1,-3.3333333333333344
mvad_Two8__054.000,mvad_Two8,54.0,56.0,Azimuth,-9.358143457752345,3,0,24.080365679974566,-0.3571883633994348,31.858143457752345,-0.7955500408504173,9.080365679974568,0.4882234431131738,0.35,0.35000000000000003,0.0,0.0,4.635921235530123,0.7387158302280209,6.7304922636952265,0.6206641584420187,7.158396625193663,0.5965471318240843,0.4,0.4,0.0,0.0,1.921969054780905,-0.050000000000000044,1,-3.333333333333332
mvad_Two9__008.000,mvad_Two9,8.0,10.0,Azimuth,9.61265024904952,4,0,17.926438971905394,-0.010348210371771582,19.33487247127174,-0.08972863097525008,23.77931691571618,-0.34022101809009686,0.0,0.0,0.0,0.0,19.03755008301651,-0.07297130715048361,22.668205804605076,-0.2775979213113855,15.445983582382851,0.12945220775024113,0.0,0.0,0.0,0.0,8.333333333333329,0.0,3,3.333333333333332
mvad_Two9__008.500,mvad_Two9,8.5,10.5,Azimuth,9.995861111493957,4,0,3.0541759260535404,0.8278642408631838,17.498620370497985,0.013763982739930847,15.276398148275765,0.13901017629735424,0.0,0.0,0.0,0.0,8.606972222605066,0.5149042709789071,6.393027777394934,0.639683922508484,5.837472221839378,0.67099547089784,0.0,0.0,0.0,0.0,9.438925926436387,0.0,3,1.658388889654578
mvad_Two9__009.000,mvad_Two9,9.0,11.0,Azimuth,10.467985259469218,4,0,26.856874148358106,-0.5136745660696806,21.30131859280255,-0.20055908217612162,13.523540815024774,0.23780259527486047,0.0,0.0,0.0,0.0,10.989328419823073,0.38063280054913484,17.100439530934185,0.03620576826622013,16.856874148358106,0.049933304938725276,0.0,0.0,0.0,0.0,-3.333333333333332,0.0,0,-5.0
mvad_Two9__009.500,mvad_Two9,9.5,11.5,Azimuth,10.93108638850241,4,0,7.1244691670531495,0.5984593100692144,13.36591768505636,0.24668635894517843,10.522971203832531,0.4069170603125185,0.0,0.0,0.0,0.0,13.921473240611911,0.21537481055582275,20.032584351723028,-0.1290522217270922,17.875530832946854,-0.007478987590229247,0.0,0.0,0.0,0.0,-7.352559629114323,0.0,0,-20.19550611033815
mvad_Two9__010.000,mvad_Two9,10.0,12.0,Azimuth,11.681737006703576,4,0,3.0505321088765864,0.8280696092673284,16.949467891123415,0.04471464871585973,5.828309886654364,0.671511867320549,0.0,0.0,0.0,0.0,1.9394209977654746,0.8906927060460402,16.393912335567858,0.07602619710521563,10.272754331098808,0.421019480205702,0.0,0.0,0.0,0.0,-4.444444444444444,0.0,2,-21.696807346740478
mvad_Two9__010.500,mvad_Two9,10.5,12.5,Azimuth,13.111105555339163,4,0,4.240742592664724,0.7609884095853567,17.9814796295575,-0.013450345159592203,14.49999444422805,0.18276890016549152,0.0,0.0,0.0,0.0,4.0925907406686095,0.769338364574305,19.49999444422805,-0.0990350353387115,24.49999444422805,-0.3808389708429145,0.0,0.0,0.0,0.0,-10.0,0.0,0,-15.0
mvad_Two9__011.000,mvad_Two9,11.0,13.0,Azimuth,14.456493239011085,4,0,5.458946698107417,0.6923294673531312,13.98549774633703,0.21176633901941277,13.98549774633703,0.21176633901941277,0.0,0.0,0.0,0.0,3.4299421907814724,0.8066857584171747,4.903391142551861,0.7236410157424871,0.6521644130036949,0.9632435003639541,0.0,0.0,0.0,0.0,13.333333333333336,0.0,3,11.087013521977836
mvad_Two9__011.500,mvad_Two9,11.5,13.5,Azimuth,14.329937274874997,4,0,3.8344653528194463,0.7838865146041936,8.496603941541663,0.5211247141706074,35.718826163763886,-1.0131411569078308,0.0,0.0,0.0,0.0,5.054423536069443,0.7151287111661122,19.607715052652775,-0.10510625361651038,20.718826163763882,-0.16772935039522197,0.0,0.0,0.0,0.0,15.000000000000004,0.0,3,10.000000000000004
mvad_Two9__012.000,mvad_Two9,12.0,14.0,Azimuth,13.076119302968852,4,0,3.8683251414755944,0.7819781502644649,15.74759532321184,0.11245313263826451,5.363515787899272,0.6977080285662118,0.0,0.0,0.0,0.0,9.080928656545174,0.4881917133105351,20.020563747413295,-0.128374731006768,10.363515787899273,0.41590409306200893,0.0,0.0,0.0,0.0,-5.000000000000001,0.0,1,-11.666666666666668
mvad_Two9__012.500,mvad_Two9,12.5,14.5,Azimuth,11.348982250708833,4,0,10.383672583097058,0.4147680402192313,17.394105194680723,0.019654540312974422,31.071204472931054,-0.7511975402655529,0.0,0.0,0.0,0.0,14.060771861347389,0.20752383064910973,17.182315584042165,0.03159116946834417,21.071204472931054,-0.18758966925714704,0.0,0.0,0.0,0.0,10.0,0.0,2,-3.3333333333333357
mvad_Two9__015.000,mvad_Two9,15.0,17.0,Azimuth,-18.78016703031157,4,0,0.982277898992745,0.9446380444610089,21.28016703031157,-0.19936696346571758,15.724611474756017,0.11374852042784112,0.0,0.0,0.0,0.0,2.093389010103857,0.882014947682297,15.16905591920046,0.14506006881719713,8.204500121214968,0.5375879153993823,0.0,0.0,0.0,0.0,7.520111353541049,0.0,2,-3.333333333333332
mvad_Two9__015.500,mvad_Two9,15.5,17.5,Azimuth,-19.043507426528528,4,0,2.1811691421761754,0.8770675903468855,14.321285204306307,0.19284109358967394,9.403391364398399,0.4700174612852589,0.0,0.0,0.0,0.0,1.62561358662062,0.9083791387362413,11.625613586620622,0.3447712677278354,12.099062982084085,0.31808728714709744,0.0,0.0,0.0,0.0,-2.6956716176856865,0.0,0,-4.753681519723726
mvad_Two9__016.000,mvad_Two9,16.0,18.0,Azimuth,-19.18075224846641,4,0,1.680752248466413,0.9052714803549253,25.014085581799748,-0.4098135519980217,15.014085581799746,0.1537943190103842,0.0,0.0,0.0,0.0,2.791863359577524,0.8426483835762136,19.449139638377694,-0.09616881845312486,11.680752248466414,0.3416636093465194,0.0,0.0,0.0,0.0,3.333333333333332,0.0,1,-1.666666666666666
mvad_Two9__016.500,mvad_Two9,16.5,18.5,Azimuth,-19.31647814618334,4,0,3.483144812850007,0.8036872167615635,28.483144812850004,-0.605332460759451,27.927589257294454,-0.5740209123700954,0.0,0.0,0.0,0.0,4.0387003684055625,0.7723756683722076,24.03870036840556,-0.354840073644604,32.92758925729445,-0.8558248478742982,0.0,0.0,0.0,0.0,-4.9999999999999964,0.0,1,-30.0
mvad_Two9__017.000,mvad_Two9,17.0,19.0,Azimuth,-19.407560989871016,4,0,1.9075609898710166,0.8924883611680109,18.413631441068116,-0.03780676140338457,27.30252032995701,-0.5387915356330788,0.0,0.0,0.0,0.0,3.0186721009821276,0.8298652643892992,9.524742552179228,0.46317801282630944,31.90756098987102,-0.7983352518572069,0.0,0.0,0.0,0.0,-4.60504065991401,0.0,2,-37.14845531307537
mvad_Two9__017.500,mvad_Two9,17.5,19.5,Azimuth,-19.14861988281187,4,0,1.6606510720484013,0.9064043984794974,26.64861988281187,-0.5019371917463873,31.648619882811875,-0.7837411272505905,0.0,0.0,0.0,0.0,2.7717621831595127,0.8437813017007856,23.870842105034097,-0.3453794497996081,36.09306432725632,-1.0342335143654378,0.0,0.0,0.0,0.0,-4.444444444444446,0.0,2,-21.666666666666664
mvad_Two9__018.000,mvad_Two9,18.0,20.0,Azimuth,-18.90955349989063,4,0,2.1365178332968764,0.8795841732604055,22.520664611001745,-0.26928238351010436,26.96510905544619,-0.5197747706249514,0.0,0.0,0.0,0.0,2.136517833296877,0.8795841732604055,23.631775722112852,-0.33190548028881595,24.18733127766841,-0.36321702867817174,0.0,0.0,0.0,0.0,2.777777777777782,0.0,2,-10.000000000000002
mvad_Two9__018.500,mvad_Two9,18.5,20.5,Azimuth,-18.780469939690683,4,0,2.093489979896894,0.8820092569452881,24.871267757674673,-0.40176422701830306,18.502692161912908,-0.04282629372996527,0.0,0.0,0.0,0.0,4.058247717468461,0.7712739643932878,10.426823313230228,0.4123360311049499,33.502692161912904,-0.8882381002425739,0.0,0.0,0.0,0.0,-14.999999999999996,0.0,0,-28.33333333333333
mvad_Two9__019.000,mvad_Two9,19.0,21.0,Azimuth,-18.77191596064669,4,0,1.535083097993341,0.9134815083318985,22.090638653548897,-0.24504578207426908,22.383027071757805,-0.261525023463693,0.0,0.0,0.0,0.0,2.9385826273133584,0.8343791701637631,10.979527542437788,0.3811851857128483,22.938582627313355,-0.29283657185304857,0.0,0.0,0.0,0.0,-0.55555555555555,0.0,2,-16.666666666666668
mvad_Two9__021.500,mvad_Two9,21.5,23.5,Separation-2,32.028717962230594,4,0,12.528717962230594,0.25607647750011353,10.176239320743532,0.3957606976139826,7.176239320743531,0.5738930950570102,2.825,2.825,0.0,0.0,12.176239320743534,0.27700576598529736,23.176239320743534,-0.3761463579724704,23.176239320743534,-0.3761463579724704,3.8,3.8,0.0,0.0,-16.000000000000004,-0.9749999999999996,0,-24.000000000000004
mvad_Two9__022.000,mvad_Two9,22.0,24.0,Separation-2,32.37963842444329,4,0,17.879638424443293,-0.06164761932018692,5.120361575556707,0.6959659055903085,7.706787191852236,0.5423905069773809,0.0,0.0,0.0,0.0,3.2932128081477643,0.8044573690648511,20.706787191852236,-0.229516548609072,12.879638424443293,0.23523970975152575,0.0,0.0,0.0,0.0,-5.172851232591057,0.0,1,-16.759276848886586
mvad_Two9__022.500,mvad_Two9,22.5,24.5,Separation-2,32.95970167416844,4,0,11.486567224722814,0.31795674728987366,4.513432775277186,0.7320037996806457,11.486567224722814,0.31795674728987366,0.0,0.0,0.0,0.0,15.486567224722814,0.08044688403250355,20.459701674168443,-0.21484523672958344,11.459701674168445,0.3195519555994992,0.0,0.0,0.0,0.0,0.026865550554369122,0.0,1,-3.0000000000000018
mvad_Two9__023.000,mvad_Two9,23.0,25.0,Separation-2,33.663667849667235,4,0,3.1636678496672346,0.8121494204084492,15.278777383444256,0.09278491822958879,5.278777383444255,0.6865595763730141,0.0,0.0,0.0,0.0,6.721222616555745,0.6009108338548753,14.163667849667235,0.15899729645068128,11.163667849667235,0.33712969389370895,0.0,0.0,0.0,0.0,-5.88489046622298,0.0,1,-19.32733569933447
mvad_Two9__023.500,mvad_Two9,23.5,25.5,Separation-2,34.117089227458536,4,0,12.127636924180488,0.27989165312571485,13.872363075819512,0.17629423570137914,7.872363075819512,0.5325590305874345,0.0,0.0,0.0,0.0,5.872363075819512,0.6513139622161195,15.872363075819512,0.05753930407269414,14.617089227458536,0.13207428409138622,0.0,0.0,0.0,0.0,-6.744726151639024,0.0,0,-20.23417845491707
mvad_Two9__024.000,mvad_Two9,24.0,26.0,Separation-2,34.3509535384305,4,0,12.0496821538565,0.28452040983569227,10.9503178461435,0.3497978764344293,17.049682153856498,-0.01236691923602029,0.0,0.0,0.0,0.0,4.8509535384305025,0.7119626721048788,18.950317846143502,-0.12522185008031106,12.850953538430502,0.2369429455901385,0.0,0.0,0.0,0.0,4.1987286154259955,0.0,1,-5.701907076861005
mvad_Two9__024.500,mvad_Two9,24.5,26.5,Separation-2,34.50067880721592,4,0,8.000226269071973,0.5249668382011737,11.00067880721592,0.3468075701899743,24.000226269071973,-0.4250726148283068,0.0,0.0,0.0,0.0,5.00067880721592,0.7030723650760295,20.000226269071973,-0.1875627515709366,18.00067880721592,-0.06883469051042357,0.0,0.0,0.0,0.0,5.999547461856054,0.0,3,2.9986423855681608
mvad_Two9__025.000,mvad_Two9,25.0,27.0,Separation-2,34.260972703383885,4,0,8.760972703383885,0.4797956428044352,12.920324234461296,0.232823889458053,15.079675765538704,0.10460706774035589,0.0,0.0,0.0,0.0,14.079675765538704,0.16398453355469844,19.920324234461294,-0.18281837124234457,12.920324234461296,0.232823889458053,0.0,0.0,0.0,0.0,2.1593515310774087,0.0,1,-6.0
mvad_Two9__025.500,mvad_Two9,25.5,27.5,Separation-2,33.87144898342154,4,0,19.371448983421537,-0.15022754978739283,20.209517005526155,-0.19998990512000359,6.209517005526155,0.6312946162807921,0.0,0.0,0.0,0.0,21.628551016578466,-0.2842485486006514,16.371448983421534,0.027904847655634946,10.790482994473846,0.3592884648753847,0.0,0.0,0.0,0.0,-4.580965988947692,0.0,0,-9.000000000000002
mvad_Two9__026.000,mvad_Two9,26.0,28.0,Separation-2,33.64129065916345,4,0,16.141290659163452,0.04157106568615554,9.858709340836548,0.41461482314093845,13.713763553054484,0.1857114734425307,0.0,0.0,0.0,0.0,12.286236446945516,0.2704744153845633,16.286236446945516,0.03296455212719318,6.286236446945516,0.6267392102706185,0.0,0.0,0.0,0.0,7.427527106108968,0.0,3,1.2825813183269048
mvad_Two9__026.500,mvad_Two9,26.5,28.5,Separation-2,33.573000128971884,4,0,16.073000128971884,0.04562598430804876,12.926999871028118,0.23242750707601756,18.073000128971884,-0.07312894732063624,10.175,10.174999999999999,0.0,0.0,15.308999957009371,0.09099037840090463,11.691000042990629,0.3058180446118468,6.691000042990628,0.6027053736835595,1.2,1.2,0.0,0.0,11.382000085981257,8.975000000000001,2,0.0
mvad_Two9__036.500,mvad_Two9,36.5,38.5,Separation-2,35.4266859596474,4,0,9.9266859596474,0.4105785437813224,20.691104680117533,-0.22858536080466174,13.308895319882467,0.2097515231170154,0.0,0.0,0.0,0.0,9.308895319882467,0.4472613863743856,11.0733140403526,0.34249467411748424,9.308895319882467,0.4472613863743856,0.0,0.0,0.0,0.0,4.0,0.0,2,-22.8533719192948
mvad_Two9__037.000,mvad_Two9,37.0,39.0,Separation-2,34.88396127939676,4,0,9.383961279396758,0.44280415992950495,12.616038720603242,0.25089159215495915,14.127987093132253,0.16111592935206698,0.0,0.0,0.0,0.0,14.872012906867747,0.11693756203199934,7.6160387206032425,0.5477789212266719,11.383961279396758,0.32404922830081984,0.0,0.0,0.0,0.0,2.7440258137354956,0.0,2,-0.7679225587935146
mvad_Two9__037.500,mvad_Two9,37.5,39.5,Separation-2,34.11086679216275,4,0,16.610866792162753,0.01368882490175849,11.870288930720918,0.2951723248097501,16.129711069279082,0.0422586323886589,0.0,0.0,0.0,0.0,11.870288930720918,0.2951723248097501,19.610866792162753,-0.16444357254126918,12.870288930720918,0.23579485899540753,0.0,0.0,0.0,0.0,3.2594221385581648,0.0,2,-8.22173358432551
mvad_Two9__038.000,mvad_Two9,38.0,40.0,Separation-2,33.44499347932958,4,0,13.944993479329582,0.17198162639987813,16.35166884022347,0.029079342432180688,13.648331159776527,0.1895966831375432,0.0,0.0,0.0,0.0,10.648331159776527,0.36772908058057086,22.944993479329582,-0.36241556592920476,18.64833115977653,-0.10729064593416959,0.0,0.0,0.0,0.0,-5.000000000000002,0.0,1,-15.889986958659165
